/*
SQLyog Ultimate v11.25 (64 bit)
MySQL - 5.7.21-log : Database - ry-vue
*********************************************************************
*/

/*!40101 SET NAMES utf8 */;

/*!40101 SET SQL_MODE=''*/;

/*!40014 SET @OLD_UNIQUE_CHECKS=@@UNIQUE_CHECKS, UNIQUE_CHECKS=0 */;
/*!40014 SET @OLD_FOREIGN_KEY_CHECKS=@@FOREIGN_KEY_CHECKS, FOREIGN_KEY_CHECKS=0 */;
/*!40101 SET @OLD_SQL_MODE=@@SQL_MODE, SQL_MODE='NO_AUTO_VALUE_ON_ZERO' */;
/*!40111 SET @OLD_SQL_NOTES=@@SQL_NOTES, SQL_NOTES=0 */;
CREATE DATABASE /*!32312 IF NOT EXISTS*/`ry-vue` /*!40100 DEFAULT CHARACTER SET utf8 */;

USE `ry-vue`;

/*Table structure for table `employee` */

DROP TABLE IF EXISTS `employee`;

CREATE TABLE `employee` (
  `id` varchar(50) NOT NULL,
  `employeeNumber` varchar(50) DEFAULT NULL,
  `employeeName` varchar(255) DEFAULT NULL,
  `sex` varchar(255) DEFAULT NULL,
  `birthday` varchar(255) DEFAULT NULL,
  `departmentID` varchar(50) DEFAULT NULL,
  `employeePositionID` varchar(255) DEFAULT NULL,
  `employeeType` varchar(255) DEFAULT NULL,
  `phone` varchar(255) DEFAULT NULL,
  `address` varchar(255) DEFAULT NULL,
  `password` varchar(255) DEFAULT NULL,
  `entryDate` datetime DEFAULT NULL,
  `IDNumber` varchar(80) DEFAULT NULL,
  `education` varchar(255) DEFAULT NULL,
  `marriage` varchar(255) DEFAULT NULL,
  `workStatus` varchar(255) DEFAULT '0',
  PRIMARY KEY (`id`) USING BTREE
) ENGINE=InnoDB DEFAULT CHARSET=utf8 ROW_FORMAT=DYNAMIC;

/*Data for the table `employee` */

/*Table structure for table `gen_table` */

DROP TABLE IF EXISTS `gen_table`;

CREATE TABLE `gen_table` (
  `table_id` bigint(20) NOT NULL AUTO_INCREMENT COMMENT '编号',
  `table_name` varchar(200) DEFAULT '' COMMENT '表名称',
  `table_comment` varchar(500) DEFAULT '' COMMENT '表描述',
  `sub_table_name` varchar(64) DEFAULT NULL COMMENT '关联子表的表名',
  `sub_table_fk_name` varchar(64) DEFAULT NULL COMMENT '子表关联的外键名',
  `class_name` varchar(100) DEFAULT '' COMMENT '实体类名称',
  `tpl_category` varchar(200) DEFAULT 'crud' COMMENT '使用的模板（crud单表操作 tree树表操作）',
  `tpl_web_type` varchar(30) DEFAULT '' COMMENT '前端模板类型（element-ui模版 element-plus模版）',
  `package_name` varchar(100) DEFAULT NULL COMMENT '生成包路径',
  `module_name` varchar(30) DEFAULT NULL COMMENT '生成模块名',
  `business_name` varchar(30) DEFAULT NULL COMMENT '生成业务名',
  `function_name` varchar(50) DEFAULT NULL COMMENT '生成功能名',
  `function_author` varchar(50) DEFAULT NULL COMMENT '生成功能作者',
  `gen_type` char(1) DEFAULT '0' COMMENT '生成代码方式（0zip压缩包 1自定义路径）',
  `gen_path` varchar(200) DEFAULT '/' COMMENT '生成路径（不填默认项目路径）',
  `options` text COMMENT '其它生成选项',
  `create_by` varchar(64) DEFAULT '' COMMENT '创建者',
  `create_time` datetime DEFAULT NULL COMMENT '创建时间',
  `update_by` varchar(64) DEFAULT '' COMMENT '更新者',
  `update_time` datetime DEFAULT NULL COMMENT '更新时间',
  `remark` varchar(500) DEFAULT NULL COMMENT '备注',
  PRIMARY KEY (`table_id`)
) ENGINE=InnoDB AUTO_INCREMENT=6 DEFAULT CHARSET=utf8 COMMENT='代码生成业务表';

/*Data for the table `gen_table` */

insert  into `gen_table`(`table_id`,`table_name`,`table_comment`,`sub_table_name`,`sub_table_fk_name`,`class_name`,`tpl_category`,`tpl_web_type`,`package_name`,`module_name`,`business_name`,`function_name`,`function_author`,`gen_type`,`gen_path`,`options`,`create_by`,`create_time`,`update_by`,`update_time`,`remark`) values (2,'gongzuorizhi','工作日志',NULL,NULL,'Gongzuorizhi','crud','element-plus','com.ruoyi.project.system','system','gongzuorizhi','工作日志','ruoyi','0','/','{\"parentMenuId\":\"\"}','admin','2024-06-16 20:31:29','','2024-06-16 20:31:59',NULL);
insert  into `gen_table`(`table_id`,`table_name`,`table_comment`,`sub_table_name`,`sub_table_fk_name`,`class_name`,`tpl_category`,`tpl_web_type`,`package_name`,`module_name`,`business_name`,`function_name`,`function_author`,`gen_type`,`gen_path`,`options`,`create_by`,`create_time`,`update_by`,`update_time`,`remark`) values (3,'employee','',NULL,NULL,'Employee','crud','','com.ruoyi.project.system','system','employee',NULL,'ruoyi','0','/',NULL,'admin','2024-08-12 14:18:37','',NULL,NULL);
insert  into `gen_table`(`table_id`,`table_name`,`table_comment`,`sub_table_name`,`sub_table_fk_name`,`class_name`,`tpl_category`,`tpl_web_type`,`package_name`,`module_name`,`business_name`,`function_name`,`function_author`,`gen_type`,`gen_path`,`options`,`create_by`,`create_time`,`update_by`,`update_time`,`remark`) values (4,'good','商品','','','Good','composite','element-plus','com.ruoyi.project.system','system','good','商品','tunma','0','/','{\"parentMenuId\":\"\",\"compositeList\":[{\"atable\":\"good\",\"atableCloumn\":\"category_id\",\"btable\":\"good_type\",\"btableCloumn\":\"id\",\"btableCloumns\":[\"type_name\"],\"asubColumns\":[{\"columnId\":41,\"tableId\":4,\"columnName\":\"id\",\"columnComment\":\"主键\",\"columnType\":\"bigint(20)\",\"javaType\":\"Long\",\"javaField\":\"id\",\"isPk\":\"1\",\"isIncrement\":\"1\",\"isRequired\":\"0\",\"isInsert\":\"1\",\"queryType\":\"EQ\",\"htmlType\":\"input\",\"dictType\":\"\",\"sort\":1,\"required\":false,\"list\":false,\"usableColumn\":false,\"pk\":true,\"insert\":true,\"superColumn\":false,\"edit\":false,\"query\":false,\"increment\":true,\"capJavaField\":\"Id\"},{\"columnId\":42,\"tableId\":4,\"columnName\":\"name\",\"columnComment\":\"商品名称\",\"columnType\":\"varchar(255)\",\"javaType\":\"String\",\"javaField\":\"name\",\"isPk\":\"0\",\"isIncrement\":\"0\",\"isRequired\":\"0\",\"isInsert\":\"1\",\"isEdit\":\"1\",\"isList\":\"1\",\"isQuery\":\"1\",\"queryType\":\"LIKE\",\"htmlType\":\"input\",\"dictType\":\"\",\"sort\":2,\"required\":false,\"list\":true,\"usableColumn\":false,\"pk\":false,\"insert\":true,\"superColumn\":false,\"edit\":true,\"query\":true,\"increment\":false,\"capJavaField\":\"Name\"},{\"columnId\":43,\"tableId\":4,\"columnName\":\"description\",\"columnComment\":\"描述\",\"columnType\":\"varchar(1600)\",\"javaType\":\"String\",\"javaField\":\"description\",\"isPk\":\"0\",\"isIncrement\":\"0\",\"isRequired\":\"0\",\"isInsert\":\"1\",\"isEdit\":\"1\",\"isList\":\"1\",\"isQuery\":\"1\",\"queryType\":\"EQ\",\"htmlType\":\"textarea\",\"dictType\":\"\",\"sort\":3,\"required\":false,\"list\":true,\"usableColumn\":false,\"pk\":false,\"insert\":true,\"superColumn\":false,\"edit\":true,\"query\":true,\"increment\":false,\"capJavaField\":\"Description\"},{\"columnId\":44,\"tableId\":4,\"columnName\":\"discount\",\"columnComment\":\"折扣\",\"columnType\":\"double(10,2)\",\"javaType\":\"BigDecimal\",\"javaField\":\"discount\",\"isPk\":\"0\",\"isIncrement\":\"0\",\"isRequired\":\"1\",\"isInsert\":\"1\",\"isEdit\":\"1\",\"isList\":\"1\",\"isQuery\":\"1\",\"queryType\":\"EQ\",\"htmlType\":\"input\",\"dictType\":\"\",\"sort\":4,\"required\":true,\"list\":true,\"usableColumn\":false,\"pk\":false,\"insert\":true,\"superColumn\":false,\"edit\":true,\"query\":true,\"increment\":false,\"capJavaField\":\"Discount\"},{\"columnId\":45,\"tableId\":4,\"columnName\":\"sales\",\"columnComment\":\"销量\",\"columnType\":\"bigint(20)\",\"javaType\":\"Long\",\"javaField\":\"sales\",\"isPk\":\"0\",\"isIncrement\":\"0\",\"isRequired\":\"1\",\"isInsert\":\"1\",\"isEdit\":\"1\",\"isList\":\"1\",\"isQuery\":\"1\",\"queryType\":\"EQ\",\"htmlType\":\"input\",\"dictType\":\"\",\"sort\":5,\"required\":true,\"list\":true,\"usableColumn\":false,\"pk\":false,\"insert\":true,\"superColumn\":false,\"edit\":true,\"query\":true,\"increment\":false,\"capJavaField\":\"Sales\"},{\"columnId\":46,\"tableId\":4,\"columnName\":\"sale_money\",\"columnComment\":\"销售额\",\"columnType\":\"double(10,2)\",\"javaType\":\"BigDecimal\",\"javaField\":\"saleMoney\",\"isPk\":\"0\",\"isIncrement\":\"0\",\"isRequired\":\"0\",\"isInsert\":\"1\",\"isEdit\":\"1\",\"isList\":\"1\",\"isQuery\":\"1\",\"queryType\":\"EQ\",\"htmlType\":\"input\",\"dictType\":\"\",\"sort\":6,\"required\":false,\"list\":true,\"usableColumn\":false,\"pk\":false,\"insert\":true,\"superColumn\":false,\"edit\":true,\"query\":true,\"increment\":false,\"capJavaField\":\"SaleMoney\"},{\"columnId\":47,\"tableId\":4,\"columnName\":\"category_id\",\"columnComment\":\"分类id\",\"columnType\":\"bigint(20)\",\"javaType\":\"Long\",\"javaField\":\"categoryId\",\"isPk\":\"0\",\"isIncrement\":\"0\",\"isRequired\":\"0\",\"isInsert\":\"1\",\"isEdit\":\"1\",\"isList\":\"1\",\"isQuery\":\"1\",\"queryType\":\"EQ\",\"htmlType\":\"select\",\"dictType\":\"\",\"sort\":7,\"required\":false,\"list\":true,\"usableColumn\":false,\"pk\":false,\"insert\":true,\"superColumn\":false,\"edit\":true,\"query\":true,\"increment\":false,\"capJavaField\":\"CategoryId\"},{\"columnId\":48,\"tableId\":4,\"columnName\":\"imgs\",\"columnComment\":\"商品图片\",\"columnType\":\"varchar(255)\",\"javaType\":\"String\",\"javaField\":\"imgs\",\"isPk\":\"0\",\"isIncrement\":\"0\",\"isRequired\":\"0\",\"isInsert\":\"1\",\"isEdit\":\"1\",\"isList\":\"1\",\"isQuery\":\"1\",\"queryType\":\"EQ\",\"htmlType\":\"imageUpload\",\"dictType\":\"\",\"sort\":8,\"required\":false,\"list\":true,\"usableColumn\":false,\"pk\":false,\"insert\":true,\"superColumn\":false,\"edit\":true,\"query\":true,\"increment\":false,\"capJavaField\":\"Imgs\"},{\"columnId\":49,\"tableId\":4,\"columnName\":\"create_time\",\"columnComment\":\"创建时间\",\"columnType\":\"datetime\",\"javaType\":\"Date\",\"javaField\":\"createTime\",\"isPk\":\"0\",\"isIncrement\":\"0\",\"isRequired\":\"0\",\"isInsert\":\"1\",\"queryType\":\"EQ\",\"htmlType\":\"datetime\",\"dictType\":\"\",\"sort\":9,\"required\":false,\"list\":false,\"usableColumn\":false,\"pk\":false,\"insert\":true,\"superColumn\":true,\"edit\":false,\"query\":false,\"increment\":false,\"capJavaField\":\"CreateTime\"},{\"columnId\":50,\"tableId\":4,\"columnName\":\"recommend\",\"columnComment\":\"是否推荐。0不推荐，1推荐\",\"columnType\":\"tinyint(1)\",\"javaType\":\"Integer\",\"javaField\":\"recommend\",\"isPk\":\"0\",\"isIncrement\":\"0\",\"isRequired\":\"1\",\"isInsert\":\"1\",\"isEdit\":\"1\",\"isList\":\"1\",\"isQuery\":\"1\",\"queryType\":\"EQ\",\"htmlType\":\"radio\",\"dictType\":\"\",\"sort\":10,\"required\":true,\"list\":true,\"usableColumn\":false,\"pk\":false,\"insert\":true,\"superColumn\":false,\"edit\":true,\"query\":true,\"increment\":false,\"capJavaField\":\"Recommend\"},{\"columnId\":52,\"tableId\":4,\"columnName\":\"info\",\"columnComment\":\"详情\",\"columnType\":\"text\",\"javaType\":\"String\",\"javaField\":\"info\",\"isPk\":\"0\",\"isIncrement\":\"0\",\"isRequired\":\"0\",\"isInsert\":\"1\",\"isEdit\":\"1\",\"isList\":\"0\",\"isQuery\":\"0\",\"queryType\":\"EQ\",\"htmlType\":\"editor\",\"dictType\":\"\",\"sort\":11,\"required\":false,\"list\":false,\"usableColumn\":false,\"pk\":false,\"insert\":true,\"superColumn\":false,\"edit\":true,\"query\":false,\"increment\":false,\"capJavaField\":\"Info\"}],\"bsubColumns\":[{\"columnId\":53,\"tableId\":5,\"columnName\":\"id\",\"columnComment\":\"主键\",\"columnType\":\"int(11)\",\"javaType\":\"Long\",\"javaField\":\"id\",\"isPk\":\"1\",\"isIncrement\":\"1\",\"isRequired\":\"0\",\"isInsert\":\"1\",\"queryType\":\"EQ\",\"htmlType\":\"input\",\"dictType\":\"\",\"sort\":1,\"required\":false,\"list\":false,\"usableColumn\":false,\"pk\":true,\"insert\":true,\"superColumn\":false,\"edit\":false,\"query\":false,\"increment\":true,\"capJavaField\":\"Id\"},{\"columnId\":54,\"tableId\":5,\"columnName\":\"p_id\",\"columnComment\":\"父级\",\"columnType\":\"int(11)\",\"javaType\":\"Long\",\"javaField\":\"pId\",\"isPk\":\"0\",\"isIncrement\":\"0\",\"isRequired\":\"0\",\"isInsert\":\"1\",\"isEdit\":\"1\",\"isList\":\"0\",\"isQuery\":\"0\",\"queryType\":\"EQ\",\"htmlType\":\"input\",\"dictType\":\"\",\"sort\":2,\"required\":false,\"list\":false,\"usableColumn\":false,\"pk\":false,\"insert\":true,\"superColumn\":false,\"edit\":true,\"query\":false,\"increment\":false,\"capJavaField\":\"PId\"},{\"columnId\":55,\"tableId\":5,\"columnName\":\"type_name\",\"columnComment\":\"商品类型\",\"columnType\":\"varchar(100)\",\"javaType\":\"String\",\"javaField\":\"typeName\",\"isPk\":\"0\",\"isIncrement\":\"0\",\"isRequired\":\"0\",\"isInsert\":\"1\",\"isEdit\":\"1\",\"isList\":\"1\",\"isQuery\":\"1\",\"queryType\":\"LIKE\",\"htmlType\":\"input\",\"dictType\":\"\",\"sort\":3,\"required\":false,\"list\":true,\"usableColumn\":false,\"pk\":false,\"insert\":true,\"superColumn\":false,\"edit\":true,\"query\":true,\"increment\":false,\"capJavaField\":\"TypeName\"},{\"columnId\":56,\"tableId\":5,\"columnName\":\"img\",\"columnComment\":\"图片\",\"columnType\":\"varchar(100)\",\"javaType\":\"String\",\"javaField\":\"img\",\"isPk\":\"0\",\"isIncrement\":\"0\",\"isRequired\":\"0\",\"isInsert\":\"1\",\"isEdit\":\"1\",\"isList\":\"1\",\"isQuery\":\"0\",\"queryType\":\"EQ\",\"htmlType\":\"imageUpload\",\"dictType\":\"\",\"sort\":4,\"required\":false,\"list\":true,\"usableColumn\":false,\"pk\":false,\"insert\":true,\"superColumn\":false,\"edit\":true,\"query\":false,\"increment\":false,\"capJavaField\":\"Img\"},{\"columnId\":57,\"tableId\":5,\"columnName\":\"order_num\",\"columnComment\":\"排序\",\"columnType\":\"int(4)\",\"javaType\":\"Integer\",\"javaField\":\"orderNum\",\"isPk\":\"0\",\"isIncrement\":\"0\",\"isRequired\":\"0\",\"isInsert\":\"1\",\"isEdit\":\"1\",\"isList\":\"1\",\"isQuery\":\"1\",\"queryType\":\"EQ\",\"htmlType\":\"input\",\"dictType\":\"\",\"sort\":5,\"required\":false,\"list\":true,\"usableColumn\":true,\"pk\":false,\"insert\":true,\"superColumn\":true,\"edit\":true,\"query\":true,\"increment\":false,\"capJavaField\":\"OrderNum\"}]}]}','admin','2024-08-23 17:14:29','','2024-08-25 21:22:07',NULL);
insert  into `gen_table`(`table_id`,`table_name`,`table_comment`,`sub_table_name`,`sub_table_fk_name`,`class_name`,`tpl_category`,`tpl_web_type`,`package_name`,`module_name`,`business_name`,`function_name`,`function_author`,`gen_type`,`gen_path`,`options`,`create_by`,`create_time`,`update_by`,`update_time`,`remark`) values (5,'good_type','商品类型','','','GoodType','tree','element-plus','com.ruoyi.project.system','system','type','商品类型','ruoyi','0','/','{\"treeCode\":\"id\",\"treeName\":\"type_name\",\"treeParentCode\":\"p_id\",\"parentMenuId\":\"\"}','admin','2024-08-23 18:35:35','','2024-08-24 15:26:38',NULL);

/*Table structure for table `gen_table_column` */

DROP TABLE IF EXISTS `gen_table_column`;

CREATE TABLE `gen_table_column` (
  `column_id` bigint(20) NOT NULL AUTO_INCREMENT COMMENT '编号',
  `table_id` bigint(20) DEFAULT NULL COMMENT '归属表编号',
  `column_name` varchar(200) DEFAULT NULL COMMENT '列名称',
  `column_comment` varchar(500) DEFAULT NULL COMMENT '列描述',
  `column_type` varchar(100) DEFAULT NULL COMMENT '列类型',
  `java_type` varchar(500) DEFAULT NULL COMMENT 'JAVA类型',
  `java_field` varchar(200) DEFAULT NULL COMMENT 'JAVA字段名',
  `is_pk` char(1) DEFAULT NULL COMMENT '是否主键（1是）',
  `is_increment` char(1) DEFAULT NULL COMMENT '是否自增（1是）',
  `is_required` char(1) DEFAULT NULL COMMENT '是否必填（1是）',
  `is_insert` char(1) DEFAULT NULL COMMENT '是否为插入字段（1是）',
  `is_edit` char(1) DEFAULT NULL COMMENT '是否编辑字段（1是）',
  `is_list` char(1) DEFAULT NULL COMMENT '是否列表字段（1是）',
  `is_query` char(1) DEFAULT NULL COMMENT '是否查询字段（1是）',
  `query_type` varchar(200) DEFAULT 'EQ' COMMENT '查询方式（等于、不等于、大于、小于、范围）',
  `html_type` varchar(200) DEFAULT NULL COMMENT '显示类型（文本框、文本域、下拉框、复选框、单选框、日期控件）',
  `dict_type` varchar(200) DEFAULT '' COMMENT '字典类型',
  `sort` int(11) DEFAULT NULL COMMENT '排序',
  `create_by` varchar(64) DEFAULT '' COMMENT '创建者',
  `create_time` datetime DEFAULT NULL COMMENT '创建时间',
  `update_by` varchar(64) DEFAULT '' COMMENT '更新者',
  `update_time` datetime DEFAULT NULL COMMENT '更新时间',
  PRIMARY KEY (`column_id`)
) ENGINE=InnoDB AUTO_INCREMENT=58 DEFAULT CHARSET=utf8 COMMENT='代码生成业务表字段';

/*Data for the table `gen_table_column` */

insert  into `gen_table_column`(`column_id`,`table_id`,`column_name`,`column_comment`,`column_type`,`java_type`,`java_field`,`is_pk`,`is_increment`,`is_required`,`is_insert`,`is_edit`,`is_list`,`is_query`,`query_type`,`html_type`,`dict_type`,`sort`,`create_by`,`create_time`,`update_by`,`update_time`) values (17,2,'id','主键','bigint(20)','Long','id','1','1','0','1',NULL,NULL,NULL,'EQ','input','',1,'admin','2024-06-16 20:31:29','','2024-06-16 20:31:59');
insert  into `gen_table_column`(`column_id`,`table_id`,`column_name`,`column_comment`,`column_type`,`java_type`,`java_field`,`is_pk`,`is_increment`,`is_required`,`is_insert`,`is_edit`,`is_list`,`is_query`,`query_type`,`html_type`,`dict_type`,`sort`,`create_by`,`create_time`,`update_by`,`update_time`) values (18,2,'addtime','创建时间','timestamp','Date','addtime','0','0','1','1','1','1','1','EQ','datetime','',2,'admin','2024-06-16 20:31:29','','2024-06-16 20:31:59');
insert  into `gen_table_column`(`column_id`,`table_id`,`column_name`,`column_comment`,`column_type`,`java_type`,`java_field`,`is_pk`,`is_increment`,`is_required`,`is_insert`,`is_edit`,`is_list`,`is_query`,`query_type`,`html_type`,`dict_type`,`sort`,`create_by`,`create_time`,`update_by`,`update_time`) values (19,2,'biaoti','标题','varchar(30)','String','biaoti','0','0','1','1','1','1','1','EQ','input','',3,'admin','2024-06-16 20:31:29','','2024-06-16 20:31:59');
insert  into `gen_table_column`(`column_id`,`table_id`,`column_name`,`column_comment`,`column_type`,`java_type`,`java_field`,`is_pk`,`is_increment`,`is_required`,`is_insert`,`is_edit`,`is_list`,`is_query`,`query_type`,`html_type`,`dict_type`,`sort`,`create_by`,`create_time`,`update_by`,`update_time`) values (20,2,'leixing','类型','varchar(30)','String','leixing','0','0','1','1','1','1','1','EQ','input','',4,'admin','2024-06-16 20:31:29','','2024-06-16 20:31:59');
insert  into `gen_table_column`(`column_id`,`table_id`,`column_name`,`column_comment`,`column_type`,`java_type`,`java_field`,`is_pk`,`is_increment`,`is_required`,`is_insert`,`is_edit`,`is_list`,`is_query`,`query_type`,`html_type`,`dict_type`,`sort`,`create_by`,`create_time`,`update_by`,`update_time`) values (21,2,'gongzuoneirong','工作内容','longtext','String','gongzuoneirong','0','0','0','1','1','1','1','EQ','textarea','',5,'admin','2024-06-16 20:31:29','','2024-06-16 20:31:59');
insert  into `gen_table_column`(`column_id`,`table_id`,`column_name`,`column_comment`,`column_type`,`java_type`,`java_field`,`is_pk`,`is_increment`,`is_required`,`is_insert`,`is_edit`,`is_list`,`is_query`,`query_type`,`html_type`,`dict_type`,`sort`,`create_by`,`create_time`,`update_by`,`update_time`) values (22,2,'riqi','日期','date','Date','riqi','0','0','0','1','1','1','1','EQ','datetime','',6,'admin','2024-06-16 20:31:29','','2024-06-16 20:31:59');
insert  into `gen_table_column`(`column_id`,`table_id`,`column_name`,`column_comment`,`column_type`,`java_type`,`java_field`,`is_pk`,`is_increment`,`is_required`,`is_insert`,`is_edit`,`is_list`,`is_query`,`query_type`,`html_type`,`dict_type`,`sort`,`create_by`,`create_time`,`update_by`,`update_time`) values (23,2,'gonghao','工号','varchar(30)','String','gonghao','0','0','0','1','1','1','1','EQ','input','',7,'admin','2024-06-16 20:31:29','','2024-06-16 20:31:59');
insert  into `gen_table_column`(`column_id`,`table_id`,`column_name`,`column_comment`,`column_type`,`java_type`,`java_field`,`is_pk`,`is_increment`,`is_required`,`is_insert`,`is_edit`,`is_list`,`is_query`,`query_type`,`html_type`,`dict_type`,`sort`,`create_by`,`create_time`,`update_by`,`update_time`) values (24,2,'jiaoshixingming','教师姓名','varchar(30)','String','jiaoshixingming','0','0','0','1','1','1','1','EQ','input','',8,'admin','2024-06-16 20:31:29','','2024-06-16 20:31:59');
insert  into `gen_table_column`(`column_id`,`table_id`,`column_name`,`column_comment`,`column_type`,`java_type`,`java_field`,`is_pk`,`is_increment`,`is_required`,`is_insert`,`is_edit`,`is_list`,`is_query`,`query_type`,`html_type`,`dict_type`,`sort`,`create_by`,`create_time`,`update_by`,`update_time`) values (25,3,'id',NULL,'varchar(50)','String','id','1','0','0','1',NULL,NULL,NULL,'EQ','input','',1,'admin','2024-08-12 14:18:37','',NULL);
insert  into `gen_table_column`(`column_id`,`table_id`,`column_name`,`column_comment`,`column_type`,`java_type`,`java_field`,`is_pk`,`is_increment`,`is_required`,`is_insert`,`is_edit`,`is_list`,`is_query`,`query_type`,`html_type`,`dict_type`,`sort`,`create_by`,`create_time`,`update_by`,`update_time`) values (26,3,'employeeNumber',NULL,'varchar(50)','String','employeeNumber','0','0','0','1','1','1','1','EQ','input','',2,'admin','2024-08-12 14:18:37','',NULL);
insert  into `gen_table_column`(`column_id`,`table_id`,`column_name`,`column_comment`,`column_type`,`java_type`,`java_field`,`is_pk`,`is_increment`,`is_required`,`is_insert`,`is_edit`,`is_list`,`is_query`,`query_type`,`html_type`,`dict_type`,`sort`,`create_by`,`create_time`,`update_by`,`update_time`) values (27,3,'employeeName',NULL,'varchar(255)','String','employeeName','0','0','0','1','1','1','1','LIKE','input','',3,'admin','2024-08-12 14:18:37','',NULL);
insert  into `gen_table_column`(`column_id`,`table_id`,`column_name`,`column_comment`,`column_type`,`java_type`,`java_field`,`is_pk`,`is_increment`,`is_required`,`is_insert`,`is_edit`,`is_list`,`is_query`,`query_type`,`html_type`,`dict_type`,`sort`,`create_by`,`create_time`,`update_by`,`update_time`) values (28,3,'sex',NULL,'varchar(255)','String','sex','0','0','0','1','1','1','1','EQ','select','',4,'admin','2024-08-12 14:18:37','',NULL);
insert  into `gen_table_column`(`column_id`,`table_id`,`column_name`,`column_comment`,`column_type`,`java_type`,`java_field`,`is_pk`,`is_increment`,`is_required`,`is_insert`,`is_edit`,`is_list`,`is_query`,`query_type`,`html_type`,`dict_type`,`sort`,`create_by`,`create_time`,`update_by`,`update_time`) values (29,3,'birthday',NULL,'varchar(255)','String','birthday','0','0','0','1','1','1','1','EQ','input','',5,'admin','2024-08-12 14:18:37','',NULL);
insert  into `gen_table_column`(`column_id`,`table_id`,`column_name`,`column_comment`,`column_type`,`java_type`,`java_field`,`is_pk`,`is_increment`,`is_required`,`is_insert`,`is_edit`,`is_list`,`is_query`,`query_type`,`html_type`,`dict_type`,`sort`,`create_by`,`create_time`,`update_by`,`update_time`) values (30,3,'departmentID',NULL,'varchar(50)','String','departmentID','0','0','0','1','1','1','1','EQ','input','',6,'admin','2024-08-12 14:18:37','',NULL);
insert  into `gen_table_column`(`column_id`,`table_id`,`column_name`,`column_comment`,`column_type`,`java_type`,`java_field`,`is_pk`,`is_increment`,`is_required`,`is_insert`,`is_edit`,`is_list`,`is_query`,`query_type`,`html_type`,`dict_type`,`sort`,`create_by`,`create_time`,`update_by`,`update_time`) values (31,3,'employeePositionID',NULL,'varchar(255)','String','employeePositionID','0','0','0','1','1','1','1','EQ','input','',7,'admin','2024-08-12 14:18:37','',NULL);
insert  into `gen_table_column`(`column_id`,`table_id`,`column_name`,`column_comment`,`column_type`,`java_type`,`java_field`,`is_pk`,`is_increment`,`is_required`,`is_insert`,`is_edit`,`is_list`,`is_query`,`query_type`,`html_type`,`dict_type`,`sort`,`create_by`,`create_time`,`update_by`,`update_time`) values (32,3,'employeeType',NULL,'varchar(255)','String','employeeType','0','0','0','1','1','1','1','EQ','select','',8,'admin','2024-08-12 14:18:37','',NULL);
insert  into `gen_table_column`(`column_id`,`table_id`,`column_name`,`column_comment`,`column_type`,`java_type`,`java_field`,`is_pk`,`is_increment`,`is_required`,`is_insert`,`is_edit`,`is_list`,`is_query`,`query_type`,`html_type`,`dict_type`,`sort`,`create_by`,`create_time`,`update_by`,`update_time`) values (33,3,'phone',NULL,'varchar(255)','String','phone','0','0','0','1','1','1','1','EQ','input','',9,'admin','2024-08-12 14:18:37','',NULL);
insert  into `gen_table_column`(`column_id`,`table_id`,`column_name`,`column_comment`,`column_type`,`java_type`,`java_field`,`is_pk`,`is_increment`,`is_required`,`is_insert`,`is_edit`,`is_list`,`is_query`,`query_type`,`html_type`,`dict_type`,`sort`,`create_by`,`create_time`,`update_by`,`update_time`) values (34,3,'address',NULL,'varchar(255)','String','address','0','0','0','1','1','1','1','EQ','input','',10,'admin','2024-08-12 14:18:37','',NULL);
insert  into `gen_table_column`(`column_id`,`table_id`,`column_name`,`column_comment`,`column_type`,`java_type`,`java_field`,`is_pk`,`is_increment`,`is_required`,`is_insert`,`is_edit`,`is_list`,`is_query`,`query_type`,`html_type`,`dict_type`,`sort`,`create_by`,`create_time`,`update_by`,`update_time`) values (35,3,'password',NULL,'varchar(255)','String','password','0','0','0','1','1','1','1','EQ','input','',11,'admin','2024-08-12 14:18:37','',NULL);
insert  into `gen_table_column`(`column_id`,`table_id`,`column_name`,`column_comment`,`column_type`,`java_type`,`java_field`,`is_pk`,`is_increment`,`is_required`,`is_insert`,`is_edit`,`is_list`,`is_query`,`query_type`,`html_type`,`dict_type`,`sort`,`create_by`,`create_time`,`update_by`,`update_time`) values (36,3,'entryDate',NULL,'datetime','Date','entryDate','0','0','0','1','1','1','1','EQ','datetime','',12,'admin','2024-08-12 14:18:37','',NULL);
insert  into `gen_table_column`(`column_id`,`table_id`,`column_name`,`column_comment`,`column_type`,`java_type`,`java_field`,`is_pk`,`is_increment`,`is_required`,`is_insert`,`is_edit`,`is_list`,`is_query`,`query_type`,`html_type`,`dict_type`,`sort`,`create_by`,`create_time`,`update_by`,`update_time`) values (37,3,'IDNumber',NULL,'varchar(80)','String','IDNumber','0','0','0','1','1','1','1','EQ','input','',13,'admin','2024-08-12 14:18:37','',NULL);
insert  into `gen_table_column`(`column_id`,`table_id`,`column_name`,`column_comment`,`column_type`,`java_type`,`java_field`,`is_pk`,`is_increment`,`is_required`,`is_insert`,`is_edit`,`is_list`,`is_query`,`query_type`,`html_type`,`dict_type`,`sort`,`create_by`,`create_time`,`update_by`,`update_time`) values (38,3,'education',NULL,'varchar(255)','String','education','0','0','0','1','1','1','1','EQ','input','',14,'admin','2024-08-12 14:18:37','',NULL);
insert  into `gen_table_column`(`column_id`,`table_id`,`column_name`,`column_comment`,`column_type`,`java_type`,`java_field`,`is_pk`,`is_increment`,`is_required`,`is_insert`,`is_edit`,`is_list`,`is_query`,`query_type`,`html_type`,`dict_type`,`sort`,`create_by`,`create_time`,`update_by`,`update_time`) values (39,3,'marriage',NULL,'varchar(255)','String','marriage','0','0','0','1','1','1','1','EQ','input','',15,'admin','2024-08-12 14:18:37','',NULL);
insert  into `gen_table_column`(`column_id`,`table_id`,`column_name`,`column_comment`,`column_type`,`java_type`,`java_field`,`is_pk`,`is_increment`,`is_required`,`is_insert`,`is_edit`,`is_list`,`is_query`,`query_type`,`html_type`,`dict_type`,`sort`,`create_by`,`create_time`,`update_by`,`update_time`) values (40,3,'workStatus',NULL,'varchar(255)','String','workStatus','0','0','0','1','1','1','1','EQ','radio','',16,'admin','2024-08-12 14:18:37','',NULL);
insert  into `gen_table_column`(`column_id`,`table_id`,`column_name`,`column_comment`,`column_type`,`java_type`,`java_field`,`is_pk`,`is_increment`,`is_required`,`is_insert`,`is_edit`,`is_list`,`is_query`,`query_type`,`html_type`,`dict_type`,`sort`,`create_by`,`create_time`,`update_by`,`update_time`) values (41,4,'id','主键','bigint(20)','Long','id','1','1','0','1',NULL,NULL,NULL,'EQ','input','',1,'admin','2024-08-23 17:14:29','','2024-08-25 21:22:07');
insert  into `gen_table_column`(`column_id`,`table_id`,`column_name`,`column_comment`,`column_type`,`java_type`,`java_field`,`is_pk`,`is_increment`,`is_required`,`is_insert`,`is_edit`,`is_list`,`is_query`,`query_type`,`html_type`,`dict_type`,`sort`,`create_by`,`create_time`,`update_by`,`update_time`) values (42,4,'name','商品名称','varchar(255)','String','name','0','0','0','1','1','1','1','LIKE','input','',2,'admin','2024-08-23 17:14:29','','2024-08-25 21:22:07');
insert  into `gen_table_column`(`column_id`,`table_id`,`column_name`,`column_comment`,`column_type`,`java_type`,`java_field`,`is_pk`,`is_increment`,`is_required`,`is_insert`,`is_edit`,`is_list`,`is_query`,`query_type`,`html_type`,`dict_type`,`sort`,`create_by`,`create_time`,`update_by`,`update_time`) values (43,4,'description','描述','varchar(1600)','String','description','0','0','0','1','1','1','1','EQ','textarea','',3,'admin','2024-08-23 17:14:29','','2024-08-25 21:22:07');
insert  into `gen_table_column`(`column_id`,`table_id`,`column_name`,`column_comment`,`column_type`,`java_type`,`java_field`,`is_pk`,`is_increment`,`is_required`,`is_insert`,`is_edit`,`is_list`,`is_query`,`query_type`,`html_type`,`dict_type`,`sort`,`create_by`,`create_time`,`update_by`,`update_time`) values (44,4,'discount','折扣','double(10,2)','BigDecimal','discount','0','0','1','1','1','1','1','EQ','input','',4,'admin','2024-08-23 17:14:29','','2024-08-25 21:22:07');
insert  into `gen_table_column`(`column_id`,`table_id`,`column_name`,`column_comment`,`column_type`,`java_type`,`java_field`,`is_pk`,`is_increment`,`is_required`,`is_insert`,`is_edit`,`is_list`,`is_query`,`query_type`,`html_type`,`dict_type`,`sort`,`create_by`,`create_time`,`update_by`,`update_time`) values (45,4,'sales','销量','bigint(20)','Long','sales','0','0','1','1','1','1','1','EQ','input','',5,'admin','2024-08-23 17:14:29','','2024-08-25 21:22:07');
insert  into `gen_table_column`(`column_id`,`table_id`,`column_name`,`column_comment`,`column_type`,`java_type`,`java_field`,`is_pk`,`is_increment`,`is_required`,`is_insert`,`is_edit`,`is_list`,`is_query`,`query_type`,`html_type`,`dict_type`,`sort`,`create_by`,`create_time`,`update_by`,`update_time`) values (46,4,'sale_money','销售额','double(10,2)','BigDecimal','saleMoney','0','0','0','1','1','1','1','EQ','input','',6,'admin','2024-08-23 17:14:29','','2024-08-25 21:22:07');
insert  into `gen_table_column`(`column_id`,`table_id`,`column_name`,`column_comment`,`column_type`,`java_type`,`java_field`,`is_pk`,`is_increment`,`is_required`,`is_insert`,`is_edit`,`is_list`,`is_query`,`query_type`,`html_type`,`dict_type`,`sort`,`create_by`,`create_time`,`update_by`,`update_time`) values (47,4,'category_id','分类id','bigint(20)','Long','categoryId','0','0','0','1','1','1','1','EQ','select','',7,'admin','2024-08-23 17:14:29','','2024-08-25 21:22:07');
insert  into `gen_table_column`(`column_id`,`table_id`,`column_name`,`column_comment`,`column_type`,`java_type`,`java_field`,`is_pk`,`is_increment`,`is_required`,`is_insert`,`is_edit`,`is_list`,`is_query`,`query_type`,`html_type`,`dict_type`,`sort`,`create_by`,`create_time`,`update_by`,`update_time`) values (48,4,'imgs','商品图片','varchar(255)','String','imgs','0','0','0','1','1','1','1','EQ','imageUpload','',8,'admin','2024-08-23 17:14:29','','2024-08-25 21:22:07');
insert  into `gen_table_column`(`column_id`,`table_id`,`column_name`,`column_comment`,`column_type`,`java_type`,`java_field`,`is_pk`,`is_increment`,`is_required`,`is_insert`,`is_edit`,`is_list`,`is_query`,`query_type`,`html_type`,`dict_type`,`sort`,`create_by`,`create_time`,`update_by`,`update_time`) values (49,4,'create_time','创建时间','datetime','Date','createTime','0','0','0','1',NULL,NULL,NULL,'EQ','datetime','',9,'admin','2024-08-23 17:14:29','','2024-08-25 21:22:07');
insert  into `gen_table_column`(`column_id`,`table_id`,`column_name`,`column_comment`,`column_type`,`java_type`,`java_field`,`is_pk`,`is_increment`,`is_required`,`is_insert`,`is_edit`,`is_list`,`is_query`,`query_type`,`html_type`,`dict_type`,`sort`,`create_by`,`create_time`,`update_by`,`update_time`) values (50,4,'recommend','是否推荐。0不推荐，1推荐','tinyint(1)','Integer','recommend','0','0','1','1','1','1','1','EQ','radio','',10,'admin','2024-08-23 17:14:29','','2024-08-25 21:22:07');
insert  into `gen_table_column`(`column_id`,`table_id`,`column_name`,`column_comment`,`column_type`,`java_type`,`java_field`,`is_pk`,`is_increment`,`is_required`,`is_insert`,`is_edit`,`is_list`,`is_query`,`query_type`,`html_type`,`dict_type`,`sort`,`create_by`,`create_time`,`update_by`,`update_time`) values (52,4,'info','详情','text','String','info','0','0','0','1','1','0','0','EQ','editor','',11,'','2024-08-23 17:49:24','','2024-08-25 21:22:07');
insert  into `gen_table_column`(`column_id`,`table_id`,`column_name`,`column_comment`,`column_type`,`java_type`,`java_field`,`is_pk`,`is_increment`,`is_required`,`is_insert`,`is_edit`,`is_list`,`is_query`,`query_type`,`html_type`,`dict_type`,`sort`,`create_by`,`create_time`,`update_by`,`update_time`) values (53,5,'id','主键','int(11)','Long','id','1','1','0','1',NULL,NULL,NULL,'EQ','input','',1,'admin','2024-08-23 18:35:35','','2024-08-24 15:26:38');
insert  into `gen_table_column`(`column_id`,`table_id`,`column_name`,`column_comment`,`column_type`,`java_type`,`java_field`,`is_pk`,`is_increment`,`is_required`,`is_insert`,`is_edit`,`is_list`,`is_query`,`query_type`,`html_type`,`dict_type`,`sort`,`create_by`,`create_time`,`update_by`,`update_time`) values (54,5,'p_id','父级','int(11)','Long','pId','0','0','0','1','1','0','0','EQ','input','',2,'admin','2024-08-23 18:35:35','','2024-08-24 15:26:38');
insert  into `gen_table_column`(`column_id`,`table_id`,`column_name`,`column_comment`,`column_type`,`java_type`,`java_field`,`is_pk`,`is_increment`,`is_required`,`is_insert`,`is_edit`,`is_list`,`is_query`,`query_type`,`html_type`,`dict_type`,`sort`,`create_by`,`create_time`,`update_by`,`update_time`) values (55,5,'type_name','商品类型','varchar(100)','String','typeName','0','0','0','1','1','1','1','LIKE','input','',3,'admin','2024-08-23 18:35:35','','2024-08-24 15:26:38');
insert  into `gen_table_column`(`column_id`,`table_id`,`column_name`,`column_comment`,`column_type`,`java_type`,`java_field`,`is_pk`,`is_increment`,`is_required`,`is_insert`,`is_edit`,`is_list`,`is_query`,`query_type`,`html_type`,`dict_type`,`sort`,`create_by`,`create_time`,`update_by`,`update_time`) values (56,5,'img','图片','varchar(100)','String','img','0','0','0','1','1','1','0','EQ','imageUpload','',4,'admin','2024-08-23 18:35:35','','2024-08-24 15:26:38');
insert  into `gen_table_column`(`column_id`,`table_id`,`column_name`,`column_comment`,`column_type`,`java_type`,`java_field`,`is_pk`,`is_increment`,`is_required`,`is_insert`,`is_edit`,`is_list`,`is_query`,`query_type`,`html_type`,`dict_type`,`sort`,`create_by`,`create_time`,`update_by`,`update_time`) values (57,5,'order_num','排序','int(4)','Integer','orderNum','0','0','0','1','1','1','1','EQ','input','',5,'admin','2024-08-23 18:35:35','','2024-08-24 15:26:38');

/*Table structure for table `gongzuorizhi` */

DROP TABLE IF EXISTS `gongzuorizhi`;

CREATE TABLE `gongzuorizhi` (
  `id` bigint(20) NOT NULL AUTO_INCREMENT COMMENT '主键',
  `addtime` timestamp NOT NULL DEFAULT CURRENT_TIMESTAMP COMMENT '创建时间',
  `biaoti` varchar(30) NOT NULL COMMENT '标题',
  `leixing` varchar(30) NOT NULL COMMENT '类型',
  `gongzuoneirong` longtext COMMENT '工作内容',
  `riqi` date DEFAULT NULL COMMENT '日期',
  `gonghao` varchar(30) DEFAULT NULL COMMENT '工号',
  `jiaoshixingming` varchar(30) DEFAULT NULL COMMENT '教师姓名',
  PRIMARY KEY (`id`)
) ENGINE=InnoDB AUTO_INCREMENT=58 DEFAULT CHARSET=utf8 COMMENT='工作日志';

/*Data for the table `gongzuorizhi` */

insert  into `gongzuorizhi`(`id`,`addtime`,`biaoti`,`leixing`,`gongzuoneirong`,`riqi`,`gonghao`,`jiaoshixingming`) values (57,'2024-06-28 00:00:00','111','111','111','2024-05-28','111','111');

/*Table structure for table `good` */

DROP TABLE IF EXISTS `good`;

CREATE TABLE `good` (
  `id` bigint(20) NOT NULL AUTO_INCREMENT COMMENT '主键',
  `name` varchar(255) COLLATE utf8_bin DEFAULT NULL COMMENT '商品名称',
  `description` varchar(1600) COLLATE utf8_bin DEFAULT NULL COMMENT '描述',
  `discount` double(10,2) NOT NULL DEFAULT '1.00' COMMENT '折扣',
  `sales` bigint(20) NOT NULL DEFAULT '0' COMMENT '销量',
  `sale_money` double(10,2) DEFAULT '0.00' COMMENT '销售额',
  `category_id` bigint(20) DEFAULT NULL COMMENT '分类id',
  `imgs` varchar(255) COLLATE utf8_bin DEFAULT NULL COMMENT '商品图片',
  `create_time` datetime DEFAULT NULL COMMENT '创建时间',
  `recommend` tinyint(1) NOT NULL DEFAULT '0' COMMENT '是否推荐。0不推荐，1推荐',
  `info` text COLLATE utf8_bin COMMENT '详情',
  PRIMARY KEY (`id`) USING BTREE
) ENGINE=InnoDB AUTO_INCREMENT=12 DEFAULT CHARSET=utf8 COLLATE=utf8_bin ROW_FORMAT=DYNAMIC COMMENT='商品表';

/*Data for the table `good` */

insert  into `good`(`id`,`name`,`description`,`discount`,`sales`,`sale_money`,`category_id`,`imgs`,`create_time`,`recommend`,`info`) values (11,'11111','11',1.00,1,1.00,3,'/profile/upload/2024/08/23/logo_20240823173405A001.jpg,/profile/upload/2024/08/23/logo_20240823173421A002.png,/profile/upload/2024/08/23/logo_20240823173424A003.png','2024-08-23 17:34:16',0,'<p>1111<img src=\"/dev-api/profile/upload/2024/08/23/logo_20240823175348A001.jpg\">oshodhaoadsadas</p>');

/*Table structure for table `good_type` */

DROP TABLE IF EXISTS `good_type`;

CREATE TABLE `good_type` (
  `id` int(11) NOT NULL AUTO_INCREMENT,
  `p_id` int(11) DEFAULT NULL COMMENT '父级',
  `type_name` varchar(100) DEFAULT NULL COMMENT '类型名称',
  `img` varchar(100) DEFAULT NULL COMMENT '图片',
  `order_num` int(4) DEFAULT NULL COMMENT '排序',
  PRIMARY KEY (`id`)
) ENGINE=InnoDB AUTO_INCREMENT=5 DEFAULT CHARSET=utf8 COMMENT='商品类型';

/*Data for the table `good_type` */

insert  into `good_type`(`id`,`p_id`,`type_name`,`img`,`order_num`) values (3,0,'计划科','/profile/upload/2024/08/23/logo_20240823184640A002.jpg',0);
insert  into `good_type`(`id`,`p_id`,`type_name`,`img`,`order_num`) values (4,3,'000','/profile/upload/2024/08/23/logo_20240823190558A001.jpg',5);

/*Table structure for table `sys_config` */

DROP TABLE IF EXISTS `sys_config`;

CREATE TABLE `sys_config` (
  `config_id` int(5) NOT NULL AUTO_INCREMENT COMMENT '参数主键',
  `config_name` varchar(100) DEFAULT '' COMMENT '参数名称',
  `config_key` varchar(100) DEFAULT '' COMMENT '参数键名',
  `config_value` varchar(500) DEFAULT '' COMMENT '参数键值',
  `config_type` char(1) DEFAULT 'N' COMMENT '系统内置（Y是 N否）',
  `create_by` varchar(64) DEFAULT '' COMMENT '创建者',
  `create_time` datetime DEFAULT NULL COMMENT '创建时间',
  `update_by` varchar(64) DEFAULT '' COMMENT '更新者',
  `update_time` datetime DEFAULT NULL COMMENT '更新时间',
  `remark` varchar(500) DEFAULT NULL COMMENT '备注',
  PRIMARY KEY (`config_id`)
) ENGINE=InnoDB AUTO_INCREMENT=7 DEFAULT CHARSET=utf8 COMMENT='参数配置表';

/*Data for the table `sys_config` */

insert  into `sys_config`(`config_id`,`config_name`,`config_key`,`config_value`,`config_type`,`create_by`,`create_time`,`update_by`,`update_time`,`remark`) values (1,'主框架页-默认皮肤样式名称','sys.index.skinName','skin-blue','Y','admin','2024-06-16 15:22:25','',NULL,'蓝色 skin-blue、绿色 skin-green、紫色 skin-purple、红色 skin-red、黄色 skin-yellow');
insert  into `sys_config`(`config_id`,`config_name`,`config_key`,`config_value`,`config_type`,`create_by`,`create_time`,`update_by`,`update_time`,`remark`) values (2,'用户管理-账号初始密码','sys.user.initPassword','123456','Y','admin','2024-06-16 15:22:25','',NULL,'初始化密码 123456');
insert  into `sys_config`(`config_id`,`config_name`,`config_key`,`config_value`,`config_type`,`create_by`,`create_time`,`update_by`,`update_time`,`remark`) values (3,'主框架页-侧边栏主题','sys.index.sideTheme','theme-dark','Y','admin','2024-06-16 15:22:25','',NULL,'深色主题theme-dark，浅色主题theme-light');
insert  into `sys_config`(`config_id`,`config_name`,`config_key`,`config_value`,`config_type`,`create_by`,`create_time`,`update_by`,`update_time`,`remark`) values (4,'账号自助-验证码开关','sys.account.captchaEnabled','true','Y','admin','2024-06-16 15:22:25','',NULL,'是否开启验证码功能（true开启，false关闭）');
insert  into `sys_config`(`config_id`,`config_name`,`config_key`,`config_value`,`config_type`,`create_by`,`create_time`,`update_by`,`update_time`,`remark`) values (5,'账号自助-是否开启用户注册功能','sys.account.registerUser','false','Y','admin','2024-06-16 15:22:25','',NULL,'是否开启注册用户功能（true开启，false关闭）');
insert  into `sys_config`(`config_id`,`config_name`,`config_key`,`config_value`,`config_type`,`create_by`,`create_time`,`update_by`,`update_time`,`remark`) values (6,'用户登录-黑名单列表','sys.login.blackIPList','','Y','admin','2024-06-16 15:22:25','',NULL,'设置登录IP黑名单限制，多个匹配项以;分隔，支持匹配（*通配、网段）');

/*Table structure for table `sys_dept` */

DROP TABLE IF EXISTS `sys_dept`;

CREATE TABLE `sys_dept` (
  `dept_id` bigint(20) NOT NULL AUTO_INCREMENT COMMENT '部门id',
  `parent_id` bigint(20) DEFAULT '0' COMMENT '父部门id',
  `ancestors` varchar(50) DEFAULT '' COMMENT '祖级列表',
  `dept_name` varchar(30) DEFAULT '' COMMENT '部门名称',
  `order_num` int(4) DEFAULT '0' COMMENT '显示顺序',
  `leader` varchar(20) DEFAULT NULL COMMENT '负责人',
  `phone` varchar(11) DEFAULT NULL COMMENT '联系电话',
  `email` varchar(50) DEFAULT NULL COMMENT '邮箱',
  `status` char(1) DEFAULT '0' COMMENT '部门状态（0正常 1停用）',
  `del_flag` char(1) DEFAULT '0' COMMENT '删除标志（0代表存在 2代表删除）',
  `create_by` varchar(64) DEFAULT '' COMMENT '创建者',
  `create_time` datetime DEFAULT NULL COMMENT '创建时间',
  `update_by` varchar(64) DEFAULT '' COMMENT '更新者',
  `update_time` datetime DEFAULT NULL COMMENT '更新时间',
  PRIMARY KEY (`dept_id`)
) ENGINE=InnoDB AUTO_INCREMENT=110 DEFAULT CHARSET=utf8 COMMENT='部门表';

/*Data for the table `sys_dept` */

insert  into `sys_dept`(`dept_id`,`parent_id`,`ancestors`,`dept_name`,`order_num`,`leader`,`phone`,`email`,`status`,`del_flag`,`create_by`,`create_time`,`update_by`,`update_time`) values (100,0,'0','若依科技',0,'若依','15888888888','ry@qq.com','0','0','admin','2024-06-16 15:22:25','',NULL);
insert  into `sys_dept`(`dept_id`,`parent_id`,`ancestors`,`dept_name`,`order_num`,`leader`,`phone`,`email`,`status`,`del_flag`,`create_by`,`create_time`,`update_by`,`update_time`) values (101,100,'0,100','深圳总公司',1,'若依','15888888888','ry@qq.com','0','0','admin','2024-06-16 15:22:25','',NULL);
insert  into `sys_dept`(`dept_id`,`parent_id`,`ancestors`,`dept_name`,`order_num`,`leader`,`phone`,`email`,`status`,`del_flag`,`create_by`,`create_time`,`update_by`,`update_time`) values (102,100,'0,100','长沙分公司',2,'若依','15888888888','ry@qq.com','0','0','admin','2024-06-16 15:22:25','',NULL);
insert  into `sys_dept`(`dept_id`,`parent_id`,`ancestors`,`dept_name`,`order_num`,`leader`,`phone`,`email`,`status`,`del_flag`,`create_by`,`create_time`,`update_by`,`update_time`) values (103,101,'0,100,101','研发部门',1,'若依','15888888888','ry@qq.com','0','0','admin','2024-06-16 15:22:25','',NULL);
insert  into `sys_dept`(`dept_id`,`parent_id`,`ancestors`,`dept_name`,`order_num`,`leader`,`phone`,`email`,`status`,`del_flag`,`create_by`,`create_time`,`update_by`,`update_time`) values (104,101,'0,100,101','市场部门',2,'若依','15888888888','ry@qq.com','0','0','admin','2024-06-16 15:22:25','',NULL);
insert  into `sys_dept`(`dept_id`,`parent_id`,`ancestors`,`dept_name`,`order_num`,`leader`,`phone`,`email`,`status`,`del_flag`,`create_by`,`create_time`,`update_by`,`update_time`) values (105,101,'0,100,101','测试部门',3,'若依','15888888888','ry@qq.com','0','0','admin','2024-06-16 15:22:25','',NULL);
insert  into `sys_dept`(`dept_id`,`parent_id`,`ancestors`,`dept_name`,`order_num`,`leader`,`phone`,`email`,`status`,`del_flag`,`create_by`,`create_time`,`update_by`,`update_time`) values (106,101,'0,100,101','财务部门',4,'若依','15888888888','ry@qq.com','0','0','admin','2024-06-16 15:22:25','',NULL);
insert  into `sys_dept`(`dept_id`,`parent_id`,`ancestors`,`dept_name`,`order_num`,`leader`,`phone`,`email`,`status`,`del_flag`,`create_by`,`create_time`,`update_by`,`update_time`) values (107,101,'0,100,101','运维部门',5,'若依','15888888888','ry@qq.com','0','0','admin','2024-06-16 15:22:25','',NULL);
insert  into `sys_dept`(`dept_id`,`parent_id`,`ancestors`,`dept_name`,`order_num`,`leader`,`phone`,`email`,`status`,`del_flag`,`create_by`,`create_time`,`update_by`,`update_time`) values (108,102,'0,100,102','市场部门',1,'若依','15888888888','ry@qq.com','0','0','admin','2024-06-16 15:22:25','',NULL);
insert  into `sys_dept`(`dept_id`,`parent_id`,`ancestors`,`dept_name`,`order_num`,`leader`,`phone`,`email`,`status`,`del_flag`,`create_by`,`create_time`,`update_by`,`update_time`) values (109,102,'0,100,102','财务部门',2,'若依','15888888888','ry@qq.com','0','0','admin','2024-06-16 15:22:25','',NULL);

/*Table structure for table `sys_dict_data` */

DROP TABLE IF EXISTS `sys_dict_data`;

CREATE TABLE `sys_dict_data` (
  `dict_code` bigint(20) NOT NULL AUTO_INCREMENT COMMENT '字典编码',
  `dict_sort` int(4) DEFAULT '0' COMMENT '字典排序',
  `dict_label` varchar(100) DEFAULT '' COMMENT '字典标签',
  `dict_value` varchar(100) DEFAULT '' COMMENT '字典键值',
  `dict_type` varchar(100) DEFAULT '' COMMENT '字典类型',
  `css_class` varchar(100) DEFAULT NULL COMMENT '样式属性（其他样式扩展）',
  `list_class` varchar(100) DEFAULT NULL COMMENT '表格回显样式',
  `is_default` char(1) DEFAULT 'N' COMMENT '是否默认（Y是 N否）',
  `status` char(1) DEFAULT '0' COMMENT '状态（0正常 1停用）',
  `create_by` varchar(64) DEFAULT '' COMMENT '创建者',
  `create_time` datetime DEFAULT NULL COMMENT '创建时间',
  `update_by` varchar(64) DEFAULT '' COMMENT '更新者',
  `update_time` datetime DEFAULT NULL COMMENT '更新时间',
  `remark` varchar(500) DEFAULT NULL COMMENT '备注',
  PRIMARY KEY (`dict_code`)
) ENGINE=InnoDB AUTO_INCREMENT=30 DEFAULT CHARSET=utf8 COMMENT='字典数据表';

/*Data for the table `sys_dict_data` */

insert  into `sys_dict_data`(`dict_code`,`dict_sort`,`dict_label`,`dict_value`,`dict_type`,`css_class`,`list_class`,`is_default`,`status`,`create_by`,`create_time`,`update_by`,`update_time`,`remark`) values (1,1,'男','0','sys_user_sex','','','Y','0','admin','2024-06-16 15:22:25','',NULL,'性别男');
insert  into `sys_dict_data`(`dict_code`,`dict_sort`,`dict_label`,`dict_value`,`dict_type`,`css_class`,`list_class`,`is_default`,`status`,`create_by`,`create_time`,`update_by`,`update_time`,`remark`) values (2,2,'女','1','sys_user_sex','','','N','0','admin','2024-06-16 15:22:25','',NULL,'性别女');
insert  into `sys_dict_data`(`dict_code`,`dict_sort`,`dict_label`,`dict_value`,`dict_type`,`css_class`,`list_class`,`is_default`,`status`,`create_by`,`create_time`,`update_by`,`update_time`,`remark`) values (3,3,'未知','2','sys_user_sex','','','N','0','admin','2024-06-16 15:22:25','',NULL,'性别未知');
insert  into `sys_dict_data`(`dict_code`,`dict_sort`,`dict_label`,`dict_value`,`dict_type`,`css_class`,`list_class`,`is_default`,`status`,`create_by`,`create_time`,`update_by`,`update_time`,`remark`) values (4,1,'显示','0','sys_show_hide','','primary','Y','0','admin','2024-06-16 15:22:25','',NULL,'显示菜单');
insert  into `sys_dict_data`(`dict_code`,`dict_sort`,`dict_label`,`dict_value`,`dict_type`,`css_class`,`list_class`,`is_default`,`status`,`create_by`,`create_time`,`update_by`,`update_time`,`remark`) values (5,2,'隐藏','1','sys_show_hide','','danger','N','0','admin','2024-06-16 15:22:25','',NULL,'隐藏菜单');
insert  into `sys_dict_data`(`dict_code`,`dict_sort`,`dict_label`,`dict_value`,`dict_type`,`css_class`,`list_class`,`is_default`,`status`,`create_by`,`create_time`,`update_by`,`update_time`,`remark`) values (6,1,'正常','0','sys_normal_disable','','primary','Y','0','admin','2024-06-16 15:22:25','',NULL,'正常状态');
insert  into `sys_dict_data`(`dict_code`,`dict_sort`,`dict_label`,`dict_value`,`dict_type`,`css_class`,`list_class`,`is_default`,`status`,`create_by`,`create_time`,`update_by`,`update_time`,`remark`) values (7,2,'停用','1','sys_normal_disable','','danger','N','0','admin','2024-06-16 15:22:25','',NULL,'停用状态');
insert  into `sys_dict_data`(`dict_code`,`dict_sort`,`dict_label`,`dict_value`,`dict_type`,`css_class`,`list_class`,`is_default`,`status`,`create_by`,`create_time`,`update_by`,`update_time`,`remark`) values (8,1,'正常','0','sys_job_status','','primary','Y','0','admin','2024-06-16 15:22:25','',NULL,'正常状态');
insert  into `sys_dict_data`(`dict_code`,`dict_sort`,`dict_label`,`dict_value`,`dict_type`,`css_class`,`list_class`,`is_default`,`status`,`create_by`,`create_time`,`update_by`,`update_time`,`remark`) values (9,2,'暂停','1','sys_job_status','','danger','N','0','admin','2024-06-16 15:22:25','',NULL,'停用状态');
insert  into `sys_dict_data`(`dict_code`,`dict_sort`,`dict_label`,`dict_value`,`dict_type`,`css_class`,`list_class`,`is_default`,`status`,`create_by`,`create_time`,`update_by`,`update_time`,`remark`) values (10,1,'默认','DEFAULT','sys_job_group','','','Y','0','admin','2024-06-16 15:22:25','',NULL,'默认分组');
insert  into `sys_dict_data`(`dict_code`,`dict_sort`,`dict_label`,`dict_value`,`dict_type`,`css_class`,`list_class`,`is_default`,`status`,`create_by`,`create_time`,`update_by`,`update_time`,`remark`) values (11,2,'系统','SYSTEM','sys_job_group','','','N','0','admin','2024-06-16 15:22:25','',NULL,'系统分组');
insert  into `sys_dict_data`(`dict_code`,`dict_sort`,`dict_label`,`dict_value`,`dict_type`,`css_class`,`list_class`,`is_default`,`status`,`create_by`,`create_time`,`update_by`,`update_time`,`remark`) values (12,1,'是','Y','sys_yes_no','','primary','Y','0','admin','2024-06-16 15:22:25','',NULL,'系统默认是');
insert  into `sys_dict_data`(`dict_code`,`dict_sort`,`dict_label`,`dict_value`,`dict_type`,`css_class`,`list_class`,`is_default`,`status`,`create_by`,`create_time`,`update_by`,`update_time`,`remark`) values (13,2,'否','N','sys_yes_no','','danger','N','0','admin','2024-06-16 15:22:25','',NULL,'系统默认否');
insert  into `sys_dict_data`(`dict_code`,`dict_sort`,`dict_label`,`dict_value`,`dict_type`,`css_class`,`list_class`,`is_default`,`status`,`create_by`,`create_time`,`update_by`,`update_time`,`remark`) values (14,1,'通知','1','sys_notice_type','','warning','Y','0','admin','2024-06-16 15:22:25','',NULL,'通知');
insert  into `sys_dict_data`(`dict_code`,`dict_sort`,`dict_label`,`dict_value`,`dict_type`,`css_class`,`list_class`,`is_default`,`status`,`create_by`,`create_time`,`update_by`,`update_time`,`remark`) values (15,2,'公告','2','sys_notice_type','','success','N','0','admin','2024-06-16 15:22:25','',NULL,'公告');
insert  into `sys_dict_data`(`dict_code`,`dict_sort`,`dict_label`,`dict_value`,`dict_type`,`css_class`,`list_class`,`is_default`,`status`,`create_by`,`create_time`,`update_by`,`update_time`,`remark`) values (16,1,'正常','0','sys_notice_status','','primary','Y','0','admin','2024-06-16 15:22:25','',NULL,'正常状态');
insert  into `sys_dict_data`(`dict_code`,`dict_sort`,`dict_label`,`dict_value`,`dict_type`,`css_class`,`list_class`,`is_default`,`status`,`create_by`,`create_time`,`update_by`,`update_time`,`remark`) values (17,2,'关闭','1','sys_notice_status','','danger','N','0','admin','2024-06-16 15:22:25','',NULL,'关闭状态');
insert  into `sys_dict_data`(`dict_code`,`dict_sort`,`dict_label`,`dict_value`,`dict_type`,`css_class`,`list_class`,`is_default`,`status`,`create_by`,`create_time`,`update_by`,`update_time`,`remark`) values (18,99,'其他','0','sys_oper_type','','info','N','0','admin','2024-06-16 15:22:25','',NULL,'其他操作');
insert  into `sys_dict_data`(`dict_code`,`dict_sort`,`dict_label`,`dict_value`,`dict_type`,`css_class`,`list_class`,`is_default`,`status`,`create_by`,`create_time`,`update_by`,`update_time`,`remark`) values (19,1,'新增','1','sys_oper_type','','info','N','0','admin','2024-06-16 15:22:25','',NULL,'新增操作');
insert  into `sys_dict_data`(`dict_code`,`dict_sort`,`dict_label`,`dict_value`,`dict_type`,`css_class`,`list_class`,`is_default`,`status`,`create_by`,`create_time`,`update_by`,`update_time`,`remark`) values (20,2,'修改','2','sys_oper_type','','info','N','0','admin','2024-06-16 15:22:25','',NULL,'修改操作');
insert  into `sys_dict_data`(`dict_code`,`dict_sort`,`dict_label`,`dict_value`,`dict_type`,`css_class`,`list_class`,`is_default`,`status`,`create_by`,`create_time`,`update_by`,`update_time`,`remark`) values (21,3,'删除','3','sys_oper_type','','danger','N','0','admin','2024-06-16 15:22:25','',NULL,'删除操作');
insert  into `sys_dict_data`(`dict_code`,`dict_sort`,`dict_label`,`dict_value`,`dict_type`,`css_class`,`list_class`,`is_default`,`status`,`create_by`,`create_time`,`update_by`,`update_time`,`remark`) values (22,4,'授权','4','sys_oper_type','','primary','N','0','admin','2024-06-16 15:22:25','',NULL,'授权操作');
insert  into `sys_dict_data`(`dict_code`,`dict_sort`,`dict_label`,`dict_value`,`dict_type`,`css_class`,`list_class`,`is_default`,`status`,`create_by`,`create_time`,`update_by`,`update_time`,`remark`) values (23,5,'导出','5','sys_oper_type','','warning','N','0','admin','2024-06-16 15:22:25','',NULL,'导出操作');
insert  into `sys_dict_data`(`dict_code`,`dict_sort`,`dict_label`,`dict_value`,`dict_type`,`css_class`,`list_class`,`is_default`,`status`,`create_by`,`create_time`,`update_by`,`update_time`,`remark`) values (24,6,'导入','6','sys_oper_type','','warning','N','0','admin','2024-06-16 15:22:25','',NULL,'导入操作');
insert  into `sys_dict_data`(`dict_code`,`dict_sort`,`dict_label`,`dict_value`,`dict_type`,`css_class`,`list_class`,`is_default`,`status`,`create_by`,`create_time`,`update_by`,`update_time`,`remark`) values (25,7,'强退','7','sys_oper_type','','danger','N','0','admin','2024-06-16 15:22:25','',NULL,'强退操作');
insert  into `sys_dict_data`(`dict_code`,`dict_sort`,`dict_label`,`dict_value`,`dict_type`,`css_class`,`list_class`,`is_default`,`status`,`create_by`,`create_time`,`update_by`,`update_time`,`remark`) values (26,8,'生成代码','8','sys_oper_type','','warning','N','0','admin','2024-06-16 15:22:25','',NULL,'生成操作');
insert  into `sys_dict_data`(`dict_code`,`dict_sort`,`dict_label`,`dict_value`,`dict_type`,`css_class`,`list_class`,`is_default`,`status`,`create_by`,`create_time`,`update_by`,`update_time`,`remark`) values (27,9,'清空数据','9','sys_oper_type','','danger','N','0','admin','2024-06-16 15:22:25','',NULL,'清空操作');
insert  into `sys_dict_data`(`dict_code`,`dict_sort`,`dict_label`,`dict_value`,`dict_type`,`css_class`,`list_class`,`is_default`,`status`,`create_by`,`create_time`,`update_by`,`update_time`,`remark`) values (28,1,'成功','0','sys_common_status','','primary','N','0','admin','2024-06-16 15:22:25','',NULL,'正常状态');
insert  into `sys_dict_data`(`dict_code`,`dict_sort`,`dict_label`,`dict_value`,`dict_type`,`css_class`,`list_class`,`is_default`,`status`,`create_by`,`create_time`,`update_by`,`update_time`,`remark`) values (29,2,'失败','1','sys_common_status','','danger','N','0','admin','2024-06-16 15:22:25','',NULL,'停用状态');

/*Table structure for table `sys_dict_type` */

DROP TABLE IF EXISTS `sys_dict_type`;

CREATE TABLE `sys_dict_type` (
  `dict_id` bigint(20) NOT NULL AUTO_INCREMENT COMMENT '字典主键',
  `dict_name` varchar(100) DEFAULT '' COMMENT '字典名称',
  `dict_type` varchar(100) DEFAULT '' COMMENT '字典类型',
  `status` char(1) DEFAULT '0' COMMENT '状态（0正常 1停用）',
  `create_by` varchar(64) DEFAULT '' COMMENT '创建者',
  `create_time` datetime DEFAULT NULL COMMENT '创建时间',
  `update_by` varchar(64) DEFAULT '' COMMENT '更新者',
  `update_time` datetime DEFAULT NULL COMMENT '更新时间',
  `remark` varchar(500) DEFAULT NULL COMMENT '备注',
  PRIMARY KEY (`dict_id`),
  UNIQUE KEY `dict_type` (`dict_type`)
) ENGINE=InnoDB AUTO_INCREMENT=11 DEFAULT CHARSET=utf8 COMMENT='字典类型表';

/*Data for the table `sys_dict_type` */

insert  into `sys_dict_type`(`dict_id`,`dict_name`,`dict_type`,`status`,`create_by`,`create_time`,`update_by`,`update_time`,`remark`) values (1,'用户性别','sys_user_sex','0','admin','2024-06-16 15:22:25','',NULL,'用户性别列表');
insert  into `sys_dict_type`(`dict_id`,`dict_name`,`dict_type`,`status`,`create_by`,`create_time`,`update_by`,`update_time`,`remark`) values (2,'菜单状态','sys_show_hide','0','admin','2024-06-16 15:22:25','',NULL,'菜单状态列表');
insert  into `sys_dict_type`(`dict_id`,`dict_name`,`dict_type`,`status`,`create_by`,`create_time`,`update_by`,`update_time`,`remark`) values (3,'系统开关','sys_normal_disable','0','admin','2024-06-16 15:22:25','',NULL,'系统开关列表');
insert  into `sys_dict_type`(`dict_id`,`dict_name`,`dict_type`,`status`,`create_by`,`create_time`,`update_by`,`update_time`,`remark`) values (4,'任务状态','sys_job_status','0','admin','2024-06-16 15:22:25','',NULL,'任务状态列表');
insert  into `sys_dict_type`(`dict_id`,`dict_name`,`dict_type`,`status`,`create_by`,`create_time`,`update_by`,`update_time`,`remark`) values (5,'任务分组','sys_job_group','0','admin','2024-06-16 15:22:25','',NULL,'任务分组列表');
insert  into `sys_dict_type`(`dict_id`,`dict_name`,`dict_type`,`status`,`create_by`,`create_time`,`update_by`,`update_time`,`remark`) values (6,'系统是否','sys_yes_no','0','admin','2024-06-16 15:22:25','',NULL,'系统是否列表');
insert  into `sys_dict_type`(`dict_id`,`dict_name`,`dict_type`,`status`,`create_by`,`create_time`,`update_by`,`update_time`,`remark`) values (7,'通知类型','sys_notice_type','0','admin','2024-06-16 15:22:25','',NULL,'通知类型列表');
insert  into `sys_dict_type`(`dict_id`,`dict_name`,`dict_type`,`status`,`create_by`,`create_time`,`update_by`,`update_time`,`remark`) values (8,'通知状态','sys_notice_status','0','admin','2024-06-16 15:22:25','',NULL,'通知状态列表');
insert  into `sys_dict_type`(`dict_id`,`dict_name`,`dict_type`,`status`,`create_by`,`create_time`,`update_by`,`update_time`,`remark`) values (9,'操作类型','sys_oper_type','0','admin','2024-06-16 15:22:25','',NULL,'操作类型列表');
insert  into `sys_dict_type`(`dict_id`,`dict_name`,`dict_type`,`status`,`create_by`,`create_time`,`update_by`,`update_time`,`remark`) values (10,'系统状态','sys_common_status','0','admin','2024-06-16 15:22:25','',NULL,'登录状态列表');

/*Table structure for table `sys_job` */

DROP TABLE IF EXISTS `sys_job`;

CREATE TABLE `sys_job` (
  `job_id` bigint(20) NOT NULL AUTO_INCREMENT COMMENT '任务ID',
  `job_name` varchar(64) NOT NULL DEFAULT '' COMMENT '任务名称',
  `job_group` varchar(64) NOT NULL DEFAULT 'DEFAULT' COMMENT '任务组名',
  `invoke_target` varchar(500) NOT NULL COMMENT '调用目标字符串',
  `cron_expression` varchar(255) DEFAULT '' COMMENT 'cron执行表达式',
  `misfire_policy` varchar(20) DEFAULT '3' COMMENT '计划执行错误策略（1立即执行 2执行一次 3放弃执行）',
  `concurrent` char(1) DEFAULT '1' COMMENT '是否并发执行（0允许 1禁止）',
  `status` char(1) DEFAULT '0' COMMENT '状态（0正常 1暂停）',
  `create_by` varchar(64) DEFAULT '' COMMENT '创建者',
  `create_time` datetime DEFAULT NULL COMMENT '创建时间',
  `update_by` varchar(64) DEFAULT '' COMMENT '更新者',
  `update_time` datetime DEFAULT NULL COMMENT '更新时间',
  `remark` varchar(500) DEFAULT '' COMMENT '备注信息',
  PRIMARY KEY (`job_id`,`job_name`,`job_group`)
) ENGINE=InnoDB AUTO_INCREMENT=4 DEFAULT CHARSET=utf8 COMMENT='定时任务调度表';

/*Data for the table `sys_job` */

insert  into `sys_job`(`job_id`,`job_name`,`job_group`,`invoke_target`,`cron_expression`,`misfire_policy`,`concurrent`,`status`,`create_by`,`create_time`,`update_by`,`update_time`,`remark`) values (1,'系统默认（无参）','DEFAULT','ryTask.ryNoParams','0/10 * * * * ?','3','1','1','admin','2024-06-16 15:22:25','',NULL,'');
insert  into `sys_job`(`job_id`,`job_name`,`job_group`,`invoke_target`,`cron_expression`,`misfire_policy`,`concurrent`,`status`,`create_by`,`create_time`,`update_by`,`update_time`,`remark`) values (2,'系统默认（有参）','DEFAULT','ryTask.ryParams(\'ry\')','0/15 * * * * ?','3','1','1','admin','2024-06-16 15:22:25','',NULL,'');
insert  into `sys_job`(`job_id`,`job_name`,`job_group`,`invoke_target`,`cron_expression`,`misfire_policy`,`concurrent`,`status`,`create_by`,`create_time`,`update_by`,`update_time`,`remark`) values (3,'系统默认（多参）','DEFAULT','ryTask.ryMultipleParams(\'ry\', true, 2000L, 316.50D, 100)','0/20 * * * * ?','3','1','1','admin','2024-06-16 15:22:25','',NULL,'');

/*Table structure for table `sys_job_log` */

DROP TABLE IF EXISTS `sys_job_log`;

CREATE TABLE `sys_job_log` (
  `job_log_id` bigint(20) NOT NULL AUTO_INCREMENT COMMENT '任务日志ID',
  `job_name` varchar(64) NOT NULL COMMENT '任务名称',
  `job_group` varchar(64) NOT NULL COMMENT '任务组名',
  `invoke_target` varchar(500) NOT NULL COMMENT '调用目标字符串',
  `job_message` varchar(500) DEFAULT NULL COMMENT '日志信息',
  `status` char(1) DEFAULT '0' COMMENT '执行状态（0正常 1失败）',
  `exception_info` varchar(2000) DEFAULT '' COMMENT '异常信息',
  `create_time` datetime DEFAULT NULL COMMENT '创建时间',
  PRIMARY KEY (`job_log_id`)
) ENGINE=InnoDB DEFAULT CHARSET=utf8 COMMENT='定时任务调度日志表';

/*Data for the table `sys_job_log` */

/*Table structure for table `sys_logininfor` */

DROP TABLE IF EXISTS `sys_logininfor`;

CREATE TABLE `sys_logininfor` (
  `info_id` bigint(20) NOT NULL AUTO_INCREMENT COMMENT '访问ID',
  `user_name` varchar(50) DEFAULT '' COMMENT '用户账号',
  `ipaddr` varchar(128) DEFAULT '' COMMENT '登录IP地址',
  `login_location` varchar(255) DEFAULT '' COMMENT '登录地点',
  `browser` varchar(50) DEFAULT '' COMMENT '浏览器类型',
  `os` varchar(50) DEFAULT '' COMMENT '操作系统',
  `status` char(1) DEFAULT '0' COMMENT '登录状态（0成功 1失败）',
  `msg` varchar(255) DEFAULT '' COMMENT '提示消息',
  `login_time` datetime DEFAULT NULL COMMENT '访问时间',
  PRIMARY KEY (`info_id`),
  KEY `idx_sys_logininfor_s` (`status`),
  KEY `idx_sys_logininfor_lt` (`login_time`)
) ENGINE=InnoDB AUTO_INCREMENT=132 DEFAULT CHARSET=utf8 COMMENT='系统访问记录';

/*Data for the table `sys_logininfor` */

insert  into `sys_logininfor`(`info_id`,`user_name`,`ipaddr`,`login_location`,`browser`,`os`,`status`,`msg`,`login_time`) values (100,'admin','127.0.0.1','内网IP','Chrome 12','Windows 10','0','登录成功','2024-06-16 20:30:11');
insert  into `sys_logininfor`(`info_id`,`user_name`,`ipaddr`,`login_location`,`browser`,`os`,`status`,`msg`,`login_time`) values (101,'admin','127.0.0.1','内网IP','Chrome 12','Windows 10','1','验证码错误','2024-06-16 21:50:55');
insert  into `sys_logininfor`(`info_id`,`user_name`,`ipaddr`,`login_location`,`browser`,`os`,`status`,`msg`,`login_time`) values (102,'admin','127.0.0.1','内网IP','Chrome 12','Windows 10','0','登录成功','2024-06-16 21:51:01');
insert  into `sys_logininfor`(`info_id`,`user_name`,`ipaddr`,`login_location`,`browser`,`os`,`status`,`msg`,`login_time`) values (103,'admin','127.0.0.1','内网IP','Chrome 12','Windows 10','0','登录成功','2024-06-18 12:03:33');
insert  into `sys_logininfor`(`info_id`,`user_name`,`ipaddr`,`login_location`,`browser`,`os`,`status`,`msg`,`login_time`) values (104,'admin','127.0.0.1','内网IP','Chrome 12','Windows 10','0','登录成功','2024-08-12 14:01:18');
insert  into `sys_logininfor`(`info_id`,`user_name`,`ipaddr`,`login_location`,`browser`,`os`,`status`,`msg`,`login_time`) values (105,'admin','127.0.0.1','内网IP','Chrome 12','Windows 10','0','登录成功','2024-08-12 18:07:44');
insert  into `sys_logininfor`(`info_id`,`user_name`,`ipaddr`,`login_location`,`browser`,`os`,`status`,`msg`,`login_time`) values (106,'admin','127.0.0.1','内网IP','Chrome 12','Windows 10','1','验证码错误','2024-08-12 19:38:56');
insert  into `sys_logininfor`(`info_id`,`user_name`,`ipaddr`,`login_location`,`browser`,`os`,`status`,`msg`,`login_time`) values (107,'admin','127.0.0.1','内网IP','Chrome 12','Windows 10','1','验证码错误','2024-08-12 19:39:02');
insert  into `sys_logininfor`(`info_id`,`user_name`,`ipaddr`,`login_location`,`browser`,`os`,`status`,`msg`,`login_time`) values (108,'admin','127.0.0.1','内网IP','Chrome 12','Windows 10','0','登录成功','2024-08-12 19:39:07');
insert  into `sys_logininfor`(`info_id`,`user_name`,`ipaddr`,`login_location`,`browser`,`os`,`status`,`msg`,`login_time`) values (109,'admin','127.0.0.1','内网IP','Chrome 12','Windows 10','0','登录成功','2024-08-23 16:33:26');
insert  into `sys_logininfor`(`info_id`,`user_name`,`ipaddr`,`login_location`,`browser`,`os`,`status`,`msg`,`login_time`) values (110,'admin','127.0.0.1','内网IP','Chrome 12','Windows 10','0','登录成功','2024-08-23 17:14:02');
insert  into `sys_logininfor`(`info_id`,`user_name`,`ipaddr`,`login_location`,`browser`,`os`,`status`,`msg`,`login_time`) values (111,'admin','127.0.0.1','内网IP','Chrome 12','Windows 10','0','登录成功','2024-08-23 20:21:28');
insert  into `sys_logininfor`(`info_id`,`user_name`,`ipaddr`,`login_location`,`browser`,`os`,`status`,`msg`,`login_time`) values (112,'admin','127.0.0.1','内网IP','Chrome 12','Windows 10','1','验证码错误','2024-08-23 21:19:49');
insert  into `sys_logininfor`(`info_id`,`user_name`,`ipaddr`,`login_location`,`browser`,`os`,`status`,`msg`,`login_time`) values (113,'admin','127.0.0.1','内网IP','Chrome 12','Windows 10','1','验证码错误','2024-08-23 21:19:57');
insert  into `sys_logininfor`(`info_id`,`user_name`,`ipaddr`,`login_location`,`browser`,`os`,`status`,`msg`,`login_time`) values (114,'admin','127.0.0.1','内网IP','Chrome 12','Windows 10','0','登录成功','2024-08-23 21:20:00');
insert  into `sys_logininfor`(`info_id`,`user_name`,`ipaddr`,`login_location`,`browser`,`os`,`status`,`msg`,`login_time`) values (115,'admin','127.0.0.1','内网IP','Chrome 12','Windows 10','0','登录成功','2024-08-24 13:59:23');
insert  into `sys_logininfor`(`info_id`,`user_name`,`ipaddr`,`login_location`,`browser`,`os`,`status`,`msg`,`login_time`) values (116,'admin','127.0.0.1','内网IP','Chrome 12','Windows 10','1','验证码错误','2024-08-24 16:46:45');
insert  into `sys_logininfor`(`info_id`,`user_name`,`ipaddr`,`login_location`,`browser`,`os`,`status`,`msg`,`login_time`) values (117,'admin','127.0.0.1','内网IP','Chrome 12','Windows 10','0','登录成功','2024-08-24 16:46:49');
insert  into `sys_logininfor`(`info_id`,`user_name`,`ipaddr`,`login_location`,`browser`,`os`,`status`,`msg`,`login_time`) values (118,'admin','127.0.0.1','内网IP','Chrome 12','Windows 10','0','登录成功','2024-08-24 19:54:24');
insert  into `sys_logininfor`(`info_id`,`user_name`,`ipaddr`,`login_location`,`browser`,`os`,`status`,`msg`,`login_time`) values (119,'admin','127.0.0.1','内网IP','Chrome 12','Windows 10','0','登录成功','2024-08-25 09:24:54');
insert  into `sys_logininfor`(`info_id`,`user_name`,`ipaddr`,`login_location`,`browser`,`os`,`status`,`msg`,`login_time`) values (120,'admin','127.0.0.1','内网IP','Chrome 12','Windows 10','0','登录成功','2024-08-25 11:43:30');
insert  into `sys_logininfor`(`info_id`,`user_name`,`ipaddr`,`login_location`,`browser`,`os`,`status`,`msg`,`login_time`) values (121,'admin','127.0.0.1','内网IP','Chrome 12','Windows 10','0','登录成功','2024-08-25 12:52:29');
insert  into `sys_logininfor`(`info_id`,`user_name`,`ipaddr`,`login_location`,`browser`,`os`,`status`,`msg`,`login_time`) values (122,'admin','127.0.0.1','内网IP','Chrome 12','Windows 10','0','登录成功','2024-08-25 13:46:53');
insert  into `sys_logininfor`(`info_id`,`user_name`,`ipaddr`,`login_location`,`browser`,`os`,`status`,`msg`,`login_time`) values (123,'admin','127.0.0.1','内网IP','Chrome 12','Windows 10','0','登录成功','2024-08-25 14:46:21');
insert  into `sys_logininfor`(`info_id`,`user_name`,`ipaddr`,`login_location`,`browser`,`os`,`status`,`msg`,`login_time`) values (124,'admin','127.0.0.1','内网IP','Chrome 12','Windows 10','0','登录成功','2024-08-25 16:52:03');
insert  into `sys_logininfor`(`info_id`,`user_name`,`ipaddr`,`login_location`,`browser`,`os`,`status`,`msg`,`login_time`) values (125,'admin','127.0.0.1','内网IP','Chrome 12','Windows 10','0','登录成功','2024-08-25 18:03:15');
insert  into `sys_logininfor`(`info_id`,`user_name`,`ipaddr`,`login_location`,`browser`,`os`,`status`,`msg`,`login_time`) values (126,'admin','127.0.0.1','内网IP','Chrome 12','Windows 10','0','登录成功','2024-08-25 18:14:16');
insert  into `sys_logininfor`(`info_id`,`user_name`,`ipaddr`,`login_location`,`browser`,`os`,`status`,`msg`,`login_time`) values (127,'admin','127.0.0.1','内网IP','Chrome 12','Windows 10','0','登录成功','2024-08-25 19:09:22');
insert  into `sys_logininfor`(`info_id`,`user_name`,`ipaddr`,`login_location`,`browser`,`os`,`status`,`msg`,`login_time`) values (128,'admin','127.0.0.1','内网IP','Chrome 12','Windows 10','0','登录成功','2024-08-26 15:57:28');
insert  into `sys_logininfor`(`info_id`,`user_name`,`ipaddr`,`login_location`,`browser`,`os`,`status`,`msg`,`login_time`) values (129,'admin','127.0.0.1','内网IP','Chrome 12','Windows 10','0','登录成功','2024-08-26 16:12:27');
insert  into `sys_logininfor`(`info_id`,`user_name`,`ipaddr`,`login_location`,`browser`,`os`,`status`,`msg`,`login_time`) values (130,'admin','127.0.0.1','内网IP','Chrome 12','Windows 10','1','验证码错误','2024-08-26 17:25:58');
insert  into `sys_logininfor`(`info_id`,`user_name`,`ipaddr`,`login_location`,`browser`,`os`,`status`,`msg`,`login_time`) values (131,'admin','127.0.0.1','内网IP','Chrome 12','Windows 10','0','登录成功','2024-08-26 17:26:02');

/*Table structure for table `sys_menu` */

DROP TABLE IF EXISTS `sys_menu`;

CREATE TABLE `sys_menu` (
  `menu_id` bigint(20) NOT NULL AUTO_INCREMENT COMMENT '菜单ID',
  `menu_name` varchar(50) NOT NULL COMMENT '菜单名称',
  `parent_id` bigint(20) DEFAULT '0' COMMENT '父菜单ID',
  `order_num` int(4) DEFAULT '0' COMMENT '显示顺序',
  `path` varchar(200) DEFAULT '' COMMENT '路由地址',
  `component` varchar(255) DEFAULT NULL COMMENT '组件路径',
  `query` varchar(255) DEFAULT NULL COMMENT '路由参数',
  `is_frame` int(1) DEFAULT '1' COMMENT '是否为外链（0是 1否）',
  `is_cache` int(1) DEFAULT '0' COMMENT '是否缓存（0缓存 1不缓存）',
  `menu_type` char(1) DEFAULT '' COMMENT '菜单类型（M目录 C菜单 F按钮）',
  `visible` char(1) DEFAULT '0' COMMENT '菜单状态（0显示 1隐藏）',
  `status` char(1) DEFAULT '0' COMMENT '菜单状态（0正常 1停用）',
  `perms` varchar(100) DEFAULT NULL COMMENT '权限标识',
  `icon` varchar(100) DEFAULT '#' COMMENT '菜单图标',
  `create_by` varchar(64) DEFAULT '' COMMENT '创建者',
  `create_time` datetime DEFAULT NULL COMMENT '创建时间',
  `update_by` varchar(64) DEFAULT '' COMMENT '更新者',
  `update_time` datetime DEFAULT NULL COMMENT '更新时间',
  `remark` varchar(500) DEFAULT '' COMMENT '备注',
  PRIMARY KEY (`menu_id`)
) ENGINE=InnoDB AUTO_INCREMENT=2018 DEFAULT CHARSET=utf8 COMMENT='菜单权限表';

/*Data for the table `sys_menu` */

insert  into `sys_menu`(`menu_id`,`menu_name`,`parent_id`,`order_num`,`path`,`component`,`query`,`is_frame`,`is_cache`,`menu_type`,`visible`,`status`,`perms`,`icon`,`create_by`,`create_time`,`update_by`,`update_time`,`remark`) values (1,'系统管理',0,1,'system',NULL,'',1,0,'M','0','0','','system','admin','2024-06-16 15:22:25','',NULL,'系统管理目录');
insert  into `sys_menu`(`menu_id`,`menu_name`,`parent_id`,`order_num`,`path`,`component`,`query`,`is_frame`,`is_cache`,`menu_type`,`visible`,`status`,`perms`,`icon`,`create_by`,`create_time`,`update_by`,`update_time`,`remark`) values (3,'系统工具',0,3,'tool',NULL,'',1,0,'M','0','0','','tool','admin','2024-06-16 15:22:25','',NULL,'系统工具目录');
insert  into `sys_menu`(`menu_id`,`menu_name`,`parent_id`,`order_num`,`path`,`component`,`query`,`is_frame`,`is_cache`,`menu_type`,`visible`,`status`,`perms`,`icon`,`create_by`,`create_time`,`update_by`,`update_time`,`remark`) values (100,'用户管理',1,1,'user','system/user/index','',1,0,'C','0','0','system:user:list','user','admin','2024-06-16 15:22:25','',NULL,'用户管理菜单');
insert  into `sys_menu`(`menu_id`,`menu_name`,`parent_id`,`order_num`,`path`,`component`,`query`,`is_frame`,`is_cache`,`menu_type`,`visible`,`status`,`perms`,`icon`,`create_by`,`create_time`,`update_by`,`update_time`,`remark`) values (101,'角色管理',1,2,'role','system/role/index','',1,0,'C','0','0','system:role:list','peoples','admin','2024-06-16 15:22:25','',NULL,'角色管理菜单');
insert  into `sys_menu`(`menu_id`,`menu_name`,`parent_id`,`order_num`,`path`,`component`,`query`,`is_frame`,`is_cache`,`menu_type`,`visible`,`status`,`perms`,`icon`,`create_by`,`create_time`,`update_by`,`update_time`,`remark`) values (102,'菜单管理',1,3,'menu','system/menu/index','',1,0,'C','0','0','system:menu:list','tree-table','admin','2024-06-16 15:22:25','',NULL,'菜单管理菜单');
insert  into `sys_menu`(`menu_id`,`menu_name`,`parent_id`,`order_num`,`path`,`component`,`query`,`is_frame`,`is_cache`,`menu_type`,`visible`,`status`,`perms`,`icon`,`create_by`,`create_time`,`update_by`,`update_time`,`remark`) values (105,'字典管理',1,6,'dict','system/dict/index','',1,0,'C','0','0','system:dict:list','dict','admin','2024-06-16 15:22:25','',NULL,'字典管理菜单');
insert  into `sys_menu`(`menu_id`,`menu_name`,`parent_id`,`order_num`,`path`,`component`,`query`,`is_frame`,`is_cache`,`menu_type`,`visible`,`status`,`perms`,`icon`,`create_by`,`create_time`,`update_by`,`update_time`,`remark`) values (106,'参数设置',1,7,'config','system/config/index','',1,0,'C','0','0','system:config:list','edit','admin','2024-06-16 15:22:25','',NULL,'参数设置菜单');
insert  into `sys_menu`(`menu_id`,`menu_name`,`parent_id`,`order_num`,`path`,`component`,`query`,`is_frame`,`is_cache`,`menu_type`,`visible`,`status`,`perms`,`icon`,`create_by`,`create_time`,`update_by`,`update_time`,`remark`) values (107,'通知公告',1,8,'notice','system/notice/index','',1,0,'C','0','0','system:notice:list','message','admin','2024-06-16 15:22:25','',NULL,'通知公告菜单');
insert  into `sys_menu`(`menu_id`,`menu_name`,`parent_id`,`order_num`,`path`,`component`,`query`,`is_frame`,`is_cache`,`menu_type`,`visible`,`status`,`perms`,`icon`,`create_by`,`create_time`,`update_by`,`update_time`,`remark`) values (108,'日志管理',1,9,'log','','',1,0,'M','0','0','','log','admin','2024-06-16 15:22:25','',NULL,'日志管理菜单');
insert  into `sys_menu`(`menu_id`,`menu_name`,`parent_id`,`order_num`,`path`,`component`,`query`,`is_frame`,`is_cache`,`menu_type`,`visible`,`status`,`perms`,`icon`,`create_by`,`create_time`,`update_by`,`update_time`,`remark`) values (115,'表单构建',3,1,'build','tool/build/index','',1,0,'C','0','0','tool:build:list','build','admin','2024-06-16 15:22:25','',NULL,'表单构建菜单');
insert  into `sys_menu`(`menu_id`,`menu_name`,`parent_id`,`order_num`,`path`,`component`,`query`,`is_frame`,`is_cache`,`menu_type`,`visible`,`status`,`perms`,`icon`,`create_by`,`create_time`,`update_by`,`update_time`,`remark`) values (116,'代码生成',3,2,'gen','tool/gen/index','',1,0,'C','0','0','tool:gen:list','code','admin','2024-06-16 15:22:25','',NULL,'代码生成菜单');
insert  into `sys_menu`(`menu_id`,`menu_name`,`parent_id`,`order_num`,`path`,`component`,`query`,`is_frame`,`is_cache`,`menu_type`,`visible`,`status`,`perms`,`icon`,`create_by`,`create_time`,`update_by`,`update_time`,`remark`) values (117,'系统接口',3,3,'swagger','tool/swagger/index','',1,0,'C','0','0','tool:swagger:list','swagger','admin','2024-06-16 15:22:25','',NULL,'系统接口菜单');
insert  into `sys_menu`(`menu_id`,`menu_name`,`parent_id`,`order_num`,`path`,`component`,`query`,`is_frame`,`is_cache`,`menu_type`,`visible`,`status`,`perms`,`icon`,`create_by`,`create_time`,`update_by`,`update_time`,`remark`) values (500,'操作日志',108,1,'operlog','monitor/operlog/index','',1,0,'C','0','0','monitor:operlog:list','form','admin','2024-06-16 15:22:25','',NULL,'操作日志菜单');
insert  into `sys_menu`(`menu_id`,`menu_name`,`parent_id`,`order_num`,`path`,`component`,`query`,`is_frame`,`is_cache`,`menu_type`,`visible`,`status`,`perms`,`icon`,`create_by`,`create_time`,`update_by`,`update_time`,`remark`) values (501,'登录日志',108,2,'logininfor','monitor/logininfor/index','',1,0,'C','0','0','monitor:logininfor:list','logininfor','admin','2024-06-16 15:22:25','',NULL,'登录日志菜单');
insert  into `sys_menu`(`menu_id`,`menu_name`,`parent_id`,`order_num`,`path`,`component`,`query`,`is_frame`,`is_cache`,`menu_type`,`visible`,`status`,`perms`,`icon`,`create_by`,`create_time`,`update_by`,`update_time`,`remark`) values (1000,'用户查询',100,1,'','','',1,0,'F','0','0','system:user:query','#','admin','2024-06-16 15:22:25','',NULL,'');
insert  into `sys_menu`(`menu_id`,`menu_name`,`parent_id`,`order_num`,`path`,`component`,`query`,`is_frame`,`is_cache`,`menu_type`,`visible`,`status`,`perms`,`icon`,`create_by`,`create_time`,`update_by`,`update_time`,`remark`) values (1001,'用户新增',100,2,'','','',1,0,'F','0','0','system:user:add','#','admin','2024-06-16 15:22:25','',NULL,'');
insert  into `sys_menu`(`menu_id`,`menu_name`,`parent_id`,`order_num`,`path`,`component`,`query`,`is_frame`,`is_cache`,`menu_type`,`visible`,`status`,`perms`,`icon`,`create_by`,`create_time`,`update_by`,`update_time`,`remark`) values (1002,'用户修改',100,3,'','','',1,0,'F','0','0','system:user:edit','#','admin','2024-06-16 15:22:25','',NULL,'');
insert  into `sys_menu`(`menu_id`,`menu_name`,`parent_id`,`order_num`,`path`,`component`,`query`,`is_frame`,`is_cache`,`menu_type`,`visible`,`status`,`perms`,`icon`,`create_by`,`create_time`,`update_by`,`update_time`,`remark`) values (1003,'用户删除',100,4,'','','',1,0,'F','0','0','system:user:remove','#','admin','2024-06-16 15:22:25','',NULL,'');
insert  into `sys_menu`(`menu_id`,`menu_name`,`parent_id`,`order_num`,`path`,`component`,`query`,`is_frame`,`is_cache`,`menu_type`,`visible`,`status`,`perms`,`icon`,`create_by`,`create_time`,`update_by`,`update_time`,`remark`) values (1004,'用户导出',100,5,'','','',1,0,'F','0','0','system:user:export','#','admin','2024-06-16 15:22:25','',NULL,'');
insert  into `sys_menu`(`menu_id`,`menu_name`,`parent_id`,`order_num`,`path`,`component`,`query`,`is_frame`,`is_cache`,`menu_type`,`visible`,`status`,`perms`,`icon`,`create_by`,`create_time`,`update_by`,`update_time`,`remark`) values (1005,'用户导入',100,6,'','','',1,0,'F','0','0','system:user:import','#','admin','2024-06-16 15:22:25','',NULL,'');
insert  into `sys_menu`(`menu_id`,`menu_name`,`parent_id`,`order_num`,`path`,`component`,`query`,`is_frame`,`is_cache`,`menu_type`,`visible`,`status`,`perms`,`icon`,`create_by`,`create_time`,`update_by`,`update_time`,`remark`) values (1006,'重置密码',100,7,'','','',1,0,'F','0','0','system:user:resetPwd','#','admin','2024-06-16 15:22:25','',NULL,'');
insert  into `sys_menu`(`menu_id`,`menu_name`,`parent_id`,`order_num`,`path`,`component`,`query`,`is_frame`,`is_cache`,`menu_type`,`visible`,`status`,`perms`,`icon`,`create_by`,`create_time`,`update_by`,`update_time`,`remark`) values (1007,'角色查询',101,1,'','','',1,0,'F','0','0','system:role:query','#','admin','2024-06-16 15:22:25','',NULL,'');
insert  into `sys_menu`(`menu_id`,`menu_name`,`parent_id`,`order_num`,`path`,`component`,`query`,`is_frame`,`is_cache`,`menu_type`,`visible`,`status`,`perms`,`icon`,`create_by`,`create_time`,`update_by`,`update_time`,`remark`) values (1008,'角色新增',101,2,'','','',1,0,'F','0','0','system:role:add','#','admin','2024-06-16 15:22:25','',NULL,'');
insert  into `sys_menu`(`menu_id`,`menu_name`,`parent_id`,`order_num`,`path`,`component`,`query`,`is_frame`,`is_cache`,`menu_type`,`visible`,`status`,`perms`,`icon`,`create_by`,`create_time`,`update_by`,`update_time`,`remark`) values (1009,'角色修改',101,3,'','','',1,0,'F','0','0','system:role:edit','#','admin','2024-06-16 15:22:25','',NULL,'');
insert  into `sys_menu`(`menu_id`,`menu_name`,`parent_id`,`order_num`,`path`,`component`,`query`,`is_frame`,`is_cache`,`menu_type`,`visible`,`status`,`perms`,`icon`,`create_by`,`create_time`,`update_by`,`update_time`,`remark`) values (1010,'角色删除',101,4,'','','',1,0,'F','0','0','system:role:remove','#','admin','2024-06-16 15:22:25','',NULL,'');
insert  into `sys_menu`(`menu_id`,`menu_name`,`parent_id`,`order_num`,`path`,`component`,`query`,`is_frame`,`is_cache`,`menu_type`,`visible`,`status`,`perms`,`icon`,`create_by`,`create_time`,`update_by`,`update_time`,`remark`) values (1011,'角色导出',101,5,'','','',1,0,'F','0','0','system:role:export','#','admin','2024-06-16 15:22:25','',NULL,'');
insert  into `sys_menu`(`menu_id`,`menu_name`,`parent_id`,`order_num`,`path`,`component`,`query`,`is_frame`,`is_cache`,`menu_type`,`visible`,`status`,`perms`,`icon`,`create_by`,`create_time`,`update_by`,`update_time`,`remark`) values (1012,'菜单查询',102,1,'','','',1,0,'F','0','0','system:menu:query','#','admin','2024-06-16 15:22:25','',NULL,'');
insert  into `sys_menu`(`menu_id`,`menu_name`,`parent_id`,`order_num`,`path`,`component`,`query`,`is_frame`,`is_cache`,`menu_type`,`visible`,`status`,`perms`,`icon`,`create_by`,`create_time`,`update_by`,`update_time`,`remark`) values (1013,'菜单新增',102,2,'','','',1,0,'F','0','0','system:menu:add','#','admin','2024-06-16 15:22:25','',NULL,'');
insert  into `sys_menu`(`menu_id`,`menu_name`,`parent_id`,`order_num`,`path`,`component`,`query`,`is_frame`,`is_cache`,`menu_type`,`visible`,`status`,`perms`,`icon`,`create_by`,`create_time`,`update_by`,`update_time`,`remark`) values (1014,'菜单修改',102,3,'','','',1,0,'F','0','0','system:menu:edit','#','admin','2024-06-16 15:22:25','',NULL,'');
insert  into `sys_menu`(`menu_id`,`menu_name`,`parent_id`,`order_num`,`path`,`component`,`query`,`is_frame`,`is_cache`,`menu_type`,`visible`,`status`,`perms`,`icon`,`create_by`,`create_time`,`update_by`,`update_time`,`remark`) values (1015,'菜单删除',102,4,'','','',1,0,'F','0','0','system:menu:remove','#','admin','2024-06-16 15:22:25','',NULL,'');
insert  into `sys_menu`(`menu_id`,`menu_name`,`parent_id`,`order_num`,`path`,`component`,`query`,`is_frame`,`is_cache`,`menu_type`,`visible`,`status`,`perms`,`icon`,`create_by`,`create_time`,`update_by`,`update_time`,`remark`) values (1025,'字典查询',105,1,'#','','',1,0,'F','0','0','system:dict:query','#','admin','2024-06-16 15:22:25','',NULL,'');
insert  into `sys_menu`(`menu_id`,`menu_name`,`parent_id`,`order_num`,`path`,`component`,`query`,`is_frame`,`is_cache`,`menu_type`,`visible`,`status`,`perms`,`icon`,`create_by`,`create_time`,`update_by`,`update_time`,`remark`) values (1026,'字典新增',105,2,'#','','',1,0,'F','0','0','system:dict:add','#','admin','2024-06-16 15:22:25','',NULL,'');
insert  into `sys_menu`(`menu_id`,`menu_name`,`parent_id`,`order_num`,`path`,`component`,`query`,`is_frame`,`is_cache`,`menu_type`,`visible`,`status`,`perms`,`icon`,`create_by`,`create_time`,`update_by`,`update_time`,`remark`) values (1027,'字典修改',105,3,'#','','',1,0,'F','0','0','system:dict:edit','#','admin','2024-06-16 15:22:25','',NULL,'');
insert  into `sys_menu`(`menu_id`,`menu_name`,`parent_id`,`order_num`,`path`,`component`,`query`,`is_frame`,`is_cache`,`menu_type`,`visible`,`status`,`perms`,`icon`,`create_by`,`create_time`,`update_by`,`update_time`,`remark`) values (1028,'字典删除',105,4,'#','','',1,0,'F','0','0','system:dict:remove','#','admin','2024-06-16 15:22:25','',NULL,'');
insert  into `sys_menu`(`menu_id`,`menu_name`,`parent_id`,`order_num`,`path`,`component`,`query`,`is_frame`,`is_cache`,`menu_type`,`visible`,`status`,`perms`,`icon`,`create_by`,`create_time`,`update_by`,`update_time`,`remark`) values (1029,'字典导出',105,5,'#','','',1,0,'F','0','0','system:dict:export','#','admin','2024-06-16 15:22:25','',NULL,'');
insert  into `sys_menu`(`menu_id`,`menu_name`,`parent_id`,`order_num`,`path`,`component`,`query`,`is_frame`,`is_cache`,`menu_type`,`visible`,`status`,`perms`,`icon`,`create_by`,`create_time`,`update_by`,`update_time`,`remark`) values (1030,'参数查询',106,1,'#','','',1,0,'F','0','0','system:config:query','#','admin','2024-06-16 15:22:25','',NULL,'');
insert  into `sys_menu`(`menu_id`,`menu_name`,`parent_id`,`order_num`,`path`,`component`,`query`,`is_frame`,`is_cache`,`menu_type`,`visible`,`status`,`perms`,`icon`,`create_by`,`create_time`,`update_by`,`update_time`,`remark`) values (1031,'参数新增',106,2,'#','','',1,0,'F','0','0','system:config:add','#','admin','2024-06-16 15:22:25','',NULL,'');
insert  into `sys_menu`(`menu_id`,`menu_name`,`parent_id`,`order_num`,`path`,`component`,`query`,`is_frame`,`is_cache`,`menu_type`,`visible`,`status`,`perms`,`icon`,`create_by`,`create_time`,`update_by`,`update_time`,`remark`) values (1032,'参数修改',106,3,'#','','',1,0,'F','0','0','system:config:edit','#','admin','2024-06-16 15:22:25','',NULL,'');
insert  into `sys_menu`(`menu_id`,`menu_name`,`parent_id`,`order_num`,`path`,`component`,`query`,`is_frame`,`is_cache`,`menu_type`,`visible`,`status`,`perms`,`icon`,`create_by`,`create_time`,`update_by`,`update_time`,`remark`) values (1033,'参数删除',106,4,'#','','',1,0,'F','0','0','system:config:remove','#','admin','2024-06-16 15:22:25','',NULL,'');
insert  into `sys_menu`(`menu_id`,`menu_name`,`parent_id`,`order_num`,`path`,`component`,`query`,`is_frame`,`is_cache`,`menu_type`,`visible`,`status`,`perms`,`icon`,`create_by`,`create_time`,`update_by`,`update_time`,`remark`) values (1034,'参数导出',106,5,'#','','',1,0,'F','0','0','system:config:export','#','admin','2024-06-16 15:22:25','',NULL,'');
insert  into `sys_menu`(`menu_id`,`menu_name`,`parent_id`,`order_num`,`path`,`component`,`query`,`is_frame`,`is_cache`,`menu_type`,`visible`,`status`,`perms`,`icon`,`create_by`,`create_time`,`update_by`,`update_time`,`remark`) values (1035,'公告查询',107,1,'#','','',1,0,'F','0','0','system:notice:query','#','admin','2024-06-16 15:22:25','',NULL,'');
insert  into `sys_menu`(`menu_id`,`menu_name`,`parent_id`,`order_num`,`path`,`component`,`query`,`is_frame`,`is_cache`,`menu_type`,`visible`,`status`,`perms`,`icon`,`create_by`,`create_time`,`update_by`,`update_time`,`remark`) values (1036,'公告新增',107,2,'#','','',1,0,'F','0','0','system:notice:add','#','admin','2024-06-16 15:22:25','',NULL,'');
insert  into `sys_menu`(`menu_id`,`menu_name`,`parent_id`,`order_num`,`path`,`component`,`query`,`is_frame`,`is_cache`,`menu_type`,`visible`,`status`,`perms`,`icon`,`create_by`,`create_time`,`update_by`,`update_time`,`remark`) values (1037,'公告修改',107,3,'#','','',1,0,'F','0','0','system:notice:edit','#','admin','2024-06-16 15:22:25','',NULL,'');
insert  into `sys_menu`(`menu_id`,`menu_name`,`parent_id`,`order_num`,`path`,`component`,`query`,`is_frame`,`is_cache`,`menu_type`,`visible`,`status`,`perms`,`icon`,`create_by`,`create_time`,`update_by`,`update_time`,`remark`) values (1038,'公告删除',107,4,'#','','',1,0,'F','0','0','system:notice:remove','#','admin','2024-06-16 15:22:25','',NULL,'');
insert  into `sys_menu`(`menu_id`,`menu_name`,`parent_id`,`order_num`,`path`,`component`,`query`,`is_frame`,`is_cache`,`menu_type`,`visible`,`status`,`perms`,`icon`,`create_by`,`create_time`,`update_by`,`update_time`,`remark`) values (1039,'操作查询',500,1,'#','','',1,0,'F','0','0','monitor:operlog:query','#','admin','2024-06-16 15:22:25','',NULL,'');
insert  into `sys_menu`(`menu_id`,`menu_name`,`parent_id`,`order_num`,`path`,`component`,`query`,`is_frame`,`is_cache`,`menu_type`,`visible`,`status`,`perms`,`icon`,`create_by`,`create_time`,`update_by`,`update_time`,`remark`) values (1040,'操作删除',500,2,'#','','',1,0,'F','0','0','monitor:operlog:remove','#','admin','2024-06-16 15:22:25','',NULL,'');
insert  into `sys_menu`(`menu_id`,`menu_name`,`parent_id`,`order_num`,`path`,`component`,`query`,`is_frame`,`is_cache`,`menu_type`,`visible`,`status`,`perms`,`icon`,`create_by`,`create_time`,`update_by`,`update_time`,`remark`) values (1041,'日志导出',500,3,'#','','',1,0,'F','0','0','monitor:operlog:export','#','admin','2024-06-16 15:22:25','',NULL,'');
insert  into `sys_menu`(`menu_id`,`menu_name`,`parent_id`,`order_num`,`path`,`component`,`query`,`is_frame`,`is_cache`,`menu_type`,`visible`,`status`,`perms`,`icon`,`create_by`,`create_time`,`update_by`,`update_time`,`remark`) values (1042,'登录查询',501,1,'#','','',1,0,'F','0','0','monitor:logininfor:query','#','admin','2024-06-16 15:22:25','',NULL,'');
insert  into `sys_menu`(`menu_id`,`menu_name`,`parent_id`,`order_num`,`path`,`component`,`query`,`is_frame`,`is_cache`,`menu_type`,`visible`,`status`,`perms`,`icon`,`create_by`,`create_time`,`update_by`,`update_time`,`remark`) values (1043,'登录删除',501,2,'#','','',1,0,'F','0','0','monitor:logininfor:remove','#','admin','2024-06-16 15:22:25','',NULL,'');
insert  into `sys_menu`(`menu_id`,`menu_name`,`parent_id`,`order_num`,`path`,`component`,`query`,`is_frame`,`is_cache`,`menu_type`,`visible`,`status`,`perms`,`icon`,`create_by`,`create_time`,`update_by`,`update_time`,`remark`) values (1044,'日志导出',501,3,'#','','',1,0,'F','0','0','monitor:logininfor:export','#','admin','2024-06-16 15:22:25','',NULL,'');
insert  into `sys_menu`(`menu_id`,`menu_name`,`parent_id`,`order_num`,`path`,`component`,`query`,`is_frame`,`is_cache`,`menu_type`,`visible`,`status`,`perms`,`icon`,`create_by`,`create_time`,`update_by`,`update_time`,`remark`) values (1045,'账户解锁',501,4,'#','','',1,0,'F','0','0','monitor:logininfor:unlock','#','admin','2024-06-16 15:22:25','',NULL,'');
insert  into `sys_menu`(`menu_id`,`menu_name`,`parent_id`,`order_num`,`path`,`component`,`query`,`is_frame`,`is_cache`,`menu_type`,`visible`,`status`,`perms`,`icon`,`create_by`,`create_time`,`update_by`,`update_time`,`remark`) values (1055,'生成查询',116,1,'#','','',1,0,'F','0','0','tool:gen:query','#','admin','2024-06-16 15:22:25','',NULL,'');
insert  into `sys_menu`(`menu_id`,`menu_name`,`parent_id`,`order_num`,`path`,`component`,`query`,`is_frame`,`is_cache`,`menu_type`,`visible`,`status`,`perms`,`icon`,`create_by`,`create_time`,`update_by`,`update_time`,`remark`) values (1056,'生成修改',116,2,'#','','',1,0,'F','0','0','tool:gen:edit','#','admin','2024-06-16 15:22:25','',NULL,'');
insert  into `sys_menu`(`menu_id`,`menu_name`,`parent_id`,`order_num`,`path`,`component`,`query`,`is_frame`,`is_cache`,`menu_type`,`visible`,`status`,`perms`,`icon`,`create_by`,`create_time`,`update_by`,`update_time`,`remark`) values (1057,'生成删除',116,3,'#','','',1,0,'F','0','0','tool:gen:remove','#','admin','2024-06-16 15:22:25','',NULL,'');
insert  into `sys_menu`(`menu_id`,`menu_name`,`parent_id`,`order_num`,`path`,`component`,`query`,`is_frame`,`is_cache`,`menu_type`,`visible`,`status`,`perms`,`icon`,`create_by`,`create_time`,`update_by`,`update_time`,`remark`) values (1058,'导入代码',116,4,'#','','',1,0,'F','0','0','tool:gen:import','#','admin','2024-06-16 15:22:25','',NULL,'');
insert  into `sys_menu`(`menu_id`,`menu_name`,`parent_id`,`order_num`,`path`,`component`,`query`,`is_frame`,`is_cache`,`menu_type`,`visible`,`status`,`perms`,`icon`,`create_by`,`create_time`,`update_by`,`update_time`,`remark`) values (1059,'预览代码',116,5,'#','','',1,0,'F','0','0','tool:gen:preview','#','admin','2024-06-16 15:22:25','',NULL,'');
insert  into `sys_menu`(`menu_id`,`menu_name`,`parent_id`,`order_num`,`path`,`component`,`query`,`is_frame`,`is_cache`,`menu_type`,`visible`,`status`,`perms`,`icon`,`create_by`,`create_time`,`update_by`,`update_time`,`remark`) values (1060,'生成代码',116,6,'#','','',1,0,'F','0','0','tool:gen:code','#','admin','2024-06-16 15:22:25','',NULL,'');
insert  into `sys_menu`(`menu_id`,`menu_name`,`parent_id`,`order_num`,`path`,`component`,`query`,`is_frame`,`is_cache`,`menu_type`,`visible`,`status`,`perms`,`icon`,`create_by`,`create_time`,`update_by`,`update_time`,`remark`) values (2000,'工作日志',3,1,'gongzuorizhi','system/gongzuorizhi/index',NULL,1,0,'C','0','0','system:gongzuorizhi:list','#','admin','2024-06-16 20:32:49','',NULL,'工作日志菜单');
insert  into `sys_menu`(`menu_id`,`menu_name`,`parent_id`,`order_num`,`path`,`component`,`query`,`is_frame`,`is_cache`,`menu_type`,`visible`,`status`,`perms`,`icon`,`create_by`,`create_time`,`update_by`,`update_time`,`remark`) values (2001,'工作日志查询',2000,1,'#','',NULL,1,0,'F','0','0','system:gongzuorizhi:query','#','admin','2024-06-16 20:32:49','',NULL,'');
insert  into `sys_menu`(`menu_id`,`menu_name`,`parent_id`,`order_num`,`path`,`component`,`query`,`is_frame`,`is_cache`,`menu_type`,`visible`,`status`,`perms`,`icon`,`create_by`,`create_time`,`update_by`,`update_time`,`remark`) values (2002,'工作日志新增',2000,2,'#','',NULL,1,0,'F','0','0','system:gongzuorizhi:add','#','admin','2024-06-16 20:32:49','',NULL,'');
insert  into `sys_menu`(`menu_id`,`menu_name`,`parent_id`,`order_num`,`path`,`component`,`query`,`is_frame`,`is_cache`,`menu_type`,`visible`,`status`,`perms`,`icon`,`create_by`,`create_time`,`update_by`,`update_time`,`remark`) values (2003,'工作日志修改',2000,3,'#','',NULL,1,0,'F','0','0','system:gongzuorizhi:edit','#','admin','2024-06-16 20:32:49','',NULL,'');
insert  into `sys_menu`(`menu_id`,`menu_name`,`parent_id`,`order_num`,`path`,`component`,`query`,`is_frame`,`is_cache`,`menu_type`,`visible`,`status`,`perms`,`icon`,`create_by`,`create_time`,`update_by`,`update_time`,`remark`) values (2004,'工作日志删除',2000,4,'#','',NULL,1,0,'F','0','0','system:gongzuorizhi:remove','#','admin','2024-06-16 20:32:49','',NULL,'');
insert  into `sys_menu`(`menu_id`,`menu_name`,`parent_id`,`order_num`,`path`,`component`,`query`,`is_frame`,`is_cache`,`menu_type`,`visible`,`status`,`perms`,`icon`,`create_by`,`create_time`,`update_by`,`update_time`,`remark`) values (2005,'工作日志导出',2000,5,'#','',NULL,1,0,'F','0','0','system:gongzuorizhi:export','#','admin','2024-06-16 20:32:49','',NULL,'');

/*Table structure for table `sys_notice` */

DROP TABLE IF EXISTS `sys_notice`;

CREATE TABLE `sys_notice` (
  `notice_id` int(4) NOT NULL AUTO_INCREMENT COMMENT '公告ID',
  `notice_title` varchar(50) NOT NULL COMMENT '公告标题',
  `notice_type` char(1) NOT NULL COMMENT '公告类型（1通知 2公告）',
  `notice_content` longblob COMMENT '公告内容',
  `status` char(1) DEFAULT '0' COMMENT '公告状态（0正常 1关闭）',
  `create_by` varchar(64) DEFAULT '' COMMENT '创建者',
  `create_time` datetime DEFAULT NULL COMMENT '创建时间',
  `update_by` varchar(64) DEFAULT '' COMMENT '更新者',
  `update_time` datetime DEFAULT NULL COMMENT '更新时间',
  `remark` varchar(255) DEFAULT NULL COMMENT '备注',
  PRIMARY KEY (`notice_id`)
) ENGINE=InnoDB AUTO_INCREMENT=3 DEFAULT CHARSET=utf8 COMMENT='通知公告表';

/*Data for the table `sys_notice` */

insert  into `sys_notice`(`notice_id`,`notice_title`,`notice_type`,`notice_content`,`status`,`create_by`,`create_time`,`update_by`,`update_time`,`remark`) values (1,'温馨提醒：2018-07-01 若依新版本发布啦','2','新版本内容','0','admin','2024-06-16 15:22:25','',NULL,'管理员');
insert  into `sys_notice`(`notice_id`,`notice_title`,`notice_type`,`notice_content`,`status`,`create_by`,`create_time`,`update_by`,`update_time`,`remark`) values (2,'维护通知：2018-07-01 若依系统凌晨维护','1','维护内容','0','admin','2024-06-16 15:22:25','',NULL,'管理员');

/*Table structure for table `sys_oper_log` */

DROP TABLE IF EXISTS `sys_oper_log`;

CREATE TABLE `sys_oper_log` (
  `oper_id` bigint(20) NOT NULL AUTO_INCREMENT COMMENT '日志主键',
  `title` varchar(50) DEFAULT '' COMMENT '模块标题',
  `business_type` int(2) DEFAULT '0' COMMENT '业务类型（0其它 1新增 2修改 3删除）',
  `method` varchar(200) DEFAULT '' COMMENT '方法名称',
  `request_method` varchar(10) DEFAULT '' COMMENT '请求方式',
  `operator_type` int(1) DEFAULT '0' COMMENT '操作类别（0其它 1后台用户 2手机端用户）',
  `oper_name` varchar(50) DEFAULT '' COMMENT '操作人员',
  `dept_name` varchar(50) DEFAULT '' COMMENT '部门名称',
  `oper_url` varchar(255) DEFAULT '' COMMENT '请求URL',
  `oper_ip` varchar(128) DEFAULT '' COMMENT '主机地址',
  `oper_location` varchar(255) DEFAULT '' COMMENT '操作地点',
  `oper_param` varchar(2000) DEFAULT '' COMMENT '请求参数',
  `json_result` varchar(2000) DEFAULT '' COMMENT '返回参数',
  `status` int(1) DEFAULT '0' COMMENT '操作状态（0正常 1异常）',
  `error_msg` varchar(2000) DEFAULT '' COMMENT '错误消息',
  `oper_time` datetime DEFAULT NULL COMMENT '操作时间',
  `cost_time` bigint(20) DEFAULT '0' COMMENT '消耗时间',
  PRIMARY KEY (`oper_id`),
  KEY `idx_sys_oper_log_bt` (`business_type`),
  KEY `idx_sys_oper_log_s` (`status`),
  KEY `idx_sys_oper_log_ot` (`oper_time`)
) ENGINE=InnoDB AUTO_INCREMENT=246 DEFAULT CHARSET=utf8 COMMENT='操作日志记录';

/*Data for the table `sys_oper_log` */

insert  into `sys_oper_log`(`oper_id`,`title`,`business_type`,`method`,`request_method`,`operator_type`,`oper_name`,`dept_name`,`oper_url`,`oper_ip`,`oper_location`,`oper_param`,`json_result`,`status`,`error_msg`,`oper_time`,`cost_time`) values (100,'创建表',0,'com.ruoyi.project.tool.gen.controller.GenController.createTableSave()','POST',1,'admin','研发部门','/tool/gen/createTable','127.0.0.1','内网IP','{\"sql\":\"CREATE TABLE `employee` (\\n  `id` varchar(50) NOT NULL,\\n  `employeeNumber` varchar(50) DEFAULT NULL,\\n  `employeeName` varchar(255) DEFAULT NULL,\\n  `sex` varchar(255) DEFAULT NULL,\\n  `birthday` varchar(255) DEFAULT NULL,\\n  `departmentID` varchar(50) DEFAULT NULL,\\n  `employeePositionID` varchar(255) DEFAULT NULL,\\n  `employeeType` varchar(255) DEFAULT NULL,\\n  `phone` varchar(255) DEFAULT NULL,\\n  `address` varchar(255) DEFAULT NULL,\\n  `password` varchar(255) DEFAULT NULL,\\n  `entryDate` datetime DEFAULT NULL,\\n  `IDNumber` varchar(80) DEFAULT NULL,\\n  `education` varchar(255) DEFAULT NULL,\\n  `marriage` varchar(255) DEFAULT NULL,\\n  `workStatus` varchar(255) DEFAULT \'0\',\\n  PRIMARY KEY (`id`) USING BTREE\\n) ENGINE=InnoDB DEFAULT CHARSET=utf8 ROW_FORMAT=DYNAMIC;\"}','{\"msg\":\"操作成功\",\"code\":200}',0,NULL,'2024-06-16 15:34:23',176);
insert  into `sys_oper_log`(`oper_id`,`title`,`business_type`,`method`,`request_method`,`operator_type`,`oper_name`,`dept_name`,`oper_url`,`oper_ip`,`oper_location`,`oper_param`,`json_result`,`status`,`error_msg`,`oper_time`,`cost_time`) values (101,'代码生成',8,'com.ruoyi.project.tool.gen.controller.GenController.batchGenCode()','GET',1,'admin','研发部门','/tool/gen/batchGenCode','127.0.0.1','内网IP','{\"tables\":\"employee\"}',NULL,0,NULL,'2024-06-16 15:38:09',44);
insert  into `sys_oper_log`(`oper_id`,`title`,`business_type`,`method`,`request_method`,`operator_type`,`oper_name`,`dept_name`,`oper_url`,`oper_ip`,`oper_location`,`oper_param`,`json_result`,`status`,`error_msg`,`oper_time`,`cost_time`) values (102,'代码生成',3,'com.ruoyi.project.tool.gen.controller.GenController.remove()','DELETE',1,'admin','研发部门','/tool/gen/1','127.0.0.1','内网IP','{}','{\"msg\":\"操作成功\",\"code\":200}',0,NULL,'2024-06-16 20:30:43',21);
insert  into `sys_oper_log`(`oper_id`,`title`,`business_type`,`method`,`request_method`,`operator_type`,`oper_name`,`dept_name`,`oper_url`,`oper_ip`,`oper_location`,`oper_param`,`json_result`,`status`,`error_msg`,`oper_time`,`cost_time`) values (103,'创建表',0,'com.ruoyi.project.tool.gen.controller.GenController.createTableSave()','POST',1,'admin','研发部门','/tool/gen/createTable','127.0.0.1','内网IP','{\"sql\":\"CREATE TABLE `gongzuorizhi` (\\n  `id` bigint(20) NOT NULL AUTO_INCREMENT COMMENT \'主键\',\\n  `addtime` timestamp NOT NULL DEFAULT CURRENT_TIMESTAMP COMMENT \'创建时间\',\\n  `biaoti` varchar(30) NOT NULL COMMENT \'标题\',\\n  `leixing` varchar(30) NOT NULL COMMENT \'类型\',\\n  `gongzuoneirong` longtext COMMENT \'工作内容\',\\n  `riqi` date DEFAULT NULL COMMENT \'日期\',\\n  `gonghao` varchar(30) DEFAULT NULL COMMENT \'工号\',\\n  `jiaoshixingming` varchar(30) DEFAULT NULL COMMENT \'教师姓名\',\\n  PRIMARY KEY (`id`)\\n) ENGINE=InnoDB AUTO_INCREMENT=57 DEFAULT CHARSET=utf8 COMMENT=\'工作日志\';\"}','{\"msg\":\"操作成功\",\"code\":200}',0,NULL,'2024-06-16 20:31:29',77);
insert  into `sys_oper_log`(`oper_id`,`title`,`business_type`,`method`,`request_method`,`operator_type`,`oper_name`,`dept_name`,`oper_url`,`oper_ip`,`oper_location`,`oper_param`,`json_result`,`status`,`error_msg`,`oper_time`,`cost_time`) values (104,'代码生成',2,'com.ruoyi.project.tool.gen.controller.GenController.editSave()','PUT',1,'admin','研发部门','/tool/gen','127.0.0.1','内网IP','{\"businessName\":\"gongzuorizhi\",\"className\":\"Gongzuorizhi\",\"columns\":[{\"capJavaField\":\"Id\",\"columnComment\":\"主键\",\"columnId\":17,\"columnName\":\"id\",\"columnType\":\"bigint(20)\",\"createBy\":\"admin\",\"createTime\":\"2024-06-16 20:31:29\",\"dictType\":\"\",\"edit\":false,\"htmlType\":\"input\",\"increment\":true,\"insert\":true,\"isIncrement\":\"1\",\"isInsert\":\"1\",\"isPk\":\"1\",\"isRequired\":\"0\",\"javaField\":\"id\",\"javaType\":\"Long\",\"list\":false,\"params\":{},\"pk\":true,\"query\":false,\"queryType\":\"EQ\",\"required\":false,\"sort\":1,\"superColumn\":false,\"tableId\":2,\"updateBy\":\"\",\"usableColumn\":false},{\"capJavaField\":\"Addtime\",\"columnComment\":\"创建时间\",\"columnId\":18,\"columnName\":\"addtime\",\"columnType\":\"timestamp\",\"createBy\":\"admin\",\"createTime\":\"2024-06-16 20:31:29\",\"dictType\":\"\",\"edit\":true,\"htmlType\":\"datetime\",\"increment\":false,\"insert\":true,\"isEdit\":\"1\",\"isIncrement\":\"0\",\"isInsert\":\"1\",\"isList\":\"1\",\"isPk\":\"0\",\"isQuery\":\"1\",\"isRequired\":\"1\",\"javaField\":\"addtime\",\"javaType\":\"Date\",\"list\":true,\"params\":{},\"pk\":false,\"query\":true,\"queryType\":\"EQ\",\"required\":true,\"sort\":2,\"superColumn\":false,\"tableId\":2,\"updateBy\":\"\",\"usableColumn\":false},{\"capJavaField\":\"Biaoti\",\"columnComment\":\"标题\",\"columnId\":19,\"columnName\":\"biaoti\",\"columnType\":\"varchar(30)\",\"createBy\":\"admin\",\"createTime\":\"2024-06-16 20:31:29\",\"dictType\":\"\",\"edit\":true,\"htmlType\":\"input\",\"increment\":false,\"insert\":true,\"isEdit\":\"1\",\"isIncrement\":\"0\",\"isInsert\":\"1\",\"isList\":\"1\",\"isPk\":\"0\",\"isQuery\":\"1\",\"isRequired\":\"1\",\"javaField\":\"biaoti\",\"javaType\":\"String\",\"list\":true,\"params\":{},\"pk\":false,\"query\":true,\"queryType\":\"EQ\",\"required\":true,\"sort\":3,\"superColumn\":false,\"tableId\":2,\"updateBy\":\"\",\"usableColumn\":false},{\"capJavaField\":\"Leixing\",\"columnComment\":\"类型\",\"columnId\":20,\"columnName\":\"leixing\",\"columnType\":\"varchar(30)\",\"createBy\":\"admin\",\"createTime\":\"2024-06-16 20:31:29\",\"dictType\":\"\",\"edit\":true,\"htmlType\":\"input\",\"increment\":false,\"insert\":true,\"isEdit\":\"1\",\"isIncrement\":\"0\",\"isInsert\":\"1\",\"isList\":\"1\",\"isPk\":\"0\",\"isQuery\":\"1\",\"isRequired\":\"1\",\"javaField\":\"leix','{\"msg\":\"操作成功\",\"code\":200}',0,NULL,'2024-06-16 20:31:59',34);
insert  into `sys_oper_log`(`oper_id`,`title`,`business_type`,`method`,`request_method`,`operator_type`,`oper_name`,`dept_name`,`oper_url`,`oper_ip`,`oper_location`,`oper_param`,`json_result`,`status`,`error_msg`,`oper_time`,`cost_time`) values (105,'代码生成',8,'com.ruoyi.project.tool.gen.controller.GenController.batchGenCode()','GET',1,'admin','研发部门','/tool/gen/batchGenCode','127.0.0.1','内网IP','{\"tables\":\"gongzuorizhi\"}',NULL,0,NULL,'2024-06-16 20:32:02',129);
insert  into `sys_oper_log`(`oper_id`,`title`,`business_type`,`method`,`request_method`,`operator_type`,`oper_name`,`dept_name`,`oper_url`,`oper_ip`,`oper_location`,`oper_param`,`json_result`,`status`,`error_msg`,`oper_time`,`cost_time`) values (106,'工作日志',1,'com.ruoyi.project.system.controller.GongzuorizhiController.add()','POST',1,'admin','研发部门','/system/gongzuorizhi','127.0.0.1','内网IP','{\"addtime\":\"2024-06-28\",\"biaoti\":\"111\",\"gonghao\":\"111\",\"gongzuoneirong\":\"111\",\"id\":57,\"jiaoshixingming\":\"111\",\"leixing\":\"111\",\"params\":{},\"riqi\":\"2024-05-28\"}','{\"msg\":\"操作成功\",\"code\":200}',0,NULL,'2024-06-16 20:35:19',9);
insert  into `sys_oper_log`(`oper_id`,`title`,`business_type`,`method`,`request_method`,`operator_type`,`oper_name`,`dept_name`,`oper_url`,`oper_ip`,`oper_location`,`oper_param`,`json_result`,`status`,`error_msg`,`oper_time`,`cost_time`) values (107,'菜单管理',3,'com.ruoyi.project.system.controller.SysMenuController.remove()','DELETE',1,'admin','研发部门','/system/menu/114','127.0.0.1','内网IP','{}','{\"msg\":\"菜单已分配,不允许删除\",\"code\":601}',0,NULL,'2024-08-12 14:08:38',18);
insert  into `sys_oper_log`(`oper_id`,`title`,`business_type`,`method`,`request_method`,`operator_type`,`oper_name`,`dept_name`,`oper_url`,`oper_ip`,`oper_location`,`oper_param`,`json_result`,`status`,`error_msg`,`oper_time`,`cost_time`) values (108,'角色管理',2,'com.ruoyi.project.system.controller.SysRoleController.edit()','PUT',1,'admin','研发部门','/system/role','127.0.0.1','内网IP','{\"admin\":false,\"createTime\":\"2024-06-16 15:22:25\",\"dataScope\":\"2\",\"delFlag\":\"0\",\"deptCheckStrictly\":true,\"flag\":false,\"menuCheckStrictly\":true,\"menuIds\":[3,1,100,1000,1001,1002,1003,1004,1005,1006,101,1007,1008,1009,1010,1011,102,1012,1013,1014,1015,103,1016,1017,1018,1019,104,1020,1021,1022,1023,1024,105,1025,1026,1027,1028,1029,106,1030,1031,1032,1033,1034,107,1035,1036,1037,1038,108,500,1039,1040,1041,501,1042,1043,1044,1045,115,116,1055,1056,1057,1058,1059,1060,117],\"params\":{},\"remark\":\"普通角色\",\"roleId\":2,\"roleKey\":\"common\",\"roleName\":\"普通角色\",\"roleSort\":2,\"status\":\"0\",\"updateBy\":\"admin\"}','{\"msg\":\"操作成功\",\"code\":200}',0,NULL,'2024-08-12 14:08:59',30);
insert  into `sys_oper_log`(`oper_id`,`title`,`business_type`,`method`,`request_method`,`operator_type`,`oper_name`,`dept_name`,`oper_url`,`oper_ip`,`oper_location`,`oper_param`,`json_result`,`status`,`error_msg`,`oper_time`,`cost_time`) values (109,'菜单管理',3,'com.ruoyi.project.system.controller.SysMenuController.remove()','DELETE',1,'admin','研发部门','/system/menu/4','127.0.0.1','内网IP','{}','{\"msg\":\"操作成功\",\"code\":200}',0,NULL,'2024-08-12 14:09:10',6);
insert  into `sys_oper_log`(`oper_id`,`title`,`business_type`,`method`,`request_method`,`operator_type`,`oper_name`,`dept_name`,`oper_url`,`oper_ip`,`oper_location`,`oper_param`,`json_result`,`status`,`error_msg`,`oper_time`,`cost_time`) values (110,'菜单管理',3,'com.ruoyi.project.system.controller.SysMenuController.remove()','DELETE',1,'admin','研发部门','/system/menu/2','127.0.0.1','内网IP','{}','{\"msg\":\"存在子菜单,不允许删除\",\"code\":601}',0,NULL,'2024-08-12 14:09:17',3);
insert  into `sys_oper_log`(`oper_id`,`title`,`business_type`,`method`,`request_method`,`operator_type`,`oper_name`,`dept_name`,`oper_url`,`oper_ip`,`oper_location`,`oper_param`,`json_result`,`status`,`error_msg`,`oper_time`,`cost_time`) values (111,'菜单管理',3,'com.ruoyi.project.system.controller.SysMenuController.remove()','DELETE',1,'admin','研发部门','/system/menu/114','127.0.0.1','内网IP','{}','{\"msg\":\"操作成功\",\"code\":200}',0,NULL,'2024-08-12 14:09:23',5);
insert  into `sys_oper_log`(`oper_id`,`title`,`business_type`,`method`,`request_method`,`operator_type`,`oper_name`,`dept_name`,`oper_url`,`oper_ip`,`oper_location`,`oper_param`,`json_result`,`status`,`error_msg`,`oper_time`,`cost_time`) values (112,'菜单管理',3,'com.ruoyi.project.system.controller.SysMenuController.remove()','DELETE',1,'admin','研发部门','/system/menu/113','127.0.0.1','内网IP','{}','{\"msg\":\"操作成功\",\"code\":200}',0,NULL,'2024-08-12 14:09:26',13);
insert  into `sys_oper_log`(`oper_id`,`title`,`business_type`,`method`,`request_method`,`operator_type`,`oper_name`,`dept_name`,`oper_url`,`oper_ip`,`oper_location`,`oper_param`,`json_result`,`status`,`error_msg`,`oper_time`,`cost_time`) values (113,'菜单管理',3,'com.ruoyi.project.system.controller.SysMenuController.remove()','DELETE',1,'admin','研发部门','/system/menu/112','127.0.0.1','内网IP','{}','{\"msg\":\"操作成功\",\"code\":200}',0,NULL,'2024-08-12 14:09:28',10);
insert  into `sys_oper_log`(`oper_id`,`title`,`business_type`,`method`,`request_method`,`operator_type`,`oper_name`,`dept_name`,`oper_url`,`oper_ip`,`oper_location`,`oper_param`,`json_result`,`status`,`error_msg`,`oper_time`,`cost_time`) values (114,'菜单管理',3,'com.ruoyi.project.system.controller.SysMenuController.remove()','DELETE',1,'admin','研发部门','/system/menu/111','127.0.0.1','内网IP','{}','{\"msg\":\"操作成功\",\"code\":200}',0,NULL,'2024-08-12 14:09:34',7);
insert  into `sys_oper_log`(`oper_id`,`title`,`business_type`,`method`,`request_method`,`operator_type`,`oper_name`,`dept_name`,`oper_url`,`oper_ip`,`oper_location`,`oper_param`,`json_result`,`status`,`error_msg`,`oper_time`,`cost_time`) values (115,'菜单管理',3,'com.ruoyi.project.system.controller.SysMenuController.remove()','DELETE',1,'admin','研发部门','/system/menu/109','127.0.0.1','内网IP','{}','{\"msg\":\"存在子菜单,不允许删除\",\"code\":601}',0,NULL,'2024-08-12 14:09:45',2);
insert  into `sys_oper_log`(`oper_id`,`title`,`business_type`,`method`,`request_method`,`operator_type`,`oper_name`,`dept_name`,`oper_url`,`oper_ip`,`oper_location`,`oper_param`,`json_result`,`status`,`error_msg`,`oper_time`,`cost_time`) values (116,'菜单管理',3,'com.ruoyi.project.system.controller.SysMenuController.remove()','DELETE',1,'admin','研发部门','/system/menu/1048','127.0.0.1','内网IP','{}','{\"msg\":\"操作成功\",\"code\":200}',0,NULL,'2024-08-12 14:09:51',6);
insert  into `sys_oper_log`(`oper_id`,`title`,`business_type`,`method`,`request_method`,`operator_type`,`oper_name`,`dept_name`,`oper_url`,`oper_ip`,`oper_location`,`oper_param`,`json_result`,`status`,`error_msg`,`oper_time`,`cost_time`) values (117,'菜单管理',3,'com.ruoyi.project.system.controller.SysMenuController.remove()','DELETE',1,'admin','研发部门','/system/menu/1047','127.0.0.1','内网IP','{}','{\"msg\":\"操作成功\",\"code\":200}',0,NULL,'2024-08-12 14:09:53',5);
insert  into `sys_oper_log`(`oper_id`,`title`,`business_type`,`method`,`request_method`,`operator_type`,`oper_name`,`dept_name`,`oper_url`,`oper_ip`,`oper_location`,`oper_param`,`json_result`,`status`,`error_msg`,`oper_time`,`cost_time`) values (118,'菜单管理',3,'com.ruoyi.project.system.controller.SysMenuController.remove()','DELETE',1,'admin','研发部门','/system/menu/1046','127.0.0.1','内网IP','{}','{\"msg\":\"操作成功\",\"code\":200}',0,NULL,'2024-08-12 14:09:55',6);
insert  into `sys_oper_log`(`oper_id`,`title`,`business_type`,`method`,`request_method`,`operator_type`,`oper_name`,`dept_name`,`oper_url`,`oper_ip`,`oper_location`,`oper_param`,`json_result`,`status`,`error_msg`,`oper_time`,`cost_time`) values (119,'菜单管理',3,'com.ruoyi.project.system.controller.SysMenuController.remove()','DELETE',1,'admin','研发部门','/system/menu/109','127.0.0.1','内网IP','{}','{\"msg\":\"操作成功\",\"code\":200}',0,NULL,'2024-08-12 14:09:58',8);
insert  into `sys_oper_log`(`oper_id`,`title`,`business_type`,`method`,`request_method`,`operator_type`,`oper_name`,`dept_name`,`oper_url`,`oper_ip`,`oper_location`,`oper_param`,`json_result`,`status`,`error_msg`,`oper_time`,`cost_time`) values (120,'菜单管理',3,'com.ruoyi.project.system.controller.SysMenuController.remove()','DELETE',1,'admin','研发部门','/system/menu/1054','127.0.0.1','内网IP','{}','{\"msg\":\"操作成功\",\"code\":200}',0,NULL,'2024-08-12 14:10:15',5);
insert  into `sys_oper_log`(`oper_id`,`title`,`business_type`,`method`,`request_method`,`operator_type`,`oper_name`,`dept_name`,`oper_url`,`oper_ip`,`oper_location`,`oper_param`,`json_result`,`status`,`error_msg`,`oper_time`,`cost_time`) values (121,'菜单管理',3,'com.ruoyi.project.system.controller.SysMenuController.remove()','DELETE',1,'admin','研发部门','/system/menu/1053','127.0.0.1','内网IP','{}','{\"msg\":\"操作成功\",\"code\":200}',0,NULL,'2024-08-12 14:10:18',5);
insert  into `sys_oper_log`(`oper_id`,`title`,`business_type`,`method`,`request_method`,`operator_type`,`oper_name`,`dept_name`,`oper_url`,`oper_ip`,`oper_location`,`oper_param`,`json_result`,`status`,`error_msg`,`oper_time`,`cost_time`) values (122,'菜单管理',3,'com.ruoyi.project.system.controller.SysMenuController.remove()','DELETE',1,'admin','研发部门','/system/menu/1052','127.0.0.1','内网IP','{}','{\"msg\":\"操作成功\",\"code\":200}',0,NULL,'2024-08-12 14:10:23',5);
insert  into `sys_oper_log`(`oper_id`,`title`,`business_type`,`method`,`request_method`,`operator_type`,`oper_name`,`dept_name`,`oper_url`,`oper_ip`,`oper_location`,`oper_param`,`json_result`,`status`,`error_msg`,`oper_time`,`cost_time`) values (123,'菜单管理',3,'com.ruoyi.project.system.controller.SysMenuController.remove()','DELETE',1,'admin','研发部门','/system/menu/1051','127.0.0.1','内网IP','{}','{\"msg\":\"操作成功\",\"code\":200}',0,NULL,'2024-08-12 14:10:25',6);
insert  into `sys_oper_log`(`oper_id`,`title`,`business_type`,`method`,`request_method`,`operator_type`,`oper_name`,`dept_name`,`oper_url`,`oper_ip`,`oper_location`,`oper_param`,`json_result`,`status`,`error_msg`,`oper_time`,`cost_time`) values (124,'菜单管理',3,'com.ruoyi.project.system.controller.SysMenuController.remove()','DELETE',1,'admin','研发部门','/system/menu/1050','127.0.0.1','内网IP','{}','{\"msg\":\"操作成功\",\"code\":200}',0,NULL,'2024-08-12 14:10:27',8);
insert  into `sys_oper_log`(`oper_id`,`title`,`business_type`,`method`,`request_method`,`operator_type`,`oper_name`,`dept_name`,`oper_url`,`oper_ip`,`oper_location`,`oper_param`,`json_result`,`status`,`error_msg`,`oper_time`,`cost_time`) values (125,'菜单管理',3,'com.ruoyi.project.system.controller.SysMenuController.remove()','DELETE',1,'admin','研发部门','/system/menu/1049','127.0.0.1','内网IP','{}','{\"msg\":\"操作成功\",\"code\":200}',0,NULL,'2024-08-12 14:10:29',5);
insert  into `sys_oper_log`(`oper_id`,`title`,`business_type`,`method`,`request_method`,`operator_type`,`oper_name`,`dept_name`,`oper_url`,`oper_ip`,`oper_location`,`oper_param`,`json_result`,`status`,`error_msg`,`oper_time`,`cost_time`) values (126,'菜单管理',3,'com.ruoyi.project.system.controller.SysMenuController.remove()','DELETE',1,'admin','研发部门','/system/menu/110','127.0.0.1','内网IP','{}','{\"msg\":\"操作成功\",\"code\":200}',0,NULL,'2024-08-12 14:10:31',5);
insert  into `sys_oper_log`(`oper_id`,`title`,`business_type`,`method`,`request_method`,`operator_type`,`oper_name`,`dept_name`,`oper_url`,`oper_ip`,`oper_location`,`oper_param`,`json_result`,`status`,`error_msg`,`oper_time`,`cost_time`) values (127,'菜单管理',3,'com.ruoyi.project.system.controller.SysMenuController.remove()','DELETE',1,'admin','研发部门','/system/menu/2','127.0.0.1','内网IP','{}','{\"msg\":\"操作成功\",\"code\":200}',0,NULL,'2024-08-12 14:10:36',4);
insert  into `sys_oper_log`(`oper_id`,`title`,`business_type`,`method`,`request_method`,`operator_type`,`oper_name`,`dept_name`,`oper_url`,`oper_ip`,`oper_location`,`oper_param`,`json_result`,`status`,`error_msg`,`oper_time`,`cost_time`) values (128,'代码生成',6,'com.ruoyi.project.tool.gen.controller.GenController.importTableSave()','POST',1,'admin','研发部门','/tool/gen/importTable','127.0.0.1','内网IP','{\"tables\":\"employee\"}','{\"msg\":\"操作成功\",\"code\":200}',0,NULL,'2024-08-12 14:18:37',59);
insert  into `sys_oper_log`(`oper_id`,`title`,`business_type`,`method`,`request_method`,`operator_type`,`oper_name`,`dept_name`,`oper_url`,`oper_ip`,`oper_location`,`oper_param`,`json_result`,`status`,`error_msg`,`oper_time`,`cost_time`) values (129,'菜单管理',3,'com.ruoyi.project.system.controller.SysMenuController.remove()','DELETE',1,'admin','研发部门','/system/menu/1018','127.0.0.1','内网IP','{}','{\"msg\":\"菜单已分配,不允许删除\",\"code\":601}',0,NULL,'2024-08-12 14:48:20',14);
insert  into `sys_oper_log`(`oper_id`,`title`,`business_type`,`method`,`request_method`,`operator_type`,`oper_name`,`dept_name`,`oper_url`,`oper_ip`,`oper_location`,`oper_param`,`json_result`,`status`,`error_msg`,`oper_time`,`cost_time`) values (130,'角色管理',2,'com.ruoyi.project.system.controller.SysRoleController.edit()','PUT',1,'admin','研发部门','/system/role','127.0.0.1','内网IP','{\"admin\":false,\"createTime\":\"2024-06-16 15:22:25\",\"dataScope\":\"2\",\"delFlag\":\"0\",\"deptCheckStrictly\":true,\"flag\":false,\"menuCheckStrictly\":true,\"menuIds\":[1,3,100,1000,1001,1002,1003,1004,1005,1006,101,1007,1008,1009,1010,1011,102,1012,1013,1014,1015,105,1025,1026,1027,1028,1029,106,1030,1031,1032,1033,1034,107,1035,1036,1037,1038,108,500,1039,1040,1041,501,1042,1043,1044,1045,115,116,1055,1056,1057,1058,1059,1060,117],\"params\":{},\"remark\":\"普通角色\",\"roleId\":2,\"roleKey\":\"common\",\"roleName\":\"普通角色\",\"roleSort\":2,\"status\":\"0\",\"updateBy\":\"admin\"}','{\"msg\":\"操作成功\",\"code\":200}',0,NULL,'2024-08-12 14:48:39',34);
insert  into `sys_oper_log`(`oper_id`,`title`,`business_type`,`method`,`request_method`,`operator_type`,`oper_name`,`dept_name`,`oper_url`,`oper_ip`,`oper_location`,`oper_param`,`json_result`,`status`,`error_msg`,`oper_time`,`cost_time`) values (131,'菜单管理',3,'com.ruoyi.project.system.controller.SysMenuController.remove()','DELETE',1,'admin','研发部门','/system/menu/103','127.0.0.1','内网IP','{}','{\"msg\":\"存在子菜单,不允许删除\",\"code\":601}',0,NULL,'2024-08-12 14:48:59',2);
insert  into `sys_oper_log`(`oper_id`,`title`,`business_type`,`method`,`request_method`,`operator_type`,`oper_name`,`dept_name`,`oper_url`,`oper_ip`,`oper_location`,`oper_param`,`json_result`,`status`,`error_msg`,`oper_time`,`cost_time`) values (132,'菜单管理',3,'com.ruoyi.project.system.controller.SysMenuController.remove()','DELETE',1,'admin','研发部门','/system/menu/1019','127.0.0.1','内网IP','{}','{\"msg\":\"操作成功\",\"code\":200}',0,NULL,'2024-08-12 14:49:03',10);
insert  into `sys_oper_log`(`oper_id`,`title`,`business_type`,`method`,`request_method`,`operator_type`,`oper_name`,`dept_name`,`oper_url`,`oper_ip`,`oper_location`,`oper_param`,`json_result`,`status`,`error_msg`,`oper_time`,`cost_time`) values (133,'菜单管理',3,'com.ruoyi.project.system.controller.SysMenuController.remove()','DELETE',1,'admin','研发部门','/system/menu/1018','127.0.0.1','内网IP','{}','{\"msg\":\"操作成功\",\"code\":200}',0,NULL,'2024-08-12 14:49:06',6);
insert  into `sys_oper_log`(`oper_id`,`title`,`business_type`,`method`,`request_method`,`operator_type`,`oper_name`,`dept_name`,`oper_url`,`oper_ip`,`oper_location`,`oper_param`,`json_result`,`status`,`error_msg`,`oper_time`,`cost_time`) values (134,'菜单管理',3,'com.ruoyi.project.system.controller.SysMenuController.remove()','DELETE',1,'admin','研发部门','/system/menu/1017','127.0.0.1','内网IP','{}','{\"msg\":\"操作成功\",\"code\":200}',0,NULL,'2024-08-12 14:49:08',6);
insert  into `sys_oper_log`(`oper_id`,`title`,`business_type`,`method`,`request_method`,`operator_type`,`oper_name`,`dept_name`,`oper_url`,`oper_ip`,`oper_location`,`oper_param`,`json_result`,`status`,`error_msg`,`oper_time`,`cost_time`) values (135,'菜单管理',3,'com.ruoyi.project.system.controller.SysMenuController.remove()','DELETE',1,'admin','研发部门','/system/menu/1016','127.0.0.1','内网IP','{}','{\"msg\":\"操作成功\",\"code\":200}',0,NULL,'2024-08-12 14:49:10',6);
insert  into `sys_oper_log`(`oper_id`,`title`,`business_type`,`method`,`request_method`,`operator_type`,`oper_name`,`dept_name`,`oper_url`,`oper_ip`,`oper_location`,`oper_param`,`json_result`,`status`,`error_msg`,`oper_time`,`cost_time`) values (136,'菜单管理',3,'com.ruoyi.project.system.controller.SysMenuController.remove()','DELETE',1,'admin','研发部门','/system/menu/1024','127.0.0.1','内网IP','{}','{\"msg\":\"操作成功\",\"code\":200}',0,NULL,'2024-08-12 14:49:14',6);
insert  into `sys_oper_log`(`oper_id`,`title`,`business_type`,`method`,`request_method`,`operator_type`,`oper_name`,`dept_name`,`oper_url`,`oper_ip`,`oper_location`,`oper_param`,`json_result`,`status`,`error_msg`,`oper_time`,`cost_time`) values (137,'菜单管理',3,'com.ruoyi.project.system.controller.SysMenuController.remove()','DELETE',1,'admin','研发部门','/system/menu/1023','127.0.0.1','内网IP','{}','{\"msg\":\"操作成功\",\"code\":200}',0,NULL,'2024-08-12 14:49:16',6);
insert  into `sys_oper_log`(`oper_id`,`title`,`business_type`,`method`,`request_method`,`operator_type`,`oper_name`,`dept_name`,`oper_url`,`oper_ip`,`oper_location`,`oper_param`,`json_result`,`status`,`error_msg`,`oper_time`,`cost_time`) values (138,'菜单管理',3,'com.ruoyi.project.system.controller.SysMenuController.remove()','DELETE',1,'admin','研发部门','/system/menu/1022','127.0.0.1','内网IP','{}','{\"msg\":\"操作成功\",\"code\":200}',0,NULL,'2024-08-12 14:49:18',6);
insert  into `sys_oper_log`(`oper_id`,`title`,`business_type`,`method`,`request_method`,`operator_type`,`oper_name`,`dept_name`,`oper_url`,`oper_ip`,`oper_location`,`oper_param`,`json_result`,`status`,`error_msg`,`oper_time`,`cost_time`) values (139,'菜单管理',3,'com.ruoyi.project.system.controller.SysMenuController.remove()','DELETE',1,'admin','研发部门','/system/menu/1021','127.0.0.1','内网IP','{}','{\"msg\":\"操作成功\",\"code\":200}',0,NULL,'2024-08-12 14:49:20',5);
insert  into `sys_oper_log`(`oper_id`,`title`,`business_type`,`method`,`request_method`,`operator_type`,`oper_name`,`dept_name`,`oper_url`,`oper_ip`,`oper_location`,`oper_param`,`json_result`,`status`,`error_msg`,`oper_time`,`cost_time`) values (140,'菜单管理',3,'com.ruoyi.project.system.controller.SysMenuController.remove()','DELETE',1,'admin','研发部门','/system/menu/1020','127.0.0.1','内网IP','{}','{\"msg\":\"操作成功\",\"code\":200}',0,NULL,'2024-08-12 14:49:22',6);
insert  into `sys_oper_log`(`oper_id`,`title`,`business_type`,`method`,`request_method`,`operator_type`,`oper_name`,`dept_name`,`oper_url`,`oper_ip`,`oper_location`,`oper_param`,`json_result`,`status`,`error_msg`,`oper_time`,`cost_time`) values (141,'菜单管理',3,'com.ruoyi.project.system.controller.SysMenuController.remove()','DELETE',1,'admin','研发部门','/system/menu/104','127.0.0.1','内网IP','{}','{\"msg\":\"操作成功\",\"code\":200}',0,NULL,'2024-08-12 14:49:26',6);
insert  into `sys_oper_log`(`oper_id`,`title`,`business_type`,`method`,`request_method`,`operator_type`,`oper_name`,`dept_name`,`oper_url`,`oper_ip`,`oper_location`,`oper_param`,`json_result`,`status`,`error_msg`,`oper_time`,`cost_time`) values (142,'菜单管理',3,'com.ruoyi.project.system.controller.SysMenuController.remove()','DELETE',1,'admin','研发部门','/system/menu/103','127.0.0.1','内网IP','{}','{\"msg\":\"操作成功\",\"code\":200}',0,NULL,'2024-08-12 14:49:29',5);
insert  into `sys_oper_log`(`oper_id`,`title`,`business_type`,`method`,`request_method`,`operator_type`,`oper_name`,`dept_name`,`oper_url`,`oper_ip`,`oper_location`,`oper_param`,`json_result`,`status`,`error_msg`,`oper_time`,`cost_time`) values (143,'用户头像',2,'com.ruoyi.project.system.controller.SysProfileController.avatar()','POST',1,'admin','研发部门','/system/user/profile/avatar','127.0.0.1','内网IP','','{\"msg\":\"操作成功\",\"imgUrl\":\"/profile/avatar/2024/08/23/logo_20240823163528A001.png\",\"code\":200}',0,NULL,'2024-08-23 16:35:28',49);
insert  into `sys_oper_log`(`oper_id`,`title`,`business_type`,`method`,`request_method`,`operator_type`,`oper_name`,`dept_name`,`oper_url`,`oper_ip`,`oper_location`,`oper_param`,`json_result`,`status`,`error_msg`,`oper_time`,`cost_time`) values (144,'创建表',0,'com.ruoyi.project.tool.gen.controller.GenController.createTableSave()','POST',1,'admin','研发部门','/tool/gen/createTable','127.0.0.1','内网IP','{\"sql\":\"DROP TABLE IF EXISTS `good`;\\n\\nCREATE TABLE `good` (\\n  `id` bigint(20) NOT NULL AUTO_INCREMENT COMMENT \'主键\',\\n  `name` varchar(255) COLLATE utf8_bin DEFAULT NULL COMMENT \'商品名称\',\\n  `description` varchar(1600) COLLATE utf8_bin DEFAULT NULL COMMENT \'描述\',\\n  `discount` double(10,2) NOT NULL DEFAULT \'1.00\' COMMENT \'折扣\',\\n  `sales` bigint(20) NOT NULL DEFAULT \'0\' COMMENT \'销量\',\\n  `sale_money` double(10,2) DEFAULT \'0.00\' COMMENT \'销售额\',\\n  `category_id` bigint(20) DEFAULT NULL COMMENT \'分类id\',\\n  `imgs` varchar(255) COLLATE utf8_bin DEFAULT NULL COMMENT \'商品图片\',\\n  `create_time` datetime DEFAULT NULL COMMENT \'创建时间\',\\n  `recommend` tinyint(1) NOT NULL DEFAULT \'0\' COMMENT \'是否推荐。0不推荐，1推荐\',\\n  `is_delete` tinyint(1) NOT NULL DEFAULT \'0\' COMMENT \'是否删除，0未删除，1删除\',\\n  PRIMARY KEY (`id`) USING BTREE\\n) ENGINE=InnoDB AUTO_INCREMENT=11 DEFAULT CHARSET=utf8 COLLATE=utf8_bin ROW_FORMAT=DYNAMIC COMMENT=\'商品表\';\\n\"}','{\"msg\":\"创建表结构异常\",\"code\":500}',0,NULL,'2024-08-23 17:14:23',12);
insert  into `sys_oper_log`(`oper_id`,`title`,`business_type`,`method`,`request_method`,`operator_type`,`oper_name`,`dept_name`,`oper_url`,`oper_ip`,`oper_location`,`oper_param`,`json_result`,`status`,`error_msg`,`oper_time`,`cost_time`) values (145,'创建表',0,'com.ruoyi.project.tool.gen.controller.GenController.createTableSave()','POST',1,'admin','研发部门','/tool/gen/createTable','127.0.0.1','内网IP','{\"sql\":\"\\nCREATE TABLE `good` (\\n  `id` bigint(20) NOT NULL AUTO_INCREMENT COMMENT \'主键\',\\n  `name` varchar(255) COLLATE utf8_bin DEFAULT NULL COMMENT \'商品名称\',\\n  `description` varchar(1600) COLLATE utf8_bin DEFAULT NULL COMMENT \'描述\',\\n  `discount` double(10,2) NOT NULL DEFAULT \'1.00\' COMMENT \'折扣\',\\n  `sales` bigint(20) NOT NULL DEFAULT \'0\' COMMENT \'销量\',\\n  `sale_money` double(10,2) DEFAULT \'0.00\' COMMENT \'销售额\',\\n  `category_id` bigint(20) DEFAULT NULL COMMENT \'分类id\',\\n  `imgs` varchar(255) COLLATE utf8_bin DEFAULT NULL COMMENT \'商品图片\',\\n  `create_time` datetime DEFAULT NULL COMMENT \'创建时间\',\\n  `recommend` tinyint(1) NOT NULL DEFAULT \'0\' COMMENT \'是否推荐。0不推荐，1推荐\',\\n  `is_delete` tinyint(1) NOT NULL DEFAULT \'0\' COMMENT \'是否删除，0未删除，1删除\',\\n  PRIMARY KEY (`id`) USING BTREE\\n) ENGINE=InnoDB AUTO_INCREMENT=11 DEFAULT CHARSET=utf8 COLLATE=utf8_bin ROW_FORMAT=DYNAMIC COMMENT=\'商品表\';\\n\"}','{\"msg\":\"操作成功\",\"code\":200}',0,NULL,'2024-08-23 17:14:29',106);
insert  into `sys_oper_log`(`oper_id`,`title`,`business_type`,`method`,`request_method`,`operator_type`,`oper_name`,`dept_name`,`oper_url`,`oper_ip`,`oper_location`,`oper_param`,`json_result`,`status`,`error_msg`,`oper_time`,`cost_time`) values (146,'代码生成',2,'com.ruoyi.project.tool.gen.controller.GenController.editSave()','PUT',1,'admin','研发部门','/tool/gen','127.0.0.1','内网IP','{\"businessName\":\"good\",\"className\":\"Good\",\"columns\":[{\"capJavaField\":\"Id\",\"columnComment\":\"主键\",\"columnId\":41,\"columnName\":\"id\",\"columnType\":\"bigint(20)\",\"createBy\":\"admin\",\"createTime\":\"2024-08-23 17:14:29\",\"dictType\":\"\",\"edit\":false,\"htmlType\":\"input\",\"increment\":true,\"insert\":true,\"isIncrement\":\"1\",\"isInsert\":\"1\",\"isPk\":\"1\",\"isRequired\":\"0\",\"javaField\":\"id\",\"javaType\":\"Long\",\"list\":false,\"params\":{},\"pk\":true,\"query\":false,\"queryType\":\"EQ\",\"required\":false,\"sort\":1,\"superColumn\":false,\"tableId\":4,\"updateBy\":\"\",\"usableColumn\":false},{\"capJavaField\":\"Name\",\"columnComment\":\"商品名称\",\"columnId\":42,\"columnName\":\"name\",\"columnType\":\"varchar(255)\",\"createBy\":\"admin\",\"createTime\":\"2024-08-23 17:14:29\",\"dictType\":\"\",\"edit\":true,\"htmlType\":\"input\",\"increment\":false,\"insert\":true,\"isEdit\":\"1\",\"isIncrement\":\"0\",\"isInsert\":\"1\",\"isList\":\"1\",\"isPk\":\"0\",\"isQuery\":\"1\",\"isRequired\":\"0\",\"javaField\":\"name\",\"javaType\":\"String\",\"list\":true,\"params\":{},\"pk\":false,\"query\":true,\"queryType\":\"LIKE\",\"required\":false,\"sort\":2,\"superColumn\":false,\"tableId\":4,\"updateBy\":\"\",\"usableColumn\":false},{\"capJavaField\":\"Description\",\"columnComment\":\"描述\",\"columnId\":43,\"columnName\":\"description\",\"columnType\":\"varchar(1600)\",\"createBy\":\"admin\",\"createTime\":\"2024-08-23 17:14:29\",\"dictType\":\"\",\"edit\":true,\"htmlType\":\"textarea\",\"increment\":false,\"insert\":true,\"isEdit\":\"1\",\"isIncrement\":\"0\",\"isInsert\":\"1\",\"isList\":\"1\",\"isPk\":\"0\",\"isQuery\":\"1\",\"isRequired\":\"0\",\"javaField\":\"description\",\"javaType\":\"String\",\"list\":true,\"params\":{},\"pk\":false,\"query\":true,\"queryType\":\"EQ\",\"required\":false,\"sort\":3,\"superColumn\":false,\"tableId\":4,\"updateBy\":\"\",\"usableColumn\":false},{\"capJavaField\":\"Discount\",\"columnComment\":\"折扣\",\"columnId\":44,\"columnName\":\"discount\",\"columnType\":\"double(10,2)\",\"createBy\":\"admin\",\"createTime\":\"2024-08-23 17:14:29\",\"dictType\":\"\",\"edit\":true,\"htmlType\":\"input\",\"increment\":false,\"insert\":true,\"isEdit\":\"1\",\"isIncrement\":\"0\",\"isInsert\":\"1\",\"isList\":\"1\",\"isPk\":\"0\",\"isQuery\":\"1\",\"isRequired\":\"1\",\"javaField\":\"','{\"msg\":\"操作成功\",\"code\":200}',0,NULL,'2024-08-23 17:15:06',39);
insert  into `sys_oper_log`(`oper_id`,`title`,`business_type`,`method`,`request_method`,`operator_type`,`oper_name`,`dept_name`,`oper_url`,`oper_ip`,`oper_location`,`oper_param`,`json_result`,`status`,`error_msg`,`oper_time`,`cost_time`) values (147,'代码生成',8,'com.ruoyi.project.tool.gen.controller.GenController.batchGenCode()','GET',1,'admin','研发部门','/tool/gen/batchGenCode','127.0.0.1','内网IP','{\"tables\":\"good\"}',NULL,0,NULL,'2024-08-23 17:15:11',235);
insert  into `sys_oper_log`(`oper_id`,`title`,`business_type`,`method`,`request_method`,`operator_type`,`oper_name`,`dept_name`,`oper_url`,`oper_ip`,`oper_location`,`oper_param`,`json_result`,`status`,`error_msg`,`oper_time`,`cost_time`) values (148,'代码生成',2,'com.ruoyi.project.tool.gen.controller.GenController.editSave()','PUT',1,'admin','研发部门','/tool/gen','127.0.0.1','内网IP','{\"businessName\":\"good\",\"className\":\"Good\",\"columns\":[{\"capJavaField\":\"Id\",\"columnComment\":\"主键\",\"columnId\":41,\"columnName\":\"id\",\"columnType\":\"bigint(20)\",\"createBy\":\"admin\",\"createTime\":\"2024-08-23 17:14:29\",\"dictType\":\"\",\"edit\":false,\"htmlType\":\"input\",\"increment\":true,\"insert\":true,\"isIncrement\":\"1\",\"isInsert\":\"1\",\"isPk\":\"1\",\"isRequired\":\"0\",\"javaField\":\"id\",\"javaType\":\"Long\",\"list\":false,\"params\":{},\"pk\":true,\"query\":false,\"queryType\":\"EQ\",\"required\":false,\"sort\":1,\"superColumn\":false,\"tableId\":4,\"updateBy\":\"\",\"updateTime\":\"2024-08-23 17:15:06\",\"usableColumn\":false},{\"capJavaField\":\"Name\",\"columnComment\":\"商品名称\",\"columnId\":42,\"columnName\":\"name\",\"columnType\":\"varchar(255)\",\"createBy\":\"admin\",\"createTime\":\"2024-08-23 17:14:29\",\"dictType\":\"\",\"edit\":true,\"htmlType\":\"input\",\"increment\":false,\"insert\":true,\"isEdit\":\"1\",\"isIncrement\":\"0\",\"isInsert\":\"1\",\"isList\":\"1\",\"isPk\":\"0\",\"isQuery\":\"1\",\"isRequired\":\"0\",\"javaField\":\"name\",\"javaType\":\"String\",\"list\":true,\"params\":{},\"pk\":false,\"query\":true,\"queryType\":\"LIKE\",\"required\":false,\"sort\":2,\"superColumn\":false,\"tableId\":4,\"updateBy\":\"\",\"updateTime\":\"2024-08-23 17:15:06\",\"usableColumn\":false},{\"capJavaField\":\"Description\",\"columnComment\":\"描述\",\"columnId\":43,\"columnName\":\"description\",\"columnType\":\"varchar(1600)\",\"createBy\":\"admin\",\"createTime\":\"2024-08-23 17:14:29\",\"dictType\":\"\",\"edit\":true,\"htmlType\":\"textarea\",\"increment\":false,\"insert\":true,\"isEdit\":\"1\",\"isIncrement\":\"0\",\"isInsert\":\"1\",\"isList\":\"1\",\"isPk\":\"0\",\"isQuery\":\"1\",\"isRequired\":\"0\",\"javaField\":\"description\",\"javaType\":\"String\",\"list\":true,\"params\":{},\"pk\":false,\"query\":true,\"queryType\":\"EQ\",\"required\":false,\"sort\":3,\"superColumn\":false,\"tableId\":4,\"updateBy\":\"\",\"updateTime\":\"2024-08-23 17:15:06\",\"usableColumn\":false},{\"capJavaField\":\"Discount\",\"columnComment\":\"折扣\",\"columnId\":44,\"columnName\":\"discount\",\"columnType\":\"double(10,2)\",\"createBy\":\"admin\",\"createTime\":\"2024-08-23 17:14:29\",\"dictType\":\"\",\"edit\":true,\"htmlType\":\"input\",\"increment\":false,\"insert\":true,\"isEdit\":','{\"msg\":\"操作成功\",\"code\":200}',0,NULL,'2024-08-23 17:17:49',22);
insert  into `sys_oper_log`(`oper_id`,`title`,`business_type`,`method`,`request_method`,`operator_type`,`oper_name`,`dept_name`,`oper_url`,`oper_ip`,`oper_location`,`oper_param`,`json_result`,`status`,`error_msg`,`oper_time`,`cost_time`) values (149,'代码生成',8,'com.ruoyi.project.tool.gen.controller.GenController.batchGenCode()','GET',1,'admin','研发部门','/tool/gen/batchGenCode','127.0.0.1','内网IP','{\"tables\":\"good\"}',NULL,0,NULL,'2024-08-23 17:17:52',30);
insert  into `sys_oper_log`(`oper_id`,`title`,`business_type`,`method`,`request_method`,`operator_type`,`oper_name`,`dept_name`,`oper_url`,`oper_ip`,`oper_location`,`oper_param`,`json_result`,`status`,`error_msg`,`oper_time`,`cost_time`) values (150,'代码生成',2,'com.ruoyi.project.tool.gen.controller.GenController.editSave()','PUT',1,'admin','研发部门','/tool/gen','127.0.0.1','内网IP','{\"businessName\":\"good\",\"className\":\"Good\",\"columns\":[{\"capJavaField\":\"Id\",\"columnComment\":\"主键\",\"columnId\":41,\"columnName\":\"id\",\"columnType\":\"bigint(20)\",\"createBy\":\"admin\",\"createTime\":\"2024-08-23 17:14:29\",\"dictType\":\"\",\"edit\":false,\"htmlType\":\"input\",\"increment\":true,\"insert\":true,\"isIncrement\":\"1\",\"isInsert\":\"1\",\"isPk\":\"1\",\"isRequired\":\"0\",\"javaField\":\"id\",\"javaType\":\"Long\",\"list\":false,\"params\":{},\"pk\":true,\"query\":false,\"queryType\":\"EQ\",\"required\":false,\"sort\":1,\"superColumn\":false,\"tableId\":4,\"updateBy\":\"\",\"updateTime\":\"2024-08-23 17:17:49\",\"usableColumn\":false},{\"capJavaField\":\"Name\",\"columnComment\":\"商品名称\",\"columnId\":42,\"columnName\":\"name\",\"columnType\":\"varchar(255)\",\"createBy\":\"admin\",\"createTime\":\"2024-08-23 17:14:29\",\"dictType\":\"\",\"edit\":true,\"htmlType\":\"input\",\"increment\":false,\"insert\":true,\"isEdit\":\"1\",\"isIncrement\":\"0\",\"isInsert\":\"1\",\"isList\":\"1\",\"isPk\":\"0\",\"isQuery\":\"1\",\"isRequired\":\"0\",\"javaField\":\"name\",\"javaType\":\"String\",\"list\":true,\"params\":{},\"pk\":false,\"query\":true,\"queryType\":\"LIKE\",\"required\":false,\"sort\":2,\"superColumn\":false,\"tableId\":4,\"updateBy\":\"\",\"updateTime\":\"2024-08-23 17:17:49\",\"usableColumn\":false},{\"capJavaField\":\"Description\",\"columnComment\":\"描述\",\"columnId\":43,\"columnName\":\"description\",\"columnType\":\"varchar(1600)\",\"createBy\":\"admin\",\"createTime\":\"2024-08-23 17:14:29\",\"dictType\":\"\",\"edit\":true,\"htmlType\":\"textarea\",\"increment\":false,\"insert\":true,\"isEdit\":\"1\",\"isIncrement\":\"0\",\"isInsert\":\"1\",\"isList\":\"1\",\"isPk\":\"0\",\"isQuery\":\"0\",\"isRequired\":\"0\",\"javaField\":\"description\",\"javaType\":\"String\",\"list\":true,\"params\":{},\"pk\":false,\"query\":false,\"queryType\":\"EQ\",\"required\":false,\"sort\":3,\"superColumn\":false,\"tableId\":4,\"updateBy\":\"\",\"updateTime\":\"2024-08-23 17:17:49\",\"usableColumn\":false},{\"capJavaField\":\"Discount\",\"columnComment\":\"折扣\",\"columnId\":44,\"columnName\":\"discount\",\"columnType\":\"double(10,2)\",\"createBy\":\"admin\",\"createTime\":\"2024-08-23 17:14:29\",\"dictType\":\"\",\"edit\":true,\"htmlType\":\"input\",\"increment\":false,\"insert\":true,\"isEdit\"','{\"msg\":\"操作成功\",\"code\":200}',0,NULL,'2024-08-23 17:21:01',23);
insert  into `sys_oper_log`(`oper_id`,`title`,`business_type`,`method`,`request_method`,`operator_type`,`oper_name`,`dept_name`,`oper_url`,`oper_ip`,`oper_location`,`oper_param`,`json_result`,`status`,`error_msg`,`oper_time`,`cost_time`) values (151,'代码生成',8,'com.ruoyi.project.tool.gen.controller.GenController.batchGenCode()','GET',1,'admin','研发部门','/tool/gen/batchGenCode','127.0.0.1','内网IP','{\"tables\":\"good\"}',NULL,0,NULL,'2024-08-23 17:21:04',24);
insert  into `sys_oper_log`(`oper_id`,`title`,`business_type`,`method`,`request_method`,`operator_type`,`oper_name`,`dept_name`,`oper_url`,`oper_ip`,`oper_location`,`oper_param`,`json_result`,`status`,`error_msg`,`oper_time`,`cost_time`) values (152,'代码生成',2,'com.ruoyi.project.tool.gen.controller.GenController.editSave()','PUT',1,'admin','研发部门','/tool/gen','127.0.0.1','内网IP','{\"businessName\":\"good\",\"className\":\"Good\",\"columns\":[{\"capJavaField\":\"Id\",\"columnComment\":\"主键\",\"columnId\":41,\"columnName\":\"id\",\"columnType\":\"bigint(20)\",\"createBy\":\"admin\",\"createTime\":\"2024-08-23 17:14:29\",\"dictType\":\"\",\"edit\":false,\"htmlType\":\"input\",\"increment\":true,\"insert\":true,\"isIncrement\":\"1\",\"isInsert\":\"1\",\"isPk\":\"1\",\"isRequired\":\"0\",\"javaField\":\"id\",\"javaType\":\"Long\",\"list\":false,\"params\":{},\"pk\":true,\"query\":false,\"queryType\":\"EQ\",\"required\":false,\"sort\":1,\"superColumn\":false,\"tableId\":4,\"updateBy\":\"\",\"updateTime\":\"2024-08-23 17:21:01\",\"usableColumn\":false},{\"capJavaField\":\"Name\",\"columnComment\":\"商品名称\",\"columnId\":42,\"columnName\":\"name\",\"columnType\":\"varchar(255)\",\"createBy\":\"admin\",\"createTime\":\"2024-08-23 17:14:29\",\"dictType\":\"\",\"edit\":true,\"htmlType\":\"input\",\"increment\":false,\"insert\":true,\"isEdit\":\"1\",\"isIncrement\":\"0\",\"isInsert\":\"1\",\"isList\":\"1\",\"isPk\":\"0\",\"isQuery\":\"1\",\"isRequired\":\"0\",\"javaField\":\"name\",\"javaType\":\"String\",\"list\":true,\"params\":{},\"pk\":false,\"query\":true,\"queryType\":\"LIKE\",\"required\":false,\"sort\":2,\"superColumn\":false,\"tableId\":4,\"updateBy\":\"\",\"updateTime\":\"2024-08-23 17:21:01\",\"usableColumn\":false},{\"capJavaField\":\"Description\",\"columnComment\":\"描述\",\"columnId\":43,\"columnName\":\"description\",\"columnType\":\"varchar(1600)\",\"createBy\":\"admin\",\"createTime\":\"2024-08-23 17:14:29\",\"dictType\":\"\",\"edit\":true,\"htmlType\":\"textarea\",\"increment\":false,\"insert\":true,\"isEdit\":\"1\",\"isIncrement\":\"0\",\"isInsert\":\"1\",\"isList\":\"1\",\"isPk\":\"0\",\"isQuery\":\"0\",\"isRequired\":\"0\",\"javaField\":\"description\",\"javaType\":\"String\",\"list\":true,\"params\":{},\"pk\":false,\"query\":false,\"queryType\":\"EQ\",\"required\":false,\"sort\":3,\"superColumn\":false,\"tableId\":4,\"updateBy\":\"\",\"updateTime\":\"2024-08-23 17:21:01\",\"usableColumn\":false},{\"capJavaField\":\"Discount\",\"columnComment\":\"折扣\",\"columnId\":44,\"columnName\":\"discount\",\"columnType\":\"double(10,2)\",\"createBy\":\"admin\",\"createTime\":\"2024-08-23 17:14:29\",\"dictType\":\"\",\"edit\":true,\"htmlType\":\"input\",\"increment\":false,\"insert\":true,\"isEdit\"','{\"msg\":\"操作成功\",\"code\":200}',0,NULL,'2024-08-23 17:25:20',18);
insert  into `sys_oper_log`(`oper_id`,`title`,`business_type`,`method`,`request_method`,`operator_type`,`oper_name`,`dept_name`,`oper_url`,`oper_ip`,`oper_location`,`oper_param`,`json_result`,`status`,`error_msg`,`oper_time`,`cost_time`) values (153,'代码生成',8,'com.ruoyi.project.tool.gen.controller.GenController.batchGenCode()','GET',1,'admin','研发部门','/tool/gen/batchGenCode','127.0.0.1','内网IP','{\"tables\":\"good\"}',NULL,0,NULL,'2024-08-23 17:25:24',23);
insert  into `sys_oper_log`(`oper_id`,`title`,`business_type`,`method`,`request_method`,`operator_type`,`oper_name`,`dept_name`,`oper_url`,`oper_ip`,`oper_location`,`oper_param`,`json_result`,`status`,`error_msg`,`oper_time`,`cost_time`) values (154,'代码生成',2,'com.ruoyi.project.tool.gen.controller.GenController.editSave()','PUT',1,'admin','研发部门','/tool/gen','127.0.0.1','内网IP','{\"businessName\":\"good\",\"className\":\"Good\",\"columns\":[{\"capJavaField\":\"Id\",\"columnComment\":\"主键\",\"columnId\":41,\"columnName\":\"id\",\"columnType\":\"bigint(20)\",\"createBy\":\"admin\",\"createTime\":\"2024-08-23 17:14:29\",\"dictType\":\"\",\"edit\":false,\"htmlType\":\"input\",\"increment\":true,\"insert\":true,\"isIncrement\":\"1\",\"isInsert\":\"1\",\"isPk\":\"1\",\"isRequired\":\"0\",\"javaField\":\"id\",\"javaType\":\"Long\",\"list\":false,\"params\":{},\"pk\":true,\"query\":false,\"queryType\":\"EQ\",\"required\":false,\"sort\":1,\"superColumn\":false,\"tableId\":4,\"updateBy\":\"\",\"updateTime\":\"2024-08-23 17:25:20\",\"usableColumn\":false},{\"capJavaField\":\"Name\",\"columnComment\":\"商品名称\",\"columnId\":42,\"columnName\":\"name\",\"columnType\":\"varchar(255)\",\"createBy\":\"admin\",\"createTime\":\"2024-08-23 17:14:29\",\"dictType\":\"\",\"edit\":true,\"htmlType\":\"input\",\"increment\":false,\"insert\":true,\"isEdit\":\"1\",\"isIncrement\":\"0\",\"isInsert\":\"1\",\"isList\":\"1\",\"isPk\":\"0\",\"isQuery\":\"1\",\"isRequired\":\"0\",\"javaField\":\"name\",\"javaType\":\"String\",\"list\":true,\"params\":{},\"pk\":false,\"query\":true,\"queryType\":\"LIKE\",\"required\":false,\"sort\":2,\"superColumn\":false,\"tableId\":4,\"updateBy\":\"\",\"updateTime\":\"2024-08-23 17:25:20\",\"usableColumn\":false},{\"capJavaField\":\"Description\",\"columnComment\":\"描述\",\"columnId\":43,\"columnName\":\"description\",\"columnType\":\"varchar(1600)\",\"createBy\":\"admin\",\"createTime\":\"2024-08-23 17:14:29\",\"dictType\":\"\",\"edit\":true,\"htmlType\":\"textarea\",\"increment\":false,\"insert\":true,\"isEdit\":\"1\",\"isIncrement\":\"0\",\"isInsert\":\"1\",\"isList\":\"1\",\"isPk\":\"0\",\"isQuery\":\"0\",\"isRequired\":\"0\",\"javaField\":\"description\",\"javaType\":\"String\",\"list\":true,\"params\":{},\"pk\":false,\"query\":false,\"queryType\":\"EQ\",\"required\":false,\"sort\":3,\"superColumn\":false,\"tableId\":4,\"updateBy\":\"\",\"updateTime\":\"2024-08-23 17:25:20\",\"usableColumn\":false},{\"capJavaField\":\"Discount\",\"columnComment\":\"折扣\",\"columnId\":44,\"columnName\":\"discount\",\"columnType\":\"double(10,2)\",\"createBy\":\"admin\",\"createTime\":\"2024-08-23 17:14:29\",\"dictType\":\"\",\"edit\":true,\"htmlType\":\"input\",\"increment\":false,\"insert\":true,\"isEdit\"','{\"msg\":\"操作成功\",\"code\":200}',0,NULL,'2024-08-23 17:28:10',20);
insert  into `sys_oper_log`(`oper_id`,`title`,`business_type`,`method`,`request_method`,`operator_type`,`oper_name`,`dept_name`,`oper_url`,`oper_ip`,`oper_location`,`oper_param`,`json_result`,`status`,`error_msg`,`oper_time`,`cost_time`) values (155,'代码生成',8,'com.ruoyi.project.tool.gen.controller.GenController.batchGenCode()','GET',1,'admin','研发部门','/tool/gen/batchGenCode','127.0.0.1','内网IP','{\"tables\":\"good\"}',NULL,0,NULL,'2024-08-23 17:28:12',23);
insert  into `sys_oper_log`(`oper_id`,`title`,`business_type`,`method`,`request_method`,`operator_type`,`oper_name`,`dept_name`,`oper_url`,`oper_ip`,`oper_location`,`oper_param`,`json_result`,`status`,`error_msg`,`oper_time`,`cost_time`) values (156,'代码生成',2,'com.ruoyi.project.tool.gen.controller.GenController.editSave()','PUT',1,'admin','研发部门','/tool/gen','127.0.0.1','内网IP','{\"businessName\":\"good\",\"className\":\"Good\",\"columns\":[{\"capJavaField\":\"Id\",\"columnComment\":\"主键\",\"columnId\":41,\"columnName\":\"id\",\"columnType\":\"bigint(20)\",\"createBy\":\"admin\",\"createTime\":\"2024-08-23 17:14:29\",\"dictType\":\"\",\"edit\":false,\"htmlType\":\"input\",\"increment\":true,\"insert\":true,\"isIncrement\":\"1\",\"isInsert\":\"1\",\"isPk\":\"1\",\"isRequired\":\"0\",\"javaField\":\"id\",\"javaType\":\"Long\",\"list\":false,\"params\":{},\"pk\":true,\"query\":false,\"queryType\":\"EQ\",\"required\":false,\"sort\":1,\"superColumn\":false,\"tableId\":4,\"updateBy\":\"\",\"updateTime\":\"2024-08-23 17:28:10\",\"usableColumn\":false},{\"capJavaField\":\"Name\",\"columnComment\":\"商品名称\",\"columnId\":42,\"columnName\":\"name\",\"columnType\":\"varchar(255)\",\"createBy\":\"admin\",\"createTime\":\"2024-08-23 17:14:29\",\"dictType\":\"\",\"edit\":true,\"htmlType\":\"input\",\"increment\":false,\"insert\":true,\"isEdit\":\"1\",\"isIncrement\":\"0\",\"isInsert\":\"1\",\"isList\":\"1\",\"isPk\":\"0\",\"isQuery\":\"1\",\"isRequired\":\"0\",\"javaField\":\"name\",\"javaType\":\"String\",\"list\":true,\"params\":{},\"pk\":false,\"query\":true,\"queryType\":\"LIKE\",\"required\":false,\"sort\":2,\"superColumn\":false,\"tableId\":4,\"updateBy\":\"\",\"updateTime\":\"2024-08-23 17:28:10\",\"usableColumn\":false},{\"capJavaField\":\"Description\",\"columnComment\":\"描述\",\"columnId\":43,\"columnName\":\"description\",\"columnType\":\"varchar(1600)\",\"createBy\":\"admin\",\"createTime\":\"2024-08-23 17:14:29\",\"dictType\":\"\",\"edit\":true,\"htmlType\":\"textarea\",\"increment\":false,\"insert\":true,\"isEdit\":\"1\",\"isIncrement\":\"0\",\"isInsert\":\"1\",\"isList\":\"1\",\"isPk\":\"0\",\"isQuery\":\"0\",\"isRequired\":\"0\",\"javaField\":\"description\",\"javaType\":\"String\",\"list\":true,\"params\":{},\"pk\":false,\"query\":false,\"queryType\":\"EQ\",\"required\":false,\"sort\":3,\"superColumn\":false,\"tableId\":4,\"updateBy\":\"\",\"updateTime\":\"2024-08-23 17:28:10\",\"usableColumn\":false},{\"capJavaField\":\"Discount\",\"columnComment\":\"折扣\",\"columnId\":44,\"columnName\":\"discount\",\"columnType\":\"double(10,2)\",\"createBy\":\"admin\",\"createTime\":\"2024-08-23 17:14:29\",\"dictType\":\"\",\"edit\":true,\"htmlType\":\"input\",\"increment\":false,\"insert\":true,\"isEdit\"','{\"msg\":\"操作成功\",\"code\":200}',0,NULL,'2024-08-23 17:30:06',18);
insert  into `sys_oper_log`(`oper_id`,`title`,`business_type`,`method`,`request_method`,`operator_type`,`oper_name`,`dept_name`,`oper_url`,`oper_ip`,`oper_location`,`oper_param`,`json_result`,`status`,`error_msg`,`oper_time`,`cost_time`) values (157,'代码生成',8,'com.ruoyi.project.tool.gen.controller.GenController.batchGenCode()','GET',1,'admin','研发部门','/tool/gen/batchGenCode','127.0.0.1','内网IP','{\"tables\":\"good\"}',NULL,0,NULL,'2024-08-23 17:30:07',26);
insert  into `sys_oper_log`(`oper_id`,`title`,`business_type`,`method`,`request_method`,`operator_type`,`oper_name`,`dept_name`,`oper_url`,`oper_ip`,`oper_location`,`oper_param`,`json_result`,`status`,`error_msg`,`oper_time`,`cost_time`) values (158,'商品',1,'com.ruoyi.project.system.controller.GoodController.add()','POST',1,'admin','研发部门','/system/good','127.0.0.1','内网IP','{\"createTime\":\"2024-08-23 17:34:15\",\"description\":\"11\",\"discount\":1,\"id\":11,\"imgs\":\"/profile/upload/2024/08/23/logo_20240823173405A001.jpg\",\"isDelete\":0,\"name\":\"11111\",\"params\":{},\"recommend\":0,\"saleMoney\":1,\"sales\":1}','{\"msg\":\"操作成功\",\"code\":200}',0,NULL,'2024-08-23 17:34:15',23);
insert  into `sys_oper_log`(`oper_id`,`title`,`business_type`,`method`,`request_method`,`operator_type`,`oper_name`,`dept_name`,`oper_url`,`oper_ip`,`oper_location`,`oper_param`,`json_result`,`status`,`error_msg`,`oper_time`,`cost_time`) values (159,'商品',2,'com.ruoyi.project.system.controller.GoodController.edit()','PUT',1,'admin','研发部门','/system/good','127.0.0.1','内网IP','{\"createTime\":\"2024-08-23 17:34:16\",\"description\":\"11\",\"discount\":1,\"id\":11,\"imgs\":\"/profile/upload/2024/08/23/logo_20240823173405A001.jpg,/profile/upload/2024/08/23/logo_20240823173421A002.png,/profile/upload/2024/08/23/logo_20240823173424A003.png\",\"isDelete\":0,\"name\":\"11111\",\"params\":{},\"recommend\":0,\"saleMoney\":1,\"sales\":1}','{\"msg\":\"操作成功\",\"code\":200}',0,NULL,'2024-08-23 17:34:26',6);
insert  into `sys_oper_log`(`oper_id`,`title`,`business_type`,`method`,`request_method`,`operator_type`,`oper_name`,`dept_name`,`oper_url`,`oper_ip`,`oper_location`,`oper_param`,`json_result`,`status`,`error_msg`,`oper_time`,`cost_time`) values (160,'代码生成',2,'com.ruoyi.project.tool.gen.controller.GenController.synchDb()','GET',1,'admin','研发部门','/tool/gen/synchDb/good','127.0.0.1','内网IP','{}','{\"msg\":\"操作成功\",\"code\":200}',0,NULL,'2024-08-23 17:47:30',46);
insert  into `sys_oper_log`(`oper_id`,`title`,`business_type`,`method`,`request_method`,`operator_type`,`oper_name`,`dept_name`,`oper_url`,`oper_ip`,`oper_location`,`oper_param`,`json_result`,`status`,`error_msg`,`oper_time`,`cost_time`) values (161,'代码生成',2,'com.ruoyi.project.tool.gen.controller.GenController.editSave()','PUT',1,'admin','研发部门','/tool/gen','127.0.0.1','内网IP','{\"businessName\":\"good\",\"className\":\"Good\",\"columns\":[{\"capJavaField\":\"Id\",\"columnComment\":\"主键\",\"columnId\":41,\"columnName\":\"id\",\"columnType\":\"bigint(20)\",\"createBy\":\"admin\",\"createTime\":\"2024-08-23 17:14:29\",\"dictType\":\"\",\"edit\":false,\"htmlType\":\"input\",\"increment\":true,\"insert\":true,\"isIncrement\":\"1\",\"isInsert\":\"1\",\"isPk\":\"1\",\"isRequired\":\"0\",\"javaField\":\"id\",\"javaType\":\"Long\",\"list\":false,\"params\":{},\"pk\":true,\"query\":false,\"queryType\":\"EQ\",\"required\":false,\"sort\":1,\"superColumn\":false,\"tableId\":4,\"updateBy\":\"\",\"updateTime\":\"2024-08-23 17:47:30\",\"usableColumn\":false},{\"capJavaField\":\"Name\",\"columnComment\":\"商品名称\",\"columnId\":42,\"columnName\":\"name\",\"columnType\":\"varchar(255)\",\"createBy\":\"admin\",\"createTime\":\"2024-08-23 17:14:29\",\"dictType\":\"\",\"edit\":true,\"htmlType\":\"input\",\"increment\":false,\"insert\":true,\"isEdit\":\"1\",\"isIncrement\":\"0\",\"isInsert\":\"1\",\"isList\":\"1\",\"isPk\":\"0\",\"isQuery\":\"1\",\"isRequired\":\"0\",\"javaField\":\"name\",\"javaType\":\"String\",\"list\":true,\"params\":{},\"pk\":false,\"query\":true,\"queryType\":\"LIKE\",\"required\":false,\"sort\":2,\"superColumn\":false,\"tableId\":4,\"updateBy\":\"\",\"updateTime\":\"2024-08-23 17:47:30\",\"usableColumn\":false},{\"capJavaField\":\"Description\",\"columnComment\":\"描述\",\"columnId\":43,\"columnName\":\"description\",\"columnType\":\"varchar(1600)\",\"createBy\":\"admin\",\"createTime\":\"2024-08-23 17:14:29\",\"dictType\":\"\",\"edit\":true,\"htmlType\":\"textarea\",\"increment\":false,\"insert\":true,\"isEdit\":\"1\",\"isIncrement\":\"0\",\"isInsert\":\"1\",\"isList\":\"1\",\"isPk\":\"0\",\"isQuery\":\"1\",\"isRequired\":\"0\",\"javaField\":\"description\",\"javaType\":\"String\",\"list\":true,\"params\":{},\"pk\":false,\"query\":true,\"queryType\":\"EQ\",\"required\":false,\"sort\":3,\"superColumn\":false,\"tableId\":4,\"updateBy\":\"\",\"updateTime\":\"2024-08-23 17:47:30\",\"usableColumn\":false},{\"capJavaField\":\"Discount\",\"columnComment\":\"折扣\",\"columnId\":44,\"columnName\":\"discount\",\"columnType\":\"double(10,2)\",\"createBy\":\"admin\",\"createTime\":\"2024-08-23 17:14:29\",\"dictType\":\"\",\"edit\":true,\"htmlType\":\"input\",\"increment\":false,\"insert\":true,\"isEdit\":','{\"msg\":\"操作成功\",\"code\":200}',0,NULL,'2024-08-23 17:48:19',40);
insert  into `sys_oper_log`(`oper_id`,`title`,`business_type`,`method`,`request_method`,`operator_type`,`oper_name`,`dept_name`,`oper_url`,`oper_ip`,`oper_location`,`oper_param`,`json_result`,`status`,`error_msg`,`oper_time`,`cost_time`) values (162,'代码生成',2,'com.ruoyi.project.tool.gen.controller.GenController.synchDb()','GET',1,'admin','研发部门','/tool/gen/synchDb/good','127.0.0.1','内网IP','{}','{\"msg\":\"操作成功\",\"code\":200}',0,NULL,'2024-08-23 17:49:25',186);
insert  into `sys_oper_log`(`oper_id`,`title`,`business_type`,`method`,`request_method`,`operator_type`,`oper_name`,`dept_name`,`oper_url`,`oper_ip`,`oper_location`,`oper_param`,`json_result`,`status`,`error_msg`,`oper_time`,`cost_time`) values (163,'代码生成',2,'com.ruoyi.project.tool.gen.controller.GenController.editSave()','PUT',1,'admin','研发部门','/tool/gen','127.0.0.1','内网IP','{\"businessName\":\"good\",\"className\":\"Good\",\"columns\":[{\"capJavaField\":\"Id\",\"columnComment\":\"主键\",\"columnId\":41,\"columnName\":\"id\",\"columnType\":\"bigint(20)\",\"createBy\":\"admin\",\"createTime\":\"2024-08-23 17:14:29\",\"dictType\":\"\",\"edit\":false,\"htmlType\":\"input\",\"increment\":true,\"insert\":true,\"isIncrement\":\"1\",\"isInsert\":\"1\",\"isPk\":\"1\",\"isRequired\":\"0\",\"javaField\":\"id\",\"javaType\":\"Long\",\"list\":false,\"params\":{},\"pk\":true,\"query\":false,\"queryType\":\"EQ\",\"required\":false,\"sort\":1,\"superColumn\":false,\"tableId\":4,\"updateBy\":\"\",\"updateTime\":\"2024-08-23 17:49:24\",\"usableColumn\":false},{\"capJavaField\":\"Name\",\"columnComment\":\"商品名称\",\"columnId\":42,\"columnName\":\"name\",\"columnType\":\"varchar(255)\",\"createBy\":\"admin\",\"createTime\":\"2024-08-23 17:14:29\",\"dictType\":\"\",\"edit\":true,\"htmlType\":\"input\",\"increment\":false,\"insert\":true,\"isEdit\":\"1\",\"isIncrement\":\"0\",\"isInsert\":\"1\",\"isList\":\"1\",\"isPk\":\"0\",\"isQuery\":\"1\",\"isRequired\":\"0\",\"javaField\":\"name\",\"javaType\":\"String\",\"list\":true,\"params\":{},\"pk\":false,\"query\":true,\"queryType\":\"LIKE\",\"required\":false,\"sort\":2,\"superColumn\":false,\"tableId\":4,\"updateBy\":\"\",\"updateTime\":\"2024-08-23 17:49:24\",\"usableColumn\":false},{\"capJavaField\":\"Description\",\"columnComment\":\"描述\",\"columnId\":43,\"columnName\":\"description\",\"columnType\":\"varchar(1600)\",\"createBy\":\"admin\",\"createTime\":\"2024-08-23 17:14:29\",\"dictType\":\"\",\"edit\":true,\"htmlType\":\"textarea\",\"increment\":false,\"insert\":true,\"isEdit\":\"1\",\"isIncrement\":\"0\",\"isInsert\":\"1\",\"isList\":\"1\",\"isPk\":\"0\",\"isQuery\":\"1\",\"isRequired\":\"0\",\"javaField\":\"description\",\"javaType\":\"String\",\"list\":true,\"params\":{},\"pk\":false,\"query\":true,\"queryType\":\"EQ\",\"required\":false,\"sort\":3,\"superColumn\":false,\"tableId\":4,\"updateBy\":\"\",\"updateTime\":\"2024-08-23 17:49:24\",\"usableColumn\":false},{\"capJavaField\":\"Discount\",\"columnComment\":\"折扣\",\"columnId\":44,\"columnName\":\"discount\",\"columnType\":\"double(10,2)\",\"createBy\":\"admin\",\"createTime\":\"2024-08-23 17:14:29\",\"dictType\":\"\",\"edit\":true,\"htmlType\":\"input\",\"increment\":false,\"insert\":true,\"isEdit\":','{\"msg\":\"操作成功\",\"code\":200}',0,NULL,'2024-08-23 17:49:40',22);
insert  into `sys_oper_log`(`oper_id`,`title`,`business_type`,`method`,`request_method`,`operator_type`,`oper_name`,`dept_name`,`oper_url`,`oper_ip`,`oper_location`,`oper_param`,`json_result`,`status`,`error_msg`,`oper_time`,`cost_time`) values (164,'代码生成',8,'com.ruoyi.project.tool.gen.controller.GenController.batchGenCode()','GET',1,'admin','研发部门','/tool/gen/batchGenCode','127.0.0.1','内网IP','{\"tables\":\"good\"}',NULL,0,NULL,'2024-08-23 17:49:43',124);
insert  into `sys_oper_log`(`oper_id`,`title`,`business_type`,`method`,`request_method`,`operator_type`,`oper_name`,`dept_name`,`oper_url`,`oper_ip`,`oper_location`,`oper_param`,`json_result`,`status`,`error_msg`,`oper_time`,`cost_time`) values (165,'商品',2,'com.ruoyi.project.system.controller.GoodController.edit()','PUT',1,'admin','研发部门','/system/good','127.0.0.1','内网IP','{\"createTime\":\"2024-08-23 17:34:16\",\"description\":\"11\",\"discount\":1,\"id\":11,\"imgs\":\"/profile/upload/2024/08/23/logo_20240823173405A001.jpg,/profile/upload/2024/08/23/logo_20240823173421A002.png,/profile/upload/2024/08/23/logo_20240823173424A003.png\",\"info\":\"<p>1111<img src=\\\"/dev-api/profile/upload/2024/08/23/logo_20240823175348A001.jpg\\\">oshodhaoadsadas</p>\",\"name\":\"11111\",\"params\":{},\"recommend\":0,\"saleMoney\":1,\"sales\":1}','{\"msg\":\"操作成功\",\"code\":200}',0,NULL,'2024-08-23 17:56:55',23);
insert  into `sys_oper_log`(`oper_id`,`title`,`business_type`,`method`,`request_method`,`operator_type`,`oper_name`,`dept_name`,`oper_url`,`oper_ip`,`oper_location`,`oper_param`,`json_result`,`status`,`error_msg`,`oper_time`,`cost_time`) values (166,'代码生成',6,'com.ruoyi.project.tool.gen.controller.GenController.importTableSave()','POST',1,'admin','研发部门','/tool/gen/importTable','127.0.0.1','内网IP','{\"tables\":\"good_type\"}','{\"msg\":\"操作成功\",\"code\":200}',0,NULL,'2024-08-23 18:35:35',53);
insert  into `sys_oper_log`(`oper_id`,`title`,`business_type`,`method`,`request_method`,`operator_type`,`oper_name`,`dept_name`,`oper_url`,`oper_ip`,`oper_location`,`oper_param`,`json_result`,`status`,`error_msg`,`oper_time`,`cost_time`) values (167,'代码生成',2,'com.ruoyi.project.tool.gen.controller.GenController.editSave()','PUT',1,'admin','研发部门','/tool/gen','127.0.0.1','内网IP','{\"businessName\":\"type\",\"className\":\"GoodType\",\"columns\":[{\"capJavaField\":\"Id\",\"columnId\":53,\"columnName\":\"id\",\"columnType\":\"int(11)\",\"createBy\":\"admin\",\"createTime\":\"2024-08-23 18:35:35\",\"dictType\":\"\",\"edit\":false,\"htmlType\":\"input\",\"increment\":true,\"insert\":true,\"isIncrement\":\"1\",\"isInsert\":\"1\",\"isPk\":\"1\",\"isRequired\":\"0\",\"javaField\":\"id\",\"javaType\":\"Long\",\"list\":false,\"params\":{},\"pk\":true,\"query\":false,\"queryType\":\"EQ\",\"required\":false,\"sort\":1,\"superColumn\":false,\"tableId\":5,\"updateBy\":\"\",\"usableColumn\":false},{\"capJavaField\":\"PId\",\"columnComment\":\"父级\",\"columnId\":54,\"columnName\":\"p_id\",\"columnType\":\"int(11)\",\"createBy\":\"admin\",\"createTime\":\"2024-08-23 18:35:35\",\"dictType\":\"\",\"edit\":false,\"htmlType\":\"input\",\"increment\":false,\"insert\":false,\"isEdit\":\"0\",\"isIncrement\":\"0\",\"isInsert\":\"0\",\"isList\":\"1\",\"isPk\":\"0\",\"isQuery\":\"1\",\"isRequired\":\"0\",\"javaField\":\"pId\",\"javaType\":\"Long\",\"list\":true,\"params\":{},\"pk\":false,\"query\":true,\"queryType\":\"EQ\",\"required\":false,\"sort\":2,\"superColumn\":false,\"tableId\":5,\"updateBy\":\"\",\"usableColumn\":false},{\"capJavaField\":\"TypeName\",\"columnComment\":\"类型名称\",\"columnId\":55,\"columnName\":\"type_name\",\"columnType\":\"varchar(100)\",\"createBy\":\"admin\",\"createTime\":\"2024-08-23 18:35:35\",\"dictType\":\"\",\"edit\":true,\"htmlType\":\"input\",\"increment\":false,\"insert\":true,\"isEdit\":\"1\",\"isIncrement\":\"0\",\"isInsert\":\"1\",\"isList\":\"1\",\"isPk\":\"0\",\"isQuery\":\"1\",\"isRequired\":\"0\",\"javaField\":\"typeName\",\"javaType\":\"String\",\"list\":true,\"params\":{},\"pk\":false,\"query\":true,\"queryType\":\"LIKE\",\"required\":false,\"sort\":3,\"superColumn\":false,\"tableId\":5,\"updateBy\":\"\",\"usableColumn\":false},{\"capJavaField\":\"Img\",\"columnComment\":\"图片\",\"columnId\":56,\"columnName\":\"img\",\"columnType\":\"varchar(100)\",\"createBy\":\"admin\",\"createTime\":\"2024-08-23 18:35:35\",\"dictType\":\"\",\"edit\":true,\"htmlType\":\"input\",\"increment\":false,\"insert\":true,\"isEdit\":\"1\",\"isIncrement\":\"0\",\"isInsert\":\"1\",\"isList\":\"1\",\"isPk\":\"0\",\"isQuery\":\"1\",\"isRequired\":\"0\",\"javaField\":\"img\",\"javaType\":\"String\",\"list\":true,\"params\":{},','{\"msg\":\"操作成功\",\"code\":200}',0,NULL,'2024-08-23 18:36:10',36);
insert  into `sys_oper_log`(`oper_id`,`title`,`business_type`,`method`,`request_method`,`operator_type`,`oper_name`,`dept_name`,`oper_url`,`oper_ip`,`oper_location`,`oper_param`,`json_result`,`status`,`error_msg`,`oper_time`,`cost_time`) values (168,'代码生成',2,'com.ruoyi.project.tool.gen.controller.GenController.editSave()','PUT',1,'admin','研发部门','/tool/gen','127.0.0.1','内网IP','{\"businessName\":\"type\",\"className\":\"GoodType\",\"columns\":[{\"capJavaField\":\"Id\",\"columnComment\":\"主键\",\"columnId\":53,\"columnName\":\"id\",\"columnType\":\"int(11)\",\"createBy\":\"admin\",\"createTime\":\"2024-08-23 18:35:35\",\"dictType\":\"\",\"edit\":false,\"htmlType\":\"input\",\"increment\":true,\"insert\":true,\"isIncrement\":\"1\",\"isInsert\":\"1\",\"isPk\":\"1\",\"isRequired\":\"0\",\"javaField\":\"id\",\"javaType\":\"Long\",\"list\":false,\"params\":{},\"pk\":true,\"query\":false,\"queryType\":\"EQ\",\"required\":false,\"sort\":1,\"superColumn\":false,\"tableId\":5,\"updateBy\":\"\",\"updateTime\":\"2024-08-23 18:36:10\",\"usableColumn\":false},{\"capJavaField\":\"PId\",\"columnComment\":\"父级\",\"columnId\":54,\"columnName\":\"p_id\",\"columnType\":\"int(11)\",\"createBy\":\"admin\",\"createTime\":\"2024-08-23 18:35:35\",\"dictType\":\"\",\"edit\":false,\"htmlType\":\"input\",\"increment\":false,\"insert\":false,\"isEdit\":\"0\",\"isIncrement\":\"0\",\"isInsert\":\"0\",\"isList\":\"1\",\"isPk\":\"0\",\"isQuery\":\"1\",\"isRequired\":\"0\",\"javaField\":\"pId\",\"javaType\":\"Long\",\"list\":true,\"params\":{},\"pk\":false,\"query\":true,\"queryType\":\"EQ\",\"required\":false,\"sort\":2,\"superColumn\":false,\"tableId\":5,\"updateBy\":\"\",\"updateTime\":\"2024-08-23 18:36:10\",\"usableColumn\":false},{\"capJavaField\":\"TypeName\",\"columnComment\":\"类型名称\",\"columnId\":55,\"columnName\":\"type_name\",\"columnType\":\"varchar(100)\",\"createBy\":\"admin\",\"createTime\":\"2024-08-23 18:35:35\",\"dictType\":\"\",\"edit\":true,\"htmlType\":\"input\",\"increment\":false,\"insert\":true,\"isEdit\":\"1\",\"isIncrement\":\"0\",\"isInsert\":\"1\",\"isList\":\"1\",\"isPk\":\"0\",\"isQuery\":\"1\",\"isRequired\":\"0\",\"javaField\":\"typeName\",\"javaType\":\"String\",\"list\":true,\"params\":{},\"pk\":false,\"query\":true,\"queryType\":\"LIKE\",\"required\":false,\"sort\":3,\"superColumn\":false,\"tableId\":5,\"updateBy\":\"\",\"updateTime\":\"2024-08-23 18:36:10\",\"usableColumn\":false},{\"capJavaField\":\"Img\",\"columnComment\":\"图片\",\"columnId\":56,\"columnName\":\"img\",\"columnType\":\"varchar(100)\",\"createBy\":\"admin\",\"createTime\":\"2024-08-23 18:35:35\",\"dictType\":\"\",\"edit\":true,\"htmlType\":\"imageUpload\",\"increment\":false,\"insert\":true,\"isEdit\":\"1\",\"isIncrement\":\"0\",','{\"msg\":\"操作成功\",\"code\":200}',0,NULL,'2024-08-23 18:36:51',17);
insert  into `sys_oper_log`(`oper_id`,`title`,`business_type`,`method`,`request_method`,`operator_type`,`oper_name`,`dept_name`,`oper_url`,`oper_ip`,`oper_location`,`oper_param`,`json_result`,`status`,`error_msg`,`oper_time`,`cost_time`) values (169,'代码生成',8,'com.ruoyi.project.tool.gen.controller.GenController.batchGenCode()','GET',1,'admin','研发部门','/tool/gen/batchGenCode','127.0.0.1','内网IP','{\"tables\":\"good_type\"}',NULL,0,NULL,'2024-08-23 18:36:54',198);
insert  into `sys_oper_log`(`oper_id`,`title`,`business_type`,`method`,`request_method`,`operator_type`,`oper_name`,`dept_name`,`oper_url`,`oper_ip`,`oper_location`,`oper_param`,`json_result`,`status`,`error_msg`,`oper_time`,`cost_time`) values (170,'商品类型',1,'com.ruoyi.project.system.controller.GoodTypeController.add()','POST',1,'admin','研发部门','/system/type','127.0.0.1','内网IP','{\"children\":[],\"id\":1,\"img\":\"/profile/upload/2024/08/23/logo_20240823183931A001.jpg\",\"orderNum\":5,\"pId\":0,\"params\":{},\"typeName\":\"4444\"}','{\"msg\":\"操作成功\",\"code\":200}',0,NULL,'2024-08-23 18:39:34',18);
insert  into `sys_oper_log`(`oper_id`,`title`,`business_type`,`method`,`request_method`,`operator_type`,`oper_name`,`dept_name`,`oper_url`,`oper_ip`,`oper_location`,`oper_param`,`json_result`,`status`,`error_msg`,`oper_time`,`cost_time`) values (171,'代码生成',2,'com.ruoyi.project.tool.gen.controller.GenController.editSave()','PUT',1,'admin','研发部门','/tool/gen','127.0.0.1','内网IP','{\"businessName\":\"type\",\"className\":\"GoodType\",\"columns\":[{\"capJavaField\":\"Id\",\"columnComment\":\"主键\",\"columnId\":53,\"columnName\":\"id\",\"columnType\":\"int(11)\",\"createBy\":\"admin\",\"createTime\":\"2024-08-23 18:35:35\",\"dictType\":\"\",\"edit\":false,\"htmlType\":\"input\",\"increment\":true,\"insert\":true,\"isIncrement\":\"1\",\"isInsert\":\"1\",\"isPk\":\"1\",\"isRequired\":\"0\",\"javaField\":\"id\",\"javaType\":\"Long\",\"list\":false,\"params\":{},\"pk\":true,\"query\":false,\"queryType\":\"EQ\",\"required\":false,\"sort\":1,\"superColumn\":false,\"tableId\":5,\"updateBy\":\"\",\"updateTime\":\"2024-08-23 18:36:51\",\"usableColumn\":false},{\"capJavaField\":\"PId\",\"columnComment\":\"父级\",\"columnId\":54,\"columnName\":\"p_id\",\"columnType\":\"int(11)\",\"createBy\":\"admin\",\"createTime\":\"2024-08-23 18:35:35\",\"dictType\":\"\",\"edit\":true,\"htmlType\":\"input\",\"increment\":false,\"insert\":true,\"isEdit\":\"1\",\"isIncrement\":\"0\",\"isInsert\":\"1\",\"isList\":\"1\",\"isPk\":\"0\",\"isQuery\":\"0\",\"isRequired\":\"0\",\"javaField\":\"pId\",\"javaType\":\"Long\",\"list\":true,\"params\":{},\"pk\":false,\"query\":false,\"queryType\":\"EQ\",\"required\":false,\"sort\":2,\"superColumn\":false,\"tableId\":5,\"updateBy\":\"\",\"updateTime\":\"2024-08-23 18:36:51\",\"usableColumn\":false},{\"capJavaField\":\"TypeName\",\"columnComment\":\"商品类型\",\"columnId\":55,\"columnName\":\"type_name\",\"columnType\":\"varchar(100)\",\"createBy\":\"admin\",\"createTime\":\"2024-08-23 18:35:35\",\"dictType\":\"\",\"edit\":true,\"htmlType\":\"input\",\"increment\":false,\"insert\":true,\"isEdit\":\"1\",\"isIncrement\":\"0\",\"isInsert\":\"1\",\"isList\":\"1\",\"isPk\":\"0\",\"isQuery\":\"1\",\"isRequired\":\"0\",\"javaField\":\"typeName\",\"javaType\":\"String\",\"list\":true,\"params\":{},\"pk\":false,\"query\":true,\"queryType\":\"LIKE\",\"required\":false,\"sort\":3,\"superColumn\":false,\"tableId\":5,\"updateBy\":\"\",\"updateTime\":\"2024-08-23 18:36:51\",\"usableColumn\":false},{\"capJavaField\":\"Img\",\"columnComment\":\"图片\",\"columnId\":56,\"columnName\":\"img\",\"columnType\":\"varchar(100)\",\"createBy\":\"admin\",\"createTime\":\"2024-08-23 18:35:35\",\"dictType\":\"\",\"edit\":true,\"htmlType\":\"imageUpload\",\"increment\":false,\"insert\":true,\"isEdit\":\"1\",\"isIncrement\":\"0\",\"','{\"msg\":\"操作成功\",\"code\":200}',0,NULL,'2024-08-23 18:40:28',34);
insert  into `sys_oper_log`(`oper_id`,`title`,`business_type`,`method`,`request_method`,`operator_type`,`oper_name`,`dept_name`,`oper_url`,`oper_ip`,`oper_location`,`oper_param`,`json_result`,`status`,`error_msg`,`oper_time`,`cost_time`) values (172,'代码生成',8,'com.ruoyi.project.tool.gen.controller.GenController.batchGenCode()','GET',1,'admin','研发部门','/tool/gen/batchGenCode','127.0.0.1','内网IP','{\"tables\":\"good_type\"}',NULL,0,NULL,'2024-08-23 18:40:32',107);
insert  into `sys_oper_log`(`oper_id`,`title`,`business_type`,`method`,`request_method`,`operator_type`,`oper_name`,`dept_name`,`oper_url`,`oper_ip`,`oper_location`,`oper_param`,`json_result`,`status`,`error_msg`,`oper_time`,`cost_time`) values (173,'商品类型',1,'com.ruoyi.project.system.controller.GoodTypeController.add()','POST',1,'admin','研发部门','/system/type','127.0.0.1','内网IP','{\"children\":[],\"id\":2,\"img\":\"/profile/upload/2024/08/23/logo_20240823184305A001.png\",\"orderNum\":111,\"pId\":1,\"params\":{},\"typeName\":\"111\"}','{\"msg\":\"操作成功\",\"code\":200}',0,NULL,'2024-08-23 18:43:08',9);
insert  into `sys_oper_log`(`oper_id`,`title`,`business_type`,`method`,`request_method`,`operator_type`,`oper_name`,`dept_name`,`oper_url`,`oper_ip`,`oper_location`,`oper_param`,`json_result`,`status`,`error_msg`,`oper_time`,`cost_time`) values (174,'代码生成',2,'com.ruoyi.project.tool.gen.controller.GenController.editSave()','PUT',1,'admin','研发部门','/tool/gen','127.0.0.1','内网IP','{\"businessName\":\"type\",\"className\":\"GoodType\",\"columns\":[{\"capJavaField\":\"Id\",\"columnComment\":\"主键\",\"columnId\":53,\"columnName\":\"id\",\"columnType\":\"int(11)\",\"createBy\":\"admin\",\"createTime\":\"2024-08-23 18:35:35\",\"dictType\":\"\",\"edit\":false,\"htmlType\":\"input\",\"increment\":true,\"insert\":true,\"isIncrement\":\"1\",\"isInsert\":\"1\",\"isPk\":\"1\",\"isRequired\":\"0\",\"javaField\":\"id\",\"javaType\":\"Long\",\"list\":false,\"params\":{},\"pk\":true,\"query\":false,\"queryType\":\"EQ\",\"required\":false,\"sort\":1,\"superColumn\":false,\"tableId\":5,\"updateBy\":\"\",\"updateTime\":\"2024-08-23 18:40:28\",\"usableColumn\":false},{\"capJavaField\":\"PId\",\"columnComment\":\"父级\",\"columnId\":54,\"columnName\":\"p_id\",\"columnType\":\"int(11)\",\"createBy\":\"admin\",\"createTime\":\"2024-08-23 18:35:35\",\"dictType\":\"\",\"edit\":true,\"htmlType\":\"input\",\"increment\":false,\"insert\":true,\"isEdit\":\"1\",\"isIncrement\":\"0\",\"isInsert\":\"1\",\"isList\":\"1\",\"isPk\":\"0\",\"isQuery\":\"0\",\"isRequired\":\"0\",\"javaField\":\"pId\",\"javaType\":\"Long\",\"list\":true,\"params\":{},\"pk\":false,\"query\":false,\"queryType\":\"EQ\",\"required\":false,\"sort\":2,\"superColumn\":false,\"tableId\":5,\"updateBy\":\"\",\"updateTime\":\"2024-08-23 18:40:28\",\"usableColumn\":false},{\"capJavaField\":\"TypeName\",\"columnComment\":\"商品类型\",\"columnId\":55,\"columnName\":\"type_name\",\"columnType\":\"varchar(100)\",\"createBy\":\"admin\",\"createTime\":\"2024-08-23 18:35:35\",\"dictType\":\"\",\"edit\":true,\"htmlType\":\"input\",\"increment\":false,\"insert\":true,\"isEdit\":\"1\",\"isIncrement\":\"0\",\"isInsert\":\"1\",\"isList\":\"1\",\"isPk\":\"0\",\"isQuery\":\"1\",\"isRequired\":\"0\",\"javaField\":\"typeName\",\"javaType\":\"String\",\"list\":true,\"params\":{},\"pk\":false,\"query\":true,\"queryType\":\"LIKE\",\"required\":false,\"sort\":3,\"superColumn\":false,\"tableId\":5,\"updateBy\":\"\",\"updateTime\":\"2024-08-23 18:40:28\",\"usableColumn\":false},{\"capJavaField\":\"Img\",\"columnComment\":\"图片\",\"columnId\":56,\"columnName\":\"img\",\"columnType\":\"varchar(100)\",\"createBy\":\"admin\",\"createTime\":\"2024-08-23 18:35:35\",\"dictType\":\"\",\"edit\":true,\"htmlType\":\"imageUpload\",\"increment\":false,\"insert\":true,\"isEdit\":\"1\",\"isIncrement\":\"0\",\"','{\"msg\":\"操作成功\",\"code\":200}',0,NULL,'2024-08-23 18:44:18',21);
insert  into `sys_oper_log`(`oper_id`,`title`,`business_type`,`method`,`request_method`,`operator_type`,`oper_name`,`dept_name`,`oper_url`,`oper_ip`,`oper_location`,`oper_param`,`json_result`,`status`,`error_msg`,`oper_time`,`cost_time`) values (175,'代码生成',8,'com.ruoyi.project.tool.gen.controller.GenController.batchGenCode()','GET',1,'admin','研发部门','/tool/gen/batchGenCode','127.0.0.1','内网IP','{\"tables\":\"good_type\"}',NULL,0,NULL,'2024-08-23 18:44:22',23);
insert  into `sys_oper_log`(`oper_id`,`title`,`business_type`,`method`,`request_method`,`operator_type`,`oper_name`,`dept_name`,`oper_url`,`oper_ip`,`oper_location`,`oper_param`,`json_result`,`status`,`error_msg`,`oper_time`,`cost_time`) values (176,'商品类型',3,'com.ruoyi.project.system.controller.GoodTypeController.remove()','DELETE',1,'admin','研发部门','/system/type/1','127.0.0.1','内网IP','{}','{\"msg\":\"操作成功\",\"code\":200}',0,NULL,'2024-08-23 18:45:55',9);
insert  into `sys_oper_log`(`oper_id`,`title`,`business_type`,`method`,`request_method`,`operator_type`,`oper_name`,`dept_name`,`oper_url`,`oper_ip`,`oper_location`,`oper_param`,`json_result`,`status`,`error_msg`,`oper_time`,`cost_time`) values (177,'商品类型',3,'com.ruoyi.project.system.controller.GoodTypeController.remove()','DELETE',1,'admin','研发部门','/system/type/2','127.0.0.1','内网IP','{}','{\"msg\":\"操作成功\",\"code\":200}',0,NULL,'2024-08-23 18:45:56',3);
insert  into `sys_oper_log`(`oper_id`,`title`,`business_type`,`method`,`request_method`,`operator_type`,`oper_name`,`dept_name`,`oper_url`,`oper_ip`,`oper_location`,`oper_param`,`json_result`,`status`,`error_msg`,`oper_time`,`cost_time`) values (178,'商品类型',1,'com.ruoyi.project.system.controller.GoodTypeController.add()','POST',1,'admin','研发部门','/system/type','127.0.0.1','内网IP','{\"children\":[],\"id\":3,\"img\":\"/profile/upload/2024/08/23/logo_20240823184640A002.jpg\",\"orderNum\":0,\"pId\":0,\"params\":{},\"typeName\":\"0\"}','{\"msg\":\"操作成功\",\"code\":200}',0,NULL,'2024-08-23 18:46:42',6);
insert  into `sys_oper_log`(`oper_id`,`title`,`business_type`,`method`,`request_method`,`operator_type`,`oper_name`,`dept_name`,`oper_url`,`oper_ip`,`oper_location`,`oper_param`,`json_result`,`status`,`error_msg`,`oper_time`,`cost_time`) values (179,'代码生成',2,'com.ruoyi.project.tool.gen.controller.GenController.editSave()','PUT',1,'admin','研发部门','/tool/gen','127.0.0.1','内网IP','{\"businessName\":\"type\",\"className\":\"GoodType\",\"columns\":[{\"capJavaField\":\"Id\",\"columnComment\":\"主键\",\"columnId\":53,\"columnName\":\"id\",\"columnType\":\"int(11)\",\"createBy\":\"admin\",\"createTime\":\"2024-08-23 18:35:35\",\"dictType\":\"\",\"edit\":false,\"htmlType\":\"input\",\"increment\":true,\"insert\":true,\"isIncrement\":\"1\",\"isInsert\":\"1\",\"isPk\":\"1\",\"isRequired\":\"0\",\"javaField\":\"id\",\"javaType\":\"Long\",\"list\":false,\"params\":{},\"pk\":true,\"query\":false,\"queryType\":\"EQ\",\"required\":false,\"sort\":1,\"superColumn\":false,\"tableId\":5,\"updateBy\":\"\",\"updateTime\":\"2024-08-23 18:44:17\",\"usableColumn\":false},{\"capJavaField\":\"PId\",\"columnComment\":\"父级\",\"columnId\":54,\"columnName\":\"p_id\",\"columnType\":\"int(11)\",\"createBy\":\"admin\",\"createTime\":\"2024-08-23 18:35:35\",\"dictType\":\"\",\"edit\":true,\"htmlType\":\"input\",\"increment\":false,\"insert\":true,\"isEdit\":\"1\",\"isIncrement\":\"0\",\"isInsert\":\"1\",\"isList\":\"1\",\"isPk\":\"0\",\"isQuery\":\"0\",\"isRequired\":\"0\",\"javaField\":\"pId\",\"javaType\":\"Long\",\"list\":true,\"params\":{},\"pk\":false,\"query\":false,\"queryType\":\"EQ\",\"required\":false,\"sort\":2,\"superColumn\":false,\"tableId\":5,\"updateBy\":\"\",\"updateTime\":\"2024-08-23 18:44:17\",\"usableColumn\":false},{\"capJavaField\":\"TypeName\",\"columnComment\":\"商品类型\",\"columnId\":55,\"columnName\":\"type_name\",\"columnType\":\"varchar(100)\",\"createBy\":\"admin\",\"createTime\":\"2024-08-23 18:35:35\",\"dictType\":\"\",\"edit\":true,\"htmlType\":\"input\",\"increment\":false,\"insert\":true,\"isEdit\":\"1\",\"isIncrement\":\"0\",\"isInsert\":\"1\",\"isList\":\"1\",\"isPk\":\"0\",\"isQuery\":\"1\",\"isRequired\":\"0\",\"javaField\":\"typeName\",\"javaType\":\"String\",\"list\":true,\"params\":{},\"pk\":false,\"query\":true,\"queryType\":\"LIKE\",\"required\":false,\"sort\":3,\"superColumn\":false,\"tableId\":5,\"updateBy\":\"\",\"updateTime\":\"2024-08-23 18:44:17\",\"usableColumn\":false},{\"capJavaField\":\"Img\",\"columnComment\":\"图片\",\"columnId\":56,\"columnName\":\"img\",\"columnType\":\"varchar(100)\",\"createBy\":\"admin\",\"createTime\":\"2024-08-23 18:35:35\",\"dictType\":\"\",\"edit\":true,\"htmlType\":\"imageUpload\",\"increment\":false,\"insert\":true,\"isEdit\":\"1\",\"isIncrement\":\"0\",\"','{\"msg\":\"操作成功\",\"code\":200}',0,NULL,'2024-08-23 18:47:59',19);
insert  into `sys_oper_log`(`oper_id`,`title`,`business_type`,`method`,`request_method`,`operator_type`,`oper_name`,`dept_name`,`oper_url`,`oper_ip`,`oper_location`,`oper_param`,`json_result`,`status`,`error_msg`,`oper_time`,`cost_time`) values (180,'代码生成',8,'com.ruoyi.project.tool.gen.controller.GenController.batchGenCode()','GET',1,'admin','研发部门','/tool/gen/batchGenCode','127.0.0.1','内网IP','{\"tables\":\"good_type\"}',NULL,0,NULL,'2024-08-23 18:48:03',26);
insert  into `sys_oper_log`(`oper_id`,`title`,`business_type`,`method`,`request_method`,`operator_type`,`oper_name`,`dept_name`,`oper_url`,`oper_ip`,`oper_location`,`oper_param`,`json_result`,`status`,`error_msg`,`oper_time`,`cost_time`) values (181,'代码生成',8,'com.ruoyi.project.tool.gen.controller.GenController.batchGenCode()','GET',1,'admin','研发部门','/tool/gen/batchGenCode','127.0.0.1','内网IP','{\"tables\":\"good_type\"}',NULL,0,NULL,'2024-08-23 19:03:45',34);
insert  into `sys_oper_log`(`oper_id`,`title`,`business_type`,`method`,`request_method`,`operator_type`,`oper_name`,`dept_name`,`oper_url`,`oper_ip`,`oper_location`,`oper_param`,`json_result`,`status`,`error_msg`,`oper_time`,`cost_time`) values (182,'商品类型',1,'com.ruoyi.project.system.controller.GoodTypeController.add()','POST',1,'admin','研发部门','/system/type','127.0.0.1','内网IP','{\"children\":[],\"id\":4,\"img\":\"/profile/upload/2024/08/23/logo_20240823190558A001.jpg\",\"orderNum\":5,\"pId\":3,\"params\":{},\"typeName\":\"000\"}','{\"msg\":\"操作成功\",\"code\":200}',0,NULL,'2024-08-23 19:06:00',8);
insert  into `sys_oper_log`(`oper_id`,`title`,`business_type`,`method`,`request_method`,`operator_type`,`oper_name`,`dept_name`,`oper_url`,`oper_ip`,`oper_location`,`oper_param`,`json_result`,`status`,`error_msg`,`oper_time`,`cost_time`) values (183,'商品类型',2,'com.ruoyi.project.system.controller.GoodTypeController.edit()','PUT',1,'admin','研发部门','/system/type','127.0.0.1','内网IP','{\"children\":[],\"id\":3,\"img\":\"/profile/upload/2024/08/23/logo_20240823184640A002.jpg\",\"orderNum\":0,\"pId\":0,\"params\":{},\"typeName\":\"计划科\"}','{\"msg\":\"操作成功\",\"code\":200}',0,NULL,'2024-08-23 19:06:16',4);
insert  into `sys_oper_log`(`oper_id`,`title`,`business_type`,`method`,`request_method`,`operator_type`,`oper_name`,`dept_name`,`oper_url`,`oper_ip`,`oper_location`,`oper_param`,`json_result`,`status`,`error_msg`,`oper_time`,`cost_time`) values (184,'商品类型',2,'com.ruoyi.project.system.controller.GoodTypeController.edit()','PUT',1,'admin','研发部门','/system/type','127.0.0.1','内网IP','{\"children\":[],\"id\":3,\"img\":\"/profile/upload/2024/08/23/logo_20240823184640A002.jpg\",\"orderNum\":0,\"pId\":3,\"params\":{},\"typeName\":\"计划科\"}','{\"msg\":\"操作成功\",\"code\":200}',0,NULL,'2024-08-23 19:06:26',3);
insert  into `sys_oper_log`(`oper_id`,`title`,`business_type`,`method`,`request_method`,`operator_type`,`oper_name`,`dept_name`,`oper_url`,`oper_ip`,`oper_location`,`oper_param`,`json_result`,`status`,`error_msg`,`oper_time`,`cost_time`) values (185,'代码生成',2,'com.ruoyi.project.tool.gen.controller.GenController.editSave()','PUT',1,'admin','研发部门','/tool/gen','127.0.0.1','内网IP','{\"businessName\":\"type\",\"className\":\"GoodType\",\"columns\":[{\"capJavaField\":\"Id\",\"columnComment\":\"主键\",\"columnId\":53,\"columnName\":\"id\",\"columnType\":\"int(11)\",\"createBy\":\"admin\",\"createTime\":\"2024-08-23 18:35:35\",\"dictType\":\"\",\"edit\":false,\"htmlType\":\"input\",\"increment\":true,\"insert\":true,\"isIncrement\":\"1\",\"isInsert\":\"1\",\"isPk\":\"1\",\"isRequired\":\"0\",\"javaField\":\"id\",\"javaType\":\"Long\",\"list\":false,\"params\":{},\"pk\":true,\"query\":false,\"queryType\":\"EQ\",\"required\":false,\"sort\":1,\"superColumn\":false,\"tableId\":5,\"updateBy\":\"\",\"updateTime\":\"2024-08-23 18:47:59\",\"usableColumn\":false},{\"capJavaField\":\"PId\",\"columnComment\":\"父级\",\"columnId\":54,\"columnName\":\"p_id\",\"columnType\":\"int(11)\",\"createBy\":\"admin\",\"createTime\":\"2024-08-23 18:35:35\",\"dictType\":\"\",\"edit\":true,\"htmlType\":\"input\",\"increment\":false,\"insert\":true,\"isEdit\":\"1\",\"isIncrement\":\"0\",\"isInsert\":\"1\",\"isList\":\"0\",\"isPk\":\"0\",\"isQuery\":\"0\",\"isRequired\":\"0\",\"javaField\":\"pId\",\"javaType\":\"Long\",\"list\":false,\"params\":{},\"pk\":false,\"query\":false,\"queryType\":\"EQ\",\"required\":false,\"sort\":2,\"superColumn\":false,\"tableId\":5,\"updateBy\":\"\",\"updateTime\":\"2024-08-23 18:47:59\",\"usableColumn\":false},{\"capJavaField\":\"TypeName\",\"columnComment\":\"商品类型\",\"columnId\":55,\"columnName\":\"type_name\",\"columnType\":\"varchar(100)\",\"createBy\":\"admin\",\"createTime\":\"2024-08-23 18:35:35\",\"dictType\":\"\",\"edit\":true,\"htmlType\":\"input\",\"increment\":false,\"insert\":true,\"isEdit\":\"1\",\"isIncrement\":\"0\",\"isInsert\":\"1\",\"isList\":\"1\",\"isPk\":\"0\",\"isQuery\":\"1\",\"isRequired\":\"0\",\"javaField\":\"typeName\",\"javaType\":\"String\",\"list\":true,\"params\":{},\"pk\":false,\"query\":true,\"queryType\":\"LIKE\",\"required\":false,\"sort\":3,\"superColumn\":false,\"tableId\":5,\"updateBy\":\"\",\"updateTime\":\"2024-08-23 18:47:59\",\"usableColumn\":false},{\"capJavaField\":\"Img\",\"columnComment\":\"图片\",\"columnId\":56,\"columnName\":\"img\",\"columnType\":\"varchar(100)\",\"createBy\":\"admin\",\"createTime\":\"2024-08-23 18:35:35\",\"dictType\":\"\",\"edit\":true,\"htmlType\":\"imageUpload\",\"increment\":false,\"insert\":true,\"isEdit\":\"1\",\"isIncrement\":\"0\",','{\"msg\":\"操作成功\",\"code\":200}',0,NULL,'2024-08-23 19:07:29',21);
insert  into `sys_oper_log`(`oper_id`,`title`,`business_type`,`method`,`request_method`,`operator_type`,`oper_name`,`dept_name`,`oper_url`,`oper_ip`,`oper_location`,`oper_param`,`json_result`,`status`,`error_msg`,`oper_time`,`cost_time`) values (186,'代码生成',8,'com.ruoyi.project.tool.gen.controller.GenController.batchGenCode()','GET',1,'admin','研发部门','/tool/gen/batchGenCode','127.0.0.1','内网IP','{\"tables\":\"good_type\"}',NULL,0,NULL,'2024-08-23 19:07:31',23);
insert  into `sys_oper_log`(`oper_id`,`title`,`business_type`,`method`,`request_method`,`operator_type`,`oper_name`,`dept_name`,`oper_url`,`oper_ip`,`oper_location`,`oper_param`,`json_result`,`status`,`error_msg`,`oper_time`,`cost_time`) values (187,'代码生成',2,'com.ruoyi.project.tool.gen.controller.GenController.editSave()','PUT',1,'admin','研发部门','/tool/gen','127.0.0.1','内网IP','{\"businessName\":\"good\",\"className\":\"Good\",\"columns\":[{\"capJavaField\":\"Id\",\"columnComment\":\"主键\",\"columnId\":41,\"columnName\":\"id\",\"columnType\":\"bigint(20)\",\"createBy\":\"admin\",\"createTime\":\"2024-08-23 17:14:29\",\"dictType\":\"\",\"edit\":false,\"htmlType\":\"input\",\"increment\":true,\"insert\":true,\"isIncrement\":\"1\",\"isInsert\":\"1\",\"isPk\":\"1\",\"isRequired\":\"0\",\"javaField\":\"id\",\"javaType\":\"Long\",\"list\":false,\"params\":{},\"pk\":true,\"query\":false,\"queryType\":\"EQ\",\"required\":false,\"sort\":1,\"superColumn\":false,\"tableId\":4,\"updateBy\":\"\",\"updateTime\":\"2024-08-23 17:49:40\",\"usableColumn\":false},{\"capJavaField\":\"Name\",\"columnComment\":\"商品名称\",\"columnId\":42,\"columnName\":\"name\",\"columnType\":\"varchar(255)\",\"createBy\":\"admin\",\"createTime\":\"2024-08-23 17:14:29\",\"dictType\":\"\",\"edit\":true,\"htmlType\":\"input\",\"increment\":false,\"insert\":true,\"isEdit\":\"1\",\"isIncrement\":\"0\",\"isInsert\":\"1\",\"isList\":\"1\",\"isPk\":\"0\",\"isQuery\":\"1\",\"isRequired\":\"0\",\"javaField\":\"name\",\"javaType\":\"String\",\"list\":true,\"params\":{},\"pk\":false,\"query\":true,\"queryType\":\"LIKE\",\"required\":false,\"sort\":2,\"superColumn\":false,\"tableId\":4,\"updateBy\":\"\",\"updateTime\":\"2024-08-23 17:49:40\",\"usableColumn\":false},{\"capJavaField\":\"Description\",\"columnComment\":\"描述\",\"columnId\":43,\"columnName\":\"description\",\"columnType\":\"varchar(1600)\",\"createBy\":\"admin\",\"createTime\":\"2024-08-23 17:14:29\",\"dictType\":\"\",\"edit\":true,\"htmlType\":\"textarea\",\"increment\":false,\"insert\":true,\"isEdit\":\"1\",\"isIncrement\":\"0\",\"isInsert\":\"1\",\"isList\":\"1\",\"isPk\":\"0\",\"isQuery\":\"1\",\"isRequired\":\"0\",\"javaField\":\"description\",\"javaType\":\"String\",\"list\":true,\"params\":{},\"pk\":false,\"query\":true,\"queryType\":\"EQ\",\"required\":false,\"sort\":3,\"superColumn\":false,\"tableId\":4,\"updateBy\":\"\",\"updateTime\":\"2024-08-23 17:49:40\",\"usableColumn\":false},{\"capJavaField\":\"Discount\",\"columnComment\":\"折扣\",\"columnId\":44,\"columnName\":\"discount\",\"columnType\":\"double(10,2)\",\"createBy\":\"admin\",\"createTime\":\"2024-08-23 17:14:29\",\"dictType\":\"\",\"edit\":true,\"htmlType\":\"input\",\"increment\":false,\"insert\":true,\"isEdit\":','{\"msg\":\"操作成功\",\"code\":200}',0,NULL,'2024-08-23 19:09:52',30);
insert  into `sys_oper_log`(`oper_id`,`title`,`business_type`,`method`,`request_method`,`operator_type`,`oper_name`,`dept_name`,`oper_url`,`oper_ip`,`oper_location`,`oper_param`,`json_result`,`status`,`error_msg`,`oper_time`,`cost_time`) values (188,'代码生成',2,'com.ruoyi.project.tool.gen.controller.GenController.editSave()','PUT',1,'admin','研发部门','/tool/gen','127.0.0.1','内网IP','{\"businessName\":\"good\",\"className\":\"Good\",\"columns\":[{\"capJavaField\":\"Id\",\"columnComment\":\"主键\",\"columnId\":41,\"columnName\":\"id\",\"columnType\":\"bigint(20)\",\"createBy\":\"admin\",\"createTime\":\"2024-08-23 17:14:29\",\"dictType\":\"\",\"edit\":false,\"htmlType\":\"input\",\"increment\":true,\"insert\":true,\"isIncrement\":\"1\",\"isInsert\":\"1\",\"isPk\":\"1\",\"isRequired\":\"0\",\"javaField\":\"id\",\"javaType\":\"Long\",\"list\":false,\"params\":{},\"pk\":true,\"query\":false,\"queryType\":\"EQ\",\"required\":false,\"sort\":1,\"superColumn\":false,\"tableId\":4,\"updateBy\":\"\",\"updateTime\":\"2024-08-23 19:09:52\",\"usableColumn\":false},{\"capJavaField\":\"Name\",\"columnComment\":\"商品名称\",\"columnId\":42,\"columnName\":\"name\",\"columnType\":\"varchar(255)\",\"createBy\":\"admin\",\"createTime\":\"2024-08-23 17:14:29\",\"dictType\":\"\",\"edit\":true,\"htmlType\":\"input\",\"increment\":false,\"insert\":true,\"isEdit\":\"1\",\"isIncrement\":\"0\",\"isInsert\":\"1\",\"isList\":\"1\",\"isPk\":\"0\",\"isQuery\":\"1\",\"isRequired\":\"0\",\"javaField\":\"name\",\"javaType\":\"String\",\"list\":true,\"params\":{},\"pk\":false,\"query\":true,\"queryType\":\"LIKE\",\"required\":false,\"sort\":2,\"superColumn\":false,\"tableId\":4,\"updateBy\":\"\",\"updateTime\":\"2024-08-23 19:09:52\",\"usableColumn\":false},{\"capJavaField\":\"Description\",\"columnComment\":\"描述\",\"columnId\":43,\"columnName\":\"description\",\"columnType\":\"varchar(1600)\",\"createBy\":\"admin\",\"createTime\":\"2024-08-23 17:14:29\",\"dictType\":\"\",\"edit\":true,\"htmlType\":\"textarea\",\"increment\":false,\"insert\":true,\"isEdit\":\"1\",\"isIncrement\":\"0\",\"isInsert\":\"1\",\"isList\":\"1\",\"isPk\":\"0\",\"isQuery\":\"1\",\"isRequired\":\"0\",\"javaField\":\"description\",\"javaType\":\"String\",\"list\":true,\"params\":{},\"pk\":false,\"query\":true,\"queryType\":\"EQ\",\"required\":false,\"sort\":3,\"superColumn\":false,\"tableId\":4,\"updateBy\":\"\",\"updateTime\":\"2024-08-23 19:09:52\",\"usableColumn\":false},{\"capJavaField\":\"Discount\",\"columnComment\":\"折扣\",\"columnId\":44,\"columnName\":\"discount\",\"columnType\":\"double(10,2)\",\"createBy\":\"admin\",\"createTime\":\"2024-08-23 17:14:29\",\"dictType\":\"\",\"edit\":true,\"htmlType\":\"input\",\"increment\":false,\"insert\":true,\"isEdit\":','{\"msg\":\"操作成功\",\"code\":200}',0,NULL,'2024-08-23 20:36:30',56);
insert  into `sys_oper_log`(`oper_id`,`title`,`business_type`,`method`,`request_method`,`operator_type`,`oper_name`,`dept_name`,`oper_url`,`oper_ip`,`oper_location`,`oper_param`,`json_result`,`status`,`error_msg`,`oper_time`,`cost_time`) values (189,'代码生成',2,'com.ruoyi.project.tool.gen.controller.GenController.editSave()','PUT',1,'admin','研发部门','/tool/gen','127.0.0.1','内网IP','{\"businessName\":\"type\",\"className\":\"GoodType\",\"columns\":[{\"capJavaField\":\"Id\",\"columnComment\":\"主键\",\"columnId\":53,\"columnName\":\"id\",\"columnType\":\"int(11)\",\"createBy\":\"admin\",\"createTime\":\"2024-08-23 18:35:35\",\"dictType\":\"\",\"edit\":false,\"htmlType\":\"input\",\"increment\":true,\"insert\":true,\"isIncrement\":\"1\",\"isInsert\":\"1\",\"isPk\":\"1\",\"isRequired\":\"0\",\"javaField\":\"id\",\"javaType\":\"Long\",\"list\":false,\"params\":{},\"pk\":true,\"query\":false,\"queryType\":\"EQ\",\"required\":false,\"sort\":1,\"superColumn\":false,\"tableId\":5,\"updateBy\":\"\",\"updateTime\":\"2024-08-23 19:07:29\",\"usableColumn\":false},{\"capJavaField\":\"PId\",\"columnComment\":\"父级\",\"columnId\":54,\"columnName\":\"p_id\",\"columnType\":\"int(11)\",\"createBy\":\"admin\",\"createTime\":\"2024-08-23 18:35:35\",\"dictType\":\"\",\"edit\":true,\"htmlType\":\"input\",\"increment\":false,\"insert\":true,\"isEdit\":\"1\",\"isIncrement\":\"0\",\"isInsert\":\"1\",\"isList\":\"0\",\"isPk\":\"0\",\"isQuery\":\"0\",\"isRequired\":\"0\",\"javaField\":\"pId\",\"javaType\":\"Long\",\"list\":false,\"params\":{},\"pk\":false,\"query\":false,\"queryType\":\"EQ\",\"required\":false,\"sort\":2,\"superColumn\":false,\"tableId\":5,\"updateBy\":\"\",\"updateTime\":\"2024-08-23 19:07:29\",\"usableColumn\":false},{\"capJavaField\":\"TypeName\",\"columnComment\":\"商品类型\",\"columnId\":55,\"columnName\":\"type_name\",\"columnType\":\"varchar(100)\",\"createBy\":\"admin\",\"createTime\":\"2024-08-23 18:35:35\",\"dictType\":\"\",\"edit\":true,\"htmlType\":\"input\",\"increment\":false,\"insert\":true,\"isEdit\":\"1\",\"isIncrement\":\"0\",\"isInsert\":\"1\",\"isList\":\"1\",\"isPk\":\"0\",\"isQuery\":\"1\",\"isRequired\":\"0\",\"javaField\":\"typeName\",\"javaType\":\"String\",\"list\":true,\"params\":{},\"pk\":false,\"query\":true,\"queryType\":\"LIKE\",\"required\":false,\"sort\":3,\"superColumn\":false,\"tableId\":5,\"updateBy\":\"\",\"updateTime\":\"2024-08-23 19:07:29\",\"usableColumn\":false},{\"capJavaField\":\"Img\",\"columnComment\":\"图片\",\"columnId\":56,\"columnName\":\"img\",\"columnType\":\"varchar(100)\",\"createBy\":\"admin\",\"createTime\":\"2024-08-23 18:35:35\",\"dictType\":\"\",\"edit\":true,\"htmlType\":\"imageUpload\",\"increment\":false,\"insert\":true,\"isEdit\":\"1\",\"isIncrement\":\"0\",','{\"msg\":\"操作成功\",\"code\":200}',0,NULL,'2024-08-23 20:37:28',22);
insert  into `sys_oper_log`(`oper_id`,`title`,`business_type`,`method`,`request_method`,`operator_type`,`oper_name`,`dept_name`,`oper_url`,`oper_ip`,`oper_location`,`oper_param`,`json_result`,`status`,`error_msg`,`oper_time`,`cost_time`) values (190,'代码生成',8,'com.ruoyi.project.tool.gen.controller.GenController.batchGenCode()','GET',1,'admin','研发部门','/tool/gen/batchGenCode','127.0.0.1','内网IP','{\"tables\":\"good_type\"}',NULL,0,NULL,'2024-08-23 20:37:32',318);
insert  into `sys_oper_log`(`oper_id`,`title`,`business_type`,`method`,`request_method`,`operator_type`,`oper_name`,`dept_name`,`oper_url`,`oper_ip`,`oper_location`,`oper_param`,`json_result`,`status`,`error_msg`,`oper_time`,`cost_time`) values (191,'代码生成',8,'com.ruoyi.project.tool.gen.controller.GenController.batchGenCode()','GET',1,'admin','研发部门','/tool/gen/batchGenCode','127.0.0.1','内网IP','{\"tables\":\"good\"}',NULL,0,NULL,'2024-08-23 21:37:37',51048);
insert  into `sys_oper_log`(`oper_id`,`title`,`business_type`,`method`,`request_method`,`operator_type`,`oper_name`,`dept_name`,`oper_url`,`oper_ip`,`oper_location`,`oper_param`,`json_result`,`status`,`error_msg`,`oper_time`,`cost_time`) values (192,'代码生成',2,'com.ruoyi.project.tool.gen.controller.GenController.editSave()','PUT',1,'admin','研发部门','/tool/gen','127.0.0.1','内网IP','{\"businessName\":\"type\",\"className\":\"GoodType\",\"columns\":[{\"capJavaField\":\"Id\",\"columnComment\":\"主键\",\"columnId\":53,\"columnName\":\"id\",\"columnType\":\"int(11)\",\"createBy\":\"admin\",\"createTime\":\"2024-08-23 18:35:35\",\"dictType\":\"\",\"edit\":false,\"htmlType\":\"input\",\"increment\":true,\"insert\":true,\"isIncrement\":\"1\",\"isInsert\":\"1\",\"isPk\":\"1\",\"isRequired\":\"0\",\"javaField\":\"id\",\"javaType\":\"Long\",\"list\":false,\"params\":{},\"pk\":true,\"query\":false,\"queryType\":\"EQ\",\"required\":false,\"sort\":1,\"superColumn\":false,\"tableId\":5,\"updateBy\":\"\",\"updateTime\":\"2024-08-23 20:37:28\",\"usableColumn\":false},{\"capJavaField\":\"PId\",\"columnComment\":\"父级\",\"columnId\":54,\"columnName\":\"p_id\",\"columnType\":\"int(11)\",\"createBy\":\"admin\",\"createTime\":\"2024-08-23 18:35:35\",\"dictType\":\"\",\"edit\":true,\"htmlType\":\"input\",\"increment\":false,\"insert\":true,\"isEdit\":\"1\",\"isIncrement\":\"0\",\"isInsert\":\"1\",\"isList\":\"0\",\"isPk\":\"0\",\"isQuery\":\"0\",\"isRequired\":\"0\",\"javaField\":\"pId\",\"javaType\":\"Long\",\"list\":false,\"params\":{},\"pk\":false,\"query\":false,\"queryType\":\"EQ\",\"required\":false,\"sort\":2,\"superColumn\":false,\"tableId\":5,\"updateBy\":\"\",\"updateTime\":\"2024-08-23 20:37:28\",\"usableColumn\":false},{\"capJavaField\":\"TypeName\",\"columnComment\":\"商品类型\",\"columnId\":55,\"columnName\":\"type_name\",\"columnType\":\"varchar(100)\",\"createBy\":\"admin\",\"createTime\":\"2024-08-23 18:35:35\",\"dictType\":\"\",\"edit\":true,\"htmlType\":\"input\",\"increment\":false,\"insert\":true,\"isEdit\":\"1\",\"isIncrement\":\"0\",\"isInsert\":\"1\",\"isList\":\"1\",\"isPk\":\"0\",\"isQuery\":\"1\",\"isRequired\":\"0\",\"javaField\":\"typeName\",\"javaType\":\"String\",\"list\":true,\"params\":{},\"pk\":false,\"query\":true,\"queryType\":\"LIKE\",\"required\":false,\"sort\":3,\"superColumn\":false,\"tableId\":5,\"updateBy\":\"\",\"updateTime\":\"2024-08-23 20:37:28\",\"usableColumn\":false},{\"capJavaField\":\"Img\",\"columnComment\":\"图片\",\"columnId\":56,\"columnName\":\"img\",\"columnType\":\"varchar(100)\",\"createBy\":\"admin\",\"createTime\":\"2024-08-23 18:35:35\",\"dictType\":\"\",\"edit\":true,\"htmlType\":\"imageUpload\",\"increment\":false,\"insert\":true,\"isEdit\":\"1\",\"isIncrement\":\"0\",','{\"msg\":\"操作成功\",\"code\":200}',0,NULL,'2024-08-23 21:46:06',38);
insert  into `sys_oper_log`(`oper_id`,`title`,`business_type`,`method`,`request_method`,`operator_type`,`oper_name`,`dept_name`,`oper_url`,`oper_ip`,`oper_location`,`oper_param`,`json_result`,`status`,`error_msg`,`oper_time`,`cost_time`) values (193,'代码生成',2,'com.ruoyi.project.tool.gen.controller.GenController.editSave()','PUT',1,'admin','研发部门','/tool/gen','127.0.0.1','内网IP','{\"businessName\":\"type\",\"className\":\"GoodType\",\"columns\":[{\"capJavaField\":\"Id\",\"columnComment\":\"主键\",\"columnId\":53,\"columnName\":\"id\",\"columnType\":\"int(11)\",\"createBy\":\"admin\",\"createTime\":\"2024-08-23 18:35:35\",\"dictType\":\"\",\"edit\":false,\"htmlType\":\"input\",\"increment\":true,\"insert\":true,\"isIncrement\":\"1\",\"isInsert\":\"1\",\"isPk\":\"1\",\"isRequired\":\"0\",\"javaField\":\"id\",\"javaType\":\"Long\",\"list\":false,\"params\":{},\"pk\":true,\"query\":false,\"queryType\":\"EQ\",\"required\":false,\"sort\":1,\"superColumn\":false,\"tableId\":5,\"updateBy\":\"\",\"updateTime\":\"2024-08-23 21:46:06\",\"usableColumn\":false},{\"capJavaField\":\"PId\",\"columnComment\":\"父级\",\"columnId\":54,\"columnName\":\"p_id\",\"columnType\":\"int(11)\",\"createBy\":\"admin\",\"createTime\":\"2024-08-23 18:35:35\",\"dictType\":\"\",\"edit\":true,\"htmlType\":\"input\",\"increment\":false,\"insert\":true,\"isEdit\":\"1\",\"isIncrement\":\"0\",\"isInsert\":\"1\",\"isList\":\"0\",\"isPk\":\"0\",\"isQuery\":\"0\",\"isRequired\":\"0\",\"javaField\":\"pId\",\"javaType\":\"Long\",\"list\":false,\"params\":{},\"pk\":false,\"query\":false,\"queryType\":\"EQ\",\"required\":false,\"sort\":2,\"superColumn\":false,\"tableId\":5,\"updateBy\":\"\",\"updateTime\":\"2024-08-23 21:46:06\",\"usableColumn\":false},{\"capJavaField\":\"TypeName\",\"columnComment\":\"商品类型\",\"columnId\":55,\"columnName\":\"type_name\",\"columnType\":\"varchar(100)\",\"createBy\":\"admin\",\"createTime\":\"2024-08-23 18:35:35\",\"dictType\":\"\",\"edit\":true,\"htmlType\":\"input\",\"increment\":false,\"insert\":true,\"isEdit\":\"1\",\"isIncrement\":\"0\",\"isInsert\":\"1\",\"isList\":\"1\",\"isPk\":\"0\",\"isQuery\":\"1\",\"isRequired\":\"0\",\"javaField\":\"typeName\",\"javaType\":\"String\",\"list\":true,\"params\":{},\"pk\":false,\"query\":true,\"queryType\":\"LIKE\",\"required\":false,\"sort\":3,\"superColumn\":false,\"tableId\":5,\"updateBy\":\"\",\"updateTime\":\"2024-08-23 21:46:06\",\"usableColumn\":false},{\"capJavaField\":\"Img\",\"columnComment\":\"图片\",\"columnId\":56,\"columnName\":\"img\",\"columnType\":\"varchar(100)\",\"createBy\":\"admin\",\"createTime\":\"2024-08-23 18:35:35\",\"dictType\":\"\",\"edit\":true,\"htmlType\":\"imageUpload\",\"increment\":false,\"insert\":true,\"isEdit\":\"1\",\"isIncrement\":\"0\",','{\"msg\":\"操作成功\",\"code\":200}',0,NULL,'2024-08-23 22:42:54',64);
insert  into `sys_oper_log`(`oper_id`,`title`,`business_type`,`method`,`request_method`,`operator_type`,`oper_name`,`dept_name`,`oper_url`,`oper_ip`,`oper_location`,`oper_param`,`json_result`,`status`,`error_msg`,`oper_time`,`cost_time`) values (194,'代码生成',2,'com.ruoyi.project.tool.gen.controller.GenController.editSave()','PUT',1,'admin','研发部门','/tool/gen','127.0.0.1','内网IP','{\"businessName\":\"type\",\"className\":\"GoodType\",\"columns\":[{\"capJavaField\":\"Id\",\"columnComment\":\"主键\",\"columnId\":53,\"columnName\":\"id\",\"columnType\":\"int(11)\",\"createBy\":\"admin\",\"createTime\":\"2024-08-23 18:35:35\",\"dictType\":\"\",\"edit\":false,\"htmlType\":\"input\",\"increment\":true,\"insert\":true,\"isIncrement\":\"1\",\"isInsert\":\"1\",\"isPk\":\"1\",\"isRequired\":\"0\",\"javaField\":\"id\",\"javaType\":\"Long\",\"list\":false,\"params\":{},\"pk\":true,\"query\":false,\"queryType\":\"EQ\",\"required\":false,\"sort\":1,\"superColumn\":false,\"tableId\":5,\"updateBy\":\"\",\"updateTime\":\"2024-08-23 22:42:54\",\"usableColumn\":false},{\"capJavaField\":\"PId\",\"columnComment\":\"父级\",\"columnId\":54,\"columnName\":\"p_id\",\"columnType\":\"int(11)\",\"createBy\":\"admin\",\"createTime\":\"2024-08-23 18:35:35\",\"dictType\":\"\",\"edit\":true,\"htmlType\":\"input\",\"increment\":false,\"insert\":true,\"isEdit\":\"1\",\"isIncrement\":\"0\",\"isInsert\":\"1\",\"isList\":\"0\",\"isPk\":\"0\",\"isQuery\":\"0\",\"isRequired\":\"0\",\"javaField\":\"pId\",\"javaType\":\"Long\",\"list\":false,\"params\":{},\"pk\":false,\"query\":false,\"queryType\":\"EQ\",\"required\":false,\"sort\":2,\"superColumn\":false,\"tableId\":5,\"updateBy\":\"\",\"updateTime\":\"2024-08-23 22:42:54\",\"usableColumn\":false},{\"capJavaField\":\"TypeName\",\"columnComment\":\"商品类型\",\"columnId\":55,\"columnName\":\"type_name\",\"columnType\":\"varchar(100)\",\"createBy\":\"admin\",\"createTime\":\"2024-08-23 18:35:35\",\"dictType\":\"\",\"edit\":true,\"htmlType\":\"input\",\"increment\":false,\"insert\":true,\"isEdit\":\"1\",\"isIncrement\":\"0\",\"isInsert\":\"1\",\"isList\":\"1\",\"isPk\":\"0\",\"isQuery\":\"1\",\"isRequired\":\"0\",\"javaField\":\"typeName\",\"javaType\":\"String\",\"list\":true,\"params\":{},\"pk\":false,\"query\":true,\"queryType\":\"LIKE\",\"required\":false,\"sort\":3,\"superColumn\":false,\"tableId\":5,\"updateBy\":\"\",\"updateTime\":\"2024-08-23 22:42:54\",\"usableColumn\":false},{\"capJavaField\":\"Img\",\"columnComment\":\"图片\",\"columnId\":56,\"columnName\":\"img\",\"columnType\":\"varchar(100)\",\"createBy\":\"admin\",\"createTime\":\"2024-08-23 18:35:35\",\"dictType\":\"\",\"edit\":true,\"htmlType\":\"imageUpload\",\"increment\":false,\"insert\":true,\"isEdit\":\"1\",\"isIncrement\":\"0\",','{\"msg\":\"操作成功\",\"code\":200}',0,NULL,'2024-08-23 22:44:01',27);
insert  into `sys_oper_log`(`oper_id`,`title`,`business_type`,`method`,`request_method`,`operator_type`,`oper_name`,`dept_name`,`oper_url`,`oper_ip`,`oper_location`,`oper_param`,`json_result`,`status`,`error_msg`,`oper_time`,`cost_time`) values (195,'代码生成',2,'com.ruoyi.project.tool.gen.controller.GenController.editSave()','PUT',1,'admin','研发部门','/tool/gen','127.0.0.1','内网IP','{\"businessName\":\"type\",\"className\":\"GoodType\",\"columns\":[{\"capJavaField\":\"Id\",\"columnComment\":\"主键\",\"columnId\":53,\"columnName\":\"id\",\"columnType\":\"int(11)\",\"createBy\":\"admin\",\"createTime\":\"2024-08-23 18:35:35\",\"dictType\":\"\",\"edit\":false,\"htmlType\":\"input\",\"increment\":true,\"insert\":true,\"isIncrement\":\"1\",\"isInsert\":\"1\",\"isPk\":\"1\",\"isRequired\":\"0\",\"javaField\":\"id\",\"javaType\":\"Long\",\"list\":false,\"params\":{},\"pk\":true,\"query\":false,\"queryType\":\"EQ\",\"required\":false,\"sort\":1,\"superColumn\":false,\"tableId\":5,\"updateBy\":\"\",\"updateTime\":\"2024-08-23 22:44:01\",\"usableColumn\":false},{\"capJavaField\":\"PId\",\"columnComment\":\"父级\",\"columnId\":54,\"columnName\":\"p_id\",\"columnType\":\"int(11)\",\"createBy\":\"admin\",\"createTime\":\"2024-08-23 18:35:35\",\"dictType\":\"\",\"edit\":true,\"htmlType\":\"input\",\"increment\":false,\"insert\":true,\"isEdit\":\"1\",\"isIncrement\":\"0\",\"isInsert\":\"1\",\"isList\":\"0\",\"isPk\":\"0\",\"isQuery\":\"0\",\"isRequired\":\"0\",\"javaField\":\"pId\",\"javaType\":\"Long\",\"list\":false,\"params\":{},\"pk\":false,\"query\":false,\"queryType\":\"EQ\",\"required\":false,\"sort\":2,\"superColumn\":false,\"tableId\":5,\"updateBy\":\"\",\"updateTime\":\"2024-08-23 22:44:01\",\"usableColumn\":false},{\"capJavaField\":\"TypeName\",\"columnComment\":\"商品类型\",\"columnId\":55,\"columnName\":\"type_name\",\"columnType\":\"varchar(100)\",\"createBy\":\"admin\",\"createTime\":\"2024-08-23 18:35:35\",\"dictType\":\"\",\"edit\":true,\"htmlType\":\"input\",\"increment\":false,\"insert\":true,\"isEdit\":\"1\",\"isIncrement\":\"0\",\"isInsert\":\"1\",\"isList\":\"1\",\"isPk\":\"0\",\"isQuery\":\"1\",\"isRequired\":\"0\",\"javaField\":\"typeName\",\"javaType\":\"String\",\"list\":true,\"params\":{},\"pk\":false,\"query\":true,\"queryType\":\"LIKE\",\"required\":false,\"sort\":3,\"superColumn\":false,\"tableId\":5,\"updateBy\":\"\",\"updateTime\":\"2024-08-23 22:44:01\",\"usableColumn\":false},{\"capJavaField\":\"Img\",\"columnComment\":\"图片\",\"columnId\":56,\"columnName\":\"img\",\"columnType\":\"varchar(100)\",\"createBy\":\"admin\",\"createTime\":\"2024-08-23 18:35:35\",\"dictType\":\"\",\"edit\":true,\"htmlType\":\"imageUpload\",\"increment\":false,\"insert\":true,\"isEdit\":\"1\",\"isIncrement\":\"0\",','{\"msg\":\"操作成功\",\"code\":200}',0,NULL,'2024-08-23 22:47:37',20);
insert  into `sys_oper_log`(`oper_id`,`title`,`business_type`,`method`,`request_method`,`operator_type`,`oper_name`,`dept_name`,`oper_url`,`oper_ip`,`oper_location`,`oper_param`,`json_result`,`status`,`error_msg`,`oper_time`,`cost_time`) values (196,'代码生成',2,'com.ruoyi.project.tool.gen.controller.GenController.editSave()','PUT',1,'admin','研发部门','/tool/gen','127.0.0.1','内网IP','{\"businessName\":\"type\",\"className\":\"GoodType\",\"columns\":[{\"capJavaField\":\"Id\",\"columnComment\":\"主键\",\"columnId\":53,\"columnName\":\"id\",\"columnType\":\"int(11)\",\"createBy\":\"admin\",\"createTime\":\"2024-08-23 18:35:35\",\"dictType\":\"\",\"edit\":false,\"htmlType\":\"input\",\"increment\":true,\"insert\":true,\"isIncrement\":\"1\",\"isInsert\":\"1\",\"isPk\":\"1\",\"isRequired\":\"0\",\"javaField\":\"id\",\"javaType\":\"Long\",\"list\":false,\"params\":{},\"pk\":true,\"query\":false,\"queryType\":\"EQ\",\"required\":false,\"sort\":1,\"superColumn\":false,\"tableId\":5,\"updateBy\":\"\",\"updateTime\":\"2024-08-23 22:47:37\",\"usableColumn\":false},{\"capJavaField\":\"PId\",\"columnComment\":\"父级\",\"columnId\":54,\"columnName\":\"p_id\",\"columnType\":\"int(11)\",\"createBy\":\"admin\",\"createTime\":\"2024-08-23 18:35:35\",\"dictType\":\"\",\"edit\":true,\"htmlType\":\"input\",\"increment\":false,\"insert\":true,\"isEdit\":\"1\",\"isIncrement\":\"0\",\"isInsert\":\"1\",\"isList\":\"0\",\"isPk\":\"0\",\"isQuery\":\"0\",\"isRequired\":\"0\",\"javaField\":\"pId\",\"javaType\":\"Long\",\"list\":false,\"params\":{},\"pk\":false,\"query\":false,\"queryType\":\"EQ\",\"required\":false,\"sort\":2,\"superColumn\":false,\"tableId\":5,\"updateBy\":\"\",\"updateTime\":\"2024-08-23 22:47:37\",\"usableColumn\":false},{\"capJavaField\":\"TypeName\",\"columnComment\":\"商品类型\",\"columnId\":55,\"columnName\":\"type_name\",\"columnType\":\"varchar(100)\",\"createBy\":\"admin\",\"createTime\":\"2024-08-23 18:35:35\",\"dictType\":\"\",\"edit\":true,\"htmlType\":\"input\",\"increment\":false,\"insert\":true,\"isEdit\":\"1\",\"isIncrement\":\"0\",\"isInsert\":\"1\",\"isList\":\"1\",\"isPk\":\"0\",\"isQuery\":\"1\",\"isRequired\":\"0\",\"javaField\":\"typeName\",\"javaType\":\"String\",\"list\":true,\"params\":{},\"pk\":false,\"query\":true,\"queryType\":\"LIKE\",\"required\":false,\"sort\":3,\"superColumn\":false,\"tableId\":5,\"updateBy\":\"\",\"updateTime\":\"2024-08-23 22:47:37\",\"usableColumn\":false},{\"capJavaField\":\"Img\",\"columnComment\":\"图片\",\"columnId\":56,\"columnName\":\"img\",\"columnType\":\"varchar(100)\",\"createBy\":\"admin\",\"createTime\":\"2024-08-23 18:35:35\",\"dictType\":\"\",\"edit\":true,\"htmlType\":\"imageUpload\",\"increment\":false,\"insert\":true,\"isEdit\":\"1\",\"isIncrement\":\"0\",','{\"msg\":\"操作成功\",\"code\":200}',0,NULL,'2024-08-23 22:57:55',23);
insert  into `sys_oper_log`(`oper_id`,`title`,`business_type`,`method`,`request_method`,`operator_type`,`oper_name`,`dept_name`,`oper_url`,`oper_ip`,`oper_location`,`oper_param`,`json_result`,`status`,`error_msg`,`oper_time`,`cost_time`) values (197,'代码生成',2,'com.ruoyi.project.tool.gen.controller.GenController.editSave()','PUT',1,'admin','研发部门','/tool/gen','127.0.0.1','内网IP','{\"businessName\":\"type\",\"className\":\"GoodType\",\"columns\":[{\"capJavaField\":\"Id\",\"columnComment\":\"主键\",\"columnId\":53,\"columnName\":\"id\",\"columnType\":\"int(11)\",\"createBy\":\"admin\",\"createTime\":\"2024-08-23 18:35:35\",\"dictType\":\"\",\"edit\":false,\"htmlType\":\"input\",\"increment\":true,\"insert\":true,\"isIncrement\":\"1\",\"isInsert\":\"1\",\"isPk\":\"1\",\"isRequired\":\"0\",\"javaField\":\"id\",\"javaType\":\"Long\",\"list\":false,\"params\":{},\"pk\":true,\"query\":false,\"queryType\":\"EQ\",\"required\":false,\"sort\":1,\"superColumn\":false,\"tableId\":5,\"updateBy\":\"\",\"updateTime\":\"2024-08-23 22:57:55\",\"usableColumn\":false},{\"capJavaField\":\"PId\",\"columnComment\":\"父级\",\"columnId\":54,\"columnName\":\"p_id\",\"columnType\":\"int(11)\",\"createBy\":\"admin\",\"createTime\":\"2024-08-23 18:35:35\",\"dictType\":\"\",\"edit\":true,\"htmlType\":\"input\",\"increment\":false,\"insert\":true,\"isEdit\":\"1\",\"isIncrement\":\"0\",\"isInsert\":\"1\",\"isList\":\"0\",\"isPk\":\"0\",\"isQuery\":\"0\",\"isRequired\":\"0\",\"javaField\":\"pId\",\"javaType\":\"Long\",\"list\":false,\"params\":{},\"pk\":false,\"query\":false,\"queryType\":\"EQ\",\"required\":false,\"sort\":2,\"superColumn\":false,\"tableId\":5,\"updateBy\":\"\",\"updateTime\":\"2024-08-23 22:57:55\",\"usableColumn\":false},{\"capJavaField\":\"TypeName\",\"columnComment\":\"商品类型\",\"columnId\":55,\"columnName\":\"type_name\",\"columnType\":\"varchar(100)\",\"createBy\":\"admin\",\"createTime\":\"2024-08-23 18:35:35\",\"dictType\":\"\",\"edit\":true,\"htmlType\":\"input\",\"increment\":false,\"insert\":true,\"isEdit\":\"1\",\"isIncrement\":\"0\",\"isInsert\":\"1\",\"isList\":\"1\",\"isPk\":\"0\",\"isQuery\":\"1\",\"isRequired\":\"0\",\"javaField\":\"typeName\",\"javaType\":\"String\",\"list\":true,\"params\":{},\"pk\":false,\"query\":true,\"queryType\":\"LIKE\",\"required\":false,\"sort\":3,\"superColumn\":false,\"tableId\":5,\"updateBy\":\"\",\"updateTime\":\"2024-08-23 22:57:55\",\"usableColumn\":false},{\"capJavaField\":\"Img\",\"columnComment\":\"图片\",\"columnId\":56,\"columnName\":\"img\",\"columnType\":\"varchar(100)\",\"createBy\":\"admin\",\"createTime\":\"2024-08-23 18:35:35\",\"dictType\":\"\",\"edit\":true,\"htmlType\":\"imageUpload\",\"increment\":false,\"insert\":true,\"isEdit\":\"1\",\"isIncrement\":\"0\",','{\"msg\":\"操作成功\",\"code\":200}',0,NULL,'2024-08-24 14:01:52',46);
insert  into `sys_oper_log`(`oper_id`,`title`,`business_type`,`method`,`request_method`,`operator_type`,`oper_name`,`dept_name`,`oper_url`,`oper_ip`,`oper_location`,`oper_param`,`json_result`,`status`,`error_msg`,`oper_time`,`cost_time`) values (198,'代码生成',2,'com.ruoyi.project.tool.gen.controller.GenController.editSave()','PUT',1,'admin','研发部门','/tool/gen','127.0.0.1','内网IP','{\"businessName\":\"good\",\"className\":\"Good\",\"columns\":[{\"capJavaField\":\"Id\",\"columnComment\":\"主键\",\"columnId\":41,\"columnName\":\"id\",\"columnType\":\"bigint(20)\",\"createBy\":\"admin\",\"createTime\":\"2024-08-23 17:14:29\",\"dictType\":\"\",\"edit\":false,\"htmlType\":\"input\",\"increment\":true,\"insert\":true,\"isIncrement\":\"1\",\"isInsert\":\"1\",\"isPk\":\"1\",\"isRequired\":\"0\",\"javaField\":\"id\",\"javaType\":\"Long\",\"list\":false,\"params\":{},\"pk\":true,\"query\":false,\"queryType\":\"EQ\",\"required\":false,\"sort\":1,\"superColumn\":false,\"tableId\":4,\"updateBy\":\"\",\"updateTime\":\"2024-08-23 20:36:30\",\"usableColumn\":false},{\"capJavaField\":\"Name\",\"columnComment\":\"商品名称\",\"columnId\":42,\"columnName\":\"name\",\"columnType\":\"varchar(255)\",\"createBy\":\"admin\",\"createTime\":\"2024-08-23 17:14:29\",\"dictType\":\"\",\"edit\":true,\"htmlType\":\"input\",\"increment\":false,\"insert\":true,\"isEdit\":\"1\",\"isIncrement\":\"0\",\"isInsert\":\"1\",\"isList\":\"1\",\"isPk\":\"0\",\"isQuery\":\"1\",\"isRequired\":\"0\",\"javaField\":\"name\",\"javaType\":\"String\",\"list\":true,\"params\":{},\"pk\":false,\"query\":true,\"queryType\":\"LIKE\",\"required\":false,\"sort\":2,\"superColumn\":false,\"tableId\":4,\"updateBy\":\"\",\"updateTime\":\"2024-08-23 20:36:30\",\"usableColumn\":false},{\"capJavaField\":\"Description\",\"columnComment\":\"描述\",\"columnId\":43,\"columnName\":\"description\",\"columnType\":\"varchar(1600)\",\"createBy\":\"admin\",\"createTime\":\"2024-08-23 17:14:29\",\"dictType\":\"\",\"edit\":true,\"htmlType\":\"textarea\",\"increment\":false,\"insert\":true,\"isEdit\":\"1\",\"isIncrement\":\"0\",\"isInsert\":\"1\",\"isList\":\"1\",\"isPk\":\"0\",\"isQuery\":\"1\",\"isRequired\":\"0\",\"javaField\":\"description\",\"javaType\":\"String\",\"list\":true,\"params\":{},\"pk\":false,\"query\":true,\"queryType\":\"EQ\",\"required\":false,\"sort\":3,\"superColumn\":false,\"tableId\":4,\"updateBy\":\"\",\"updateTime\":\"2024-08-23 20:36:30\",\"usableColumn\":false},{\"capJavaField\":\"Discount\",\"columnComment\":\"折扣\",\"columnId\":44,\"columnName\":\"discount\",\"columnType\":\"double(10,2)\",\"createBy\":\"admin\",\"createTime\":\"2024-08-23 17:14:29\",\"dictType\":\"\",\"edit\":true,\"htmlType\":\"input\",\"increment\":false,\"insert\":true,\"isEdit\":','{\"msg\":\"操作成功\",\"code\":200}',0,NULL,'2024-08-24 14:04:43',33);
insert  into `sys_oper_log`(`oper_id`,`title`,`business_type`,`method`,`request_method`,`operator_type`,`oper_name`,`dept_name`,`oper_url`,`oper_ip`,`oper_location`,`oper_param`,`json_result`,`status`,`error_msg`,`oper_time`,`cost_time`) values (199,'代码生成',2,'com.ruoyi.project.tool.gen.controller.GenController.editSave()','PUT',1,'admin','研发部门','/tool/gen','127.0.0.1','内网IP','{\"aTable\":\"good\",\"aTableCloumn\":\"category_id\",\"bTable\":\"good_type\",\"businessName\":\"good\",\"className\":\"Good\",\"columns\":[{\"capJavaField\":\"Id\",\"columnComment\":\"主键\",\"columnId\":41,\"columnName\":\"id\",\"columnType\":\"bigint(20)\",\"createBy\":\"admin\",\"createTime\":\"2024-08-23 17:14:29\",\"dictType\":\"\",\"edit\":false,\"htmlType\":\"input\",\"increment\":true,\"insert\":true,\"isIncrement\":\"1\",\"isInsert\":\"1\",\"isPk\":\"1\",\"isRequired\":\"0\",\"javaField\":\"id\",\"javaType\":\"Long\",\"list\":false,\"params\":{},\"pk\":true,\"query\":false,\"queryType\":\"EQ\",\"required\":false,\"sort\":1,\"superColumn\":false,\"tableId\":4,\"updateBy\":\"\",\"updateTime\":\"2024-08-24 14:04:43\",\"usableColumn\":false},{\"capJavaField\":\"Name\",\"columnComment\":\"商品名称\",\"columnId\":42,\"columnName\":\"name\",\"columnType\":\"varchar(255)\",\"createBy\":\"admin\",\"createTime\":\"2024-08-23 17:14:29\",\"dictType\":\"\",\"edit\":true,\"htmlType\":\"input\",\"increment\":false,\"insert\":true,\"isEdit\":\"1\",\"isIncrement\":\"0\",\"isInsert\":\"1\",\"isList\":\"1\",\"isPk\":\"0\",\"isQuery\":\"1\",\"isRequired\":\"0\",\"javaField\":\"name\",\"javaType\":\"String\",\"list\":true,\"params\":{},\"pk\":false,\"query\":true,\"queryType\":\"LIKE\",\"required\":false,\"sort\":2,\"superColumn\":false,\"tableId\":4,\"updateBy\":\"\",\"updateTime\":\"2024-08-24 14:04:43\",\"usableColumn\":false},{\"capJavaField\":\"Description\",\"columnComment\":\"描述\",\"columnId\":43,\"columnName\":\"description\",\"columnType\":\"varchar(1600)\",\"createBy\":\"admin\",\"createTime\":\"2024-08-23 17:14:29\",\"dictType\":\"\",\"edit\":true,\"htmlType\":\"textarea\",\"increment\":false,\"insert\":true,\"isEdit\":\"1\",\"isIncrement\":\"0\",\"isInsert\":\"1\",\"isList\":\"1\",\"isPk\":\"0\",\"isQuery\":\"1\",\"isRequired\":\"0\",\"javaField\":\"description\",\"javaType\":\"String\",\"list\":true,\"params\":{},\"pk\":false,\"query\":true,\"queryType\":\"EQ\",\"required\":false,\"sort\":3,\"superColumn\":false,\"tableId\":4,\"updateBy\":\"\",\"updateTime\":\"2024-08-24 14:04:43\",\"usableColumn\":false},{\"capJavaField\":\"Discount\",\"columnComment\":\"折扣\",\"columnId\":44,\"columnName\":\"discount\",\"columnType\":\"double(10,2)\",\"createBy\":\"admin\",\"createTime\":\"2024-08-23 17:14:29\",\"dictType\":\"\",\"edit\"','{\"msg\":\"操作成功\",\"code\":200}',0,NULL,'2024-08-24 14:45:50',58);
insert  into `sys_oper_log`(`oper_id`,`title`,`business_type`,`method`,`request_method`,`operator_type`,`oper_name`,`dept_name`,`oper_url`,`oper_ip`,`oper_location`,`oper_param`,`json_result`,`status`,`error_msg`,`oper_time`,`cost_time`) values (200,'代码生成',2,'com.ruoyi.project.tool.gen.controller.GenController.editSave()','PUT',1,'admin','研发部门','/tool/gen','127.0.0.1','内网IP','{\"aTable\":\"good\",\"aTableCloumn\":\"category_id\",\"bTable\":\"good_type\",\"bTableCloumn\":\"id\",\"businessName\":\"good\",\"className\":\"Good\",\"columns\":[{\"capJavaField\":\"Id\",\"columnComment\":\"主键\",\"columnId\":41,\"columnName\":\"id\",\"columnType\":\"bigint(20)\",\"createBy\":\"admin\",\"createTime\":\"2024-08-23 17:14:29\",\"dictType\":\"\",\"edit\":false,\"htmlType\":\"input\",\"increment\":true,\"insert\":true,\"isIncrement\":\"1\",\"isInsert\":\"1\",\"isPk\":\"1\",\"isRequired\":\"0\",\"javaField\":\"id\",\"javaType\":\"Long\",\"list\":false,\"params\":{},\"pk\":true,\"query\":false,\"queryType\":\"EQ\",\"required\":false,\"sort\":1,\"superColumn\":false,\"tableId\":4,\"updateBy\":\"\",\"updateTime\":\"2024-08-24 14:45:50\",\"usableColumn\":false},{\"capJavaField\":\"Name\",\"columnComment\":\"商品名称\",\"columnId\":42,\"columnName\":\"name\",\"columnType\":\"varchar(255)\",\"createBy\":\"admin\",\"createTime\":\"2024-08-23 17:14:29\",\"dictType\":\"\",\"edit\":true,\"htmlType\":\"input\",\"increment\":false,\"insert\":true,\"isEdit\":\"1\",\"isIncrement\":\"0\",\"isInsert\":\"1\",\"isList\":\"1\",\"isPk\":\"0\",\"isQuery\":\"1\",\"isRequired\":\"0\",\"javaField\":\"name\",\"javaType\":\"String\",\"list\":true,\"params\":{},\"pk\":false,\"query\":true,\"queryType\":\"LIKE\",\"required\":false,\"sort\":2,\"superColumn\":false,\"tableId\":4,\"updateBy\":\"\",\"updateTime\":\"2024-08-24 14:45:50\",\"usableColumn\":false},{\"capJavaField\":\"Description\",\"columnComment\":\"描述\",\"columnId\":43,\"columnName\":\"description\",\"columnType\":\"varchar(1600)\",\"createBy\":\"admin\",\"createTime\":\"2024-08-23 17:14:29\",\"dictType\":\"\",\"edit\":true,\"htmlType\":\"textarea\",\"increment\":false,\"insert\":true,\"isEdit\":\"1\",\"isIncrement\":\"0\",\"isInsert\":\"1\",\"isList\":\"1\",\"isPk\":\"0\",\"isQuery\":\"1\",\"isRequired\":\"0\",\"javaField\":\"description\",\"javaType\":\"String\",\"list\":true,\"params\":{},\"pk\":false,\"query\":true,\"queryType\":\"EQ\",\"required\":false,\"sort\":3,\"superColumn\":false,\"tableId\":4,\"updateBy\":\"\",\"updateTime\":\"2024-08-24 14:45:50\",\"usableColumn\":false},{\"capJavaField\":\"Discount\",\"columnComment\":\"折扣\",\"columnId\":44,\"columnName\":\"discount\",\"columnType\":\"double(10,2)\",\"createBy\":\"admin\",\"createTime\":\"2024-08-23 17:14:29\",','{\"msg\":\"操作成功\",\"code\":200}',0,NULL,'2024-08-24 14:46:56',28);
insert  into `sys_oper_log`(`oper_id`,`title`,`business_type`,`method`,`request_method`,`operator_type`,`oper_name`,`dept_name`,`oper_url`,`oper_ip`,`oper_location`,`oper_param`,`json_result`,`status`,`error_msg`,`oper_time`,`cost_time`) values (201,'代码生成',2,'com.ruoyi.project.tool.gen.controller.GenController.editSave()','PUT',1,'admin','研发部门','/tool/gen','127.0.0.1','内网IP','{\"aTable\":\"good\",\"aTableCloumn\":\"category_id\",\"bTable\":\"good_type\",\"bTableCloumn\":\"id\",\"businessName\":\"good\",\"className\":\"Good\",\"columns\":[{\"capJavaField\":\"Id\",\"columnComment\":\"主键\",\"columnId\":41,\"columnName\":\"id\",\"columnType\":\"bigint(20)\",\"createBy\":\"admin\",\"createTime\":\"2024-08-23 17:14:29\",\"dictType\":\"\",\"edit\":false,\"htmlType\":\"input\",\"increment\":true,\"insert\":true,\"isIncrement\":\"1\",\"isInsert\":\"1\",\"isPk\":\"1\",\"isRequired\":\"0\",\"javaField\":\"id\",\"javaType\":\"Long\",\"list\":false,\"params\":{},\"pk\":true,\"query\":false,\"queryType\":\"EQ\",\"required\":false,\"sort\":1,\"superColumn\":false,\"tableId\":4,\"updateBy\":\"\",\"updateTime\":\"2024-08-24 14:46:56\",\"usableColumn\":false},{\"capJavaField\":\"Name\",\"columnComment\":\"商品名称\",\"columnId\":42,\"columnName\":\"name\",\"columnType\":\"varchar(255)\",\"createBy\":\"admin\",\"createTime\":\"2024-08-23 17:14:29\",\"dictType\":\"\",\"edit\":true,\"htmlType\":\"input\",\"increment\":false,\"insert\":true,\"isEdit\":\"1\",\"isIncrement\":\"0\",\"isInsert\":\"1\",\"isList\":\"1\",\"isPk\":\"0\",\"isQuery\":\"1\",\"isRequired\":\"0\",\"javaField\":\"name\",\"javaType\":\"String\",\"list\":true,\"params\":{},\"pk\":false,\"query\":true,\"queryType\":\"LIKE\",\"required\":false,\"sort\":2,\"superColumn\":false,\"tableId\":4,\"updateBy\":\"\",\"updateTime\":\"2024-08-24 14:46:56\",\"usableColumn\":false},{\"capJavaField\":\"Description\",\"columnComment\":\"描述\",\"columnId\":43,\"columnName\":\"description\",\"columnType\":\"varchar(1600)\",\"createBy\":\"admin\",\"createTime\":\"2024-08-23 17:14:29\",\"dictType\":\"\",\"edit\":true,\"htmlType\":\"textarea\",\"increment\":false,\"insert\":true,\"isEdit\":\"1\",\"isIncrement\":\"0\",\"isInsert\":\"1\",\"isList\":\"1\",\"isPk\":\"0\",\"isQuery\":\"1\",\"isRequired\":\"0\",\"javaField\":\"description\",\"javaType\":\"String\",\"list\":true,\"params\":{},\"pk\":false,\"query\":true,\"queryType\":\"EQ\",\"required\":false,\"sort\":3,\"superColumn\":false,\"tableId\":4,\"updateBy\":\"\",\"updateTime\":\"2024-08-24 14:46:56\",\"usableColumn\":false},{\"capJavaField\":\"Discount\",\"columnComment\":\"折扣\",\"columnId\":44,\"columnName\":\"discount\",\"columnType\":\"double(10,2)\",\"createBy\":\"admin\",\"createTime\":\"2024-08-23 17:14:29\",','{\"msg\":\"操作成功\",\"code\":200}',0,NULL,'2024-08-24 14:57:00',22);
insert  into `sys_oper_log`(`oper_id`,`title`,`business_type`,`method`,`request_method`,`operator_type`,`oper_name`,`dept_name`,`oper_url`,`oper_ip`,`oper_location`,`oper_param`,`json_result`,`status`,`error_msg`,`oper_time`,`cost_time`) values (202,'代码生成',8,'com.ruoyi.project.tool.gen.controller.GenController.batchGenCode()','GET',1,'admin','研发部门','/tool/gen/batchGenCode','127.0.0.1','内网IP','{\"tables\":\"good\"}',NULL,0,NULL,'2024-08-24 14:57:25',171);
insert  into `sys_oper_log`(`oper_id`,`title`,`business_type`,`method`,`request_method`,`operator_type`,`oper_name`,`dept_name`,`oper_url`,`oper_ip`,`oper_location`,`oper_param`,`json_result`,`status`,`error_msg`,`oper_time`,`cost_time`) values (203,'代码生成',8,'com.ruoyi.project.tool.gen.controller.GenController.batchGenCode()','GET',1,'admin','研发部门','/tool/gen/batchGenCode','127.0.0.1','内网IP','{\"tables\":\"good\"}',NULL,0,NULL,'2024-08-24 15:19:52',177);
insert  into `sys_oper_log`(`oper_id`,`title`,`business_type`,`method`,`request_method`,`operator_type`,`oper_name`,`dept_name`,`oper_url`,`oper_ip`,`oper_location`,`oper_param`,`json_result`,`status`,`error_msg`,`oper_time`,`cost_time`) values (204,'代码生成',8,'com.ruoyi.project.tool.gen.controller.GenController.batchGenCode()','GET',1,'admin','研发部门','/tool/gen/batchGenCode','127.0.0.1','内网IP','{\"tables\":\"good\"}',NULL,0,NULL,'2024-08-24 15:20:19',38);
insert  into `sys_oper_log`(`oper_id`,`title`,`business_type`,`method`,`request_method`,`operator_type`,`oper_name`,`dept_name`,`oper_url`,`oper_ip`,`oper_location`,`oper_param`,`json_result`,`status`,`error_msg`,`oper_time`,`cost_time`) values (205,'代码生成',2,'com.ruoyi.project.tool.gen.controller.GenController.editSave()','PUT',1,'admin','研发部门','/tool/gen','127.0.0.1','内网IP','{\"businessName\":\"type\",\"className\":\"GoodType\",\"columns\":[{\"capJavaField\":\"Id\",\"columnComment\":\"主键\",\"columnId\":53,\"columnName\":\"id\",\"columnType\":\"int(11)\",\"createBy\":\"admin\",\"createTime\":\"2024-08-23 18:35:35\",\"dictType\":\"\",\"edit\":false,\"htmlType\":\"input\",\"increment\":true,\"insert\":true,\"isIncrement\":\"1\",\"isInsert\":\"1\",\"isPk\":\"1\",\"isRequired\":\"0\",\"javaField\":\"id\",\"javaType\":\"Long\",\"list\":false,\"params\":{},\"pk\":true,\"query\":false,\"queryType\":\"EQ\",\"required\":false,\"sort\":1,\"superColumn\":false,\"tableId\":5,\"updateBy\":\"\",\"updateTime\":\"2024-08-24 14:01:52\",\"usableColumn\":false},{\"capJavaField\":\"PId\",\"columnComment\":\"父级\",\"columnId\":54,\"columnName\":\"p_id\",\"columnType\":\"int(11)\",\"createBy\":\"admin\",\"createTime\":\"2024-08-23 18:35:35\",\"dictType\":\"\",\"edit\":true,\"htmlType\":\"input\",\"increment\":false,\"insert\":true,\"isEdit\":\"1\",\"isIncrement\":\"0\",\"isInsert\":\"1\",\"isList\":\"0\",\"isPk\":\"0\",\"isQuery\":\"0\",\"isRequired\":\"0\",\"javaField\":\"pId\",\"javaType\":\"Long\",\"list\":false,\"params\":{},\"pk\":false,\"query\":false,\"queryType\":\"EQ\",\"required\":false,\"sort\":2,\"superColumn\":false,\"tableId\":5,\"updateBy\":\"\",\"updateTime\":\"2024-08-24 14:01:52\",\"usableColumn\":false},{\"capJavaField\":\"TypeName\",\"columnComment\":\"商品类型\",\"columnId\":55,\"columnName\":\"type_name\",\"columnType\":\"varchar(100)\",\"createBy\":\"admin\",\"createTime\":\"2024-08-23 18:35:35\",\"dictType\":\"\",\"edit\":true,\"htmlType\":\"input\",\"increment\":false,\"insert\":true,\"isEdit\":\"1\",\"isIncrement\":\"0\",\"isInsert\":\"1\",\"isList\":\"1\",\"isPk\":\"0\",\"isQuery\":\"1\",\"isRequired\":\"0\",\"javaField\":\"typeName\",\"javaType\":\"String\",\"list\":true,\"params\":{},\"pk\":false,\"query\":true,\"queryType\":\"LIKE\",\"required\":false,\"sort\":3,\"superColumn\":false,\"tableId\":5,\"updateBy\":\"\",\"updateTime\":\"2024-08-24 14:01:52\",\"usableColumn\":false},{\"capJavaField\":\"Img\",\"columnComment\":\"图片\",\"columnId\":56,\"columnName\":\"img\",\"columnType\":\"varchar(100)\",\"createBy\":\"admin\",\"createTime\":\"2024-08-23 18:35:35\",\"dictType\":\"\",\"edit\":true,\"htmlType\":\"imageUpload\",\"increment\":false,\"insert\":true,\"isEdit\":\"1\",\"isIncrement\":\"0\",','{\"msg\":\"操作成功\",\"code\":200}',0,NULL,'2024-08-24 15:26:38',39);
insert  into `sys_oper_log`(`oper_id`,`title`,`business_type`,`method`,`request_method`,`operator_type`,`oper_name`,`dept_name`,`oper_url`,`oper_ip`,`oper_location`,`oper_param`,`json_result`,`status`,`error_msg`,`oper_time`,`cost_time`) values (206,'代码生成',8,'com.ruoyi.project.tool.gen.controller.GenController.batchGenCode()','GET',1,'admin','研发部门','/tool/gen/batchGenCode','127.0.0.1','内网IP','{\"tables\":\"good_type\"}',NULL,0,NULL,'2024-08-24 15:26:41',118);
insert  into `sys_oper_log`(`oper_id`,`title`,`business_type`,`method`,`request_method`,`operator_type`,`oper_name`,`dept_name`,`oper_url`,`oper_ip`,`oper_location`,`oper_param`,`json_result`,`status`,`error_msg`,`oper_time`,`cost_time`) values (207,'代码生成',8,'com.ruoyi.project.tool.gen.controller.GenController.batchGenCode()','GET',1,'admin','研发部门','/tool/gen/batchGenCode','127.0.0.1','内网IP','{\"tables\":\"good\"}',NULL,0,NULL,'2024-08-24 18:41:59',101);
insert  into `sys_oper_log`(`oper_id`,`title`,`business_type`,`method`,`request_method`,`operator_type`,`oper_name`,`dept_name`,`oper_url`,`oper_ip`,`oper_location`,`oper_param`,`json_result`,`status`,`error_msg`,`oper_time`,`cost_time`) values (208,'代码生成',8,'com.ruoyi.project.tool.gen.controller.GenController.batchGenCode()','GET',1,'admin','研发部门','/tool/gen/batchGenCode','127.0.0.1','内网IP','{\"tables\":\"good\"}',NULL,0,NULL,'2024-08-24 19:13:33',46);
insert  into `sys_oper_log`(`oper_id`,`title`,`business_type`,`method`,`request_method`,`operator_type`,`oper_name`,`dept_name`,`oper_url`,`oper_ip`,`oper_location`,`oper_param`,`json_result`,`status`,`error_msg`,`oper_time`,`cost_time`) values (209,'代码生成',8,'com.ruoyi.project.tool.gen.controller.GenController.batchGenCode()','GET',1,'admin','研发部门','/tool/gen/batchGenCode','127.0.0.1','内网IP','{\"tables\":\"good\"}',NULL,0,NULL,'2024-08-24 19:54:33',129);
insert  into `sys_oper_log`(`oper_id`,`title`,`business_type`,`method`,`request_method`,`operator_type`,`oper_name`,`dept_name`,`oper_url`,`oper_ip`,`oper_location`,`oper_param`,`json_result`,`status`,`error_msg`,`oper_time`,`cost_time`) values (210,'代码生成',8,'com.ruoyi.project.tool.gen.controller.GenController.batchGenCode()','GET',1,'admin','研发部门','/tool/gen/batchGenCode','127.0.0.1','内网IP','{\"tables\":\"good\"}',NULL,0,NULL,'2024-08-24 20:16:08',110);
insert  into `sys_oper_log`(`oper_id`,`title`,`business_type`,`method`,`request_method`,`operator_type`,`oper_name`,`dept_name`,`oper_url`,`oper_ip`,`oper_location`,`oper_param`,`json_result`,`status`,`error_msg`,`oper_time`,`cost_time`) values (211,'代码生成',2,'com.ruoyi.project.tool.gen.controller.GenController.editSave()','PUT',1,'admin','研发部门','/tool/gen','127.0.0.1','内网IP','{\"aTable\":\"gongzuorizhi\",\"aTableCloumn\":\"category_id\",\"bTable\":\"good_type\",\"bTableCloumn\":\"id\",\"businessName\":\"good\",\"className\":\"Good\",\"columns\":[{\"capJavaField\":\"Id\",\"columnComment\":\"主键\",\"columnId\":41,\"columnName\":\"id\",\"columnType\":\"bigint(20)\",\"createBy\":\"admin\",\"createTime\":\"2024-08-23 17:14:29\",\"dictType\":\"\",\"edit\":false,\"htmlType\":\"input\",\"increment\":true,\"insert\":true,\"isIncrement\":\"1\",\"isInsert\":\"1\",\"isPk\":\"1\",\"isRequired\":\"0\",\"javaField\":\"id\",\"javaType\":\"Long\",\"list\":false,\"params\":{},\"pk\":true,\"query\":false,\"queryType\":\"EQ\",\"required\":false,\"sort\":1,\"superColumn\":false,\"tableId\":4,\"updateBy\":\"\",\"updateTime\":\"2024-08-24 14:57:00\",\"usableColumn\":false},{\"capJavaField\":\"Name\",\"columnComment\":\"商品名称\",\"columnId\":42,\"columnName\":\"name\",\"columnType\":\"varchar(255)\",\"createBy\":\"admin\",\"createTime\":\"2024-08-23 17:14:29\",\"dictType\":\"\",\"edit\":true,\"htmlType\":\"input\",\"increment\":false,\"insert\":true,\"isEdit\":\"1\",\"isIncrement\":\"0\",\"isInsert\":\"1\",\"isList\":\"1\",\"isPk\":\"0\",\"isQuery\":\"1\",\"isRequired\":\"0\",\"javaField\":\"name\",\"javaType\":\"String\",\"list\":true,\"params\":{},\"pk\":false,\"query\":true,\"queryType\":\"LIKE\",\"required\":false,\"sort\":2,\"superColumn\":false,\"tableId\":4,\"updateBy\":\"\",\"updateTime\":\"2024-08-24 14:57:00\",\"usableColumn\":false},{\"capJavaField\":\"Description\",\"columnComment\":\"描述\",\"columnId\":43,\"columnName\":\"description\",\"columnType\":\"varchar(1600)\",\"createBy\":\"admin\",\"createTime\":\"2024-08-23 17:14:29\",\"dictType\":\"\",\"edit\":true,\"htmlType\":\"textarea\",\"increment\":false,\"insert\":true,\"isEdit\":\"1\",\"isIncrement\":\"0\",\"isInsert\":\"1\",\"isList\":\"1\",\"isPk\":\"0\",\"isQuery\":\"1\",\"isRequired\":\"0\",\"javaField\":\"description\",\"javaType\":\"String\",\"list\":true,\"params\":{},\"pk\":false,\"query\":true,\"queryType\":\"EQ\",\"required\":false,\"sort\":3,\"superColumn\":false,\"tableId\":4,\"updateBy\":\"\",\"updateTime\":\"2024-08-24 14:57:00\",\"usableColumn\":false},{\"capJavaField\":\"Discount\",\"columnComment\":\"折扣\",\"columnId\":44,\"columnName\":\"discount\",\"columnType\":\"double(10,2)\",\"createBy\":\"admin\",\"createTime\":\"2024-08-23 17','{\"msg\":\"操作成功\",\"code\":200}',0,NULL,'2024-08-24 20:53:59',75);
insert  into `sys_oper_log`(`oper_id`,`title`,`business_type`,`method`,`request_method`,`operator_type`,`oper_name`,`dept_name`,`oper_url`,`oper_ip`,`oper_location`,`oper_param`,`json_result`,`status`,`error_msg`,`oper_time`,`cost_time`) values (212,'代码生成',2,'com.ruoyi.project.tool.gen.controller.GenController.editSave()','PUT',1,'admin','研发部门','/tool/gen','127.0.0.1','内网IP','{\"aTable\":\"gongzuorizhi\",\"aTableCloumn\":\"category_id\",\"bTable\":\"good_type\",\"bTableCloumn\":\"id\",\"businessName\":\"good\",\"className\":\"Good\",\"columns\":[{\"capJavaField\":\"Id\",\"columnComment\":\"主键\",\"columnId\":41,\"columnName\":\"id\",\"columnType\":\"bigint(20)\",\"createBy\":\"admin\",\"createTime\":\"2024-08-23 17:14:29\",\"dictType\":\"\",\"edit\":false,\"htmlType\":\"input\",\"increment\":true,\"insert\":true,\"isIncrement\":\"1\",\"isInsert\":\"1\",\"isPk\":\"1\",\"isRequired\":\"0\",\"javaField\":\"id\",\"javaType\":\"Long\",\"list\":false,\"params\":{},\"pk\":true,\"query\":false,\"queryType\":\"EQ\",\"required\":false,\"sort\":1,\"superColumn\":false,\"tableId\":4,\"updateBy\":\"\",\"updateTime\":\"2024-08-24 20:53:59\",\"usableColumn\":false},{\"capJavaField\":\"Name\",\"columnComment\":\"商品名称\",\"columnId\":42,\"columnName\":\"name\",\"columnType\":\"varchar(255)\",\"createBy\":\"admin\",\"createTime\":\"2024-08-23 17:14:29\",\"dictType\":\"\",\"edit\":true,\"htmlType\":\"input\",\"increment\":false,\"insert\":true,\"isEdit\":\"1\",\"isIncrement\":\"0\",\"isInsert\":\"1\",\"isList\":\"1\",\"isPk\":\"0\",\"isQuery\":\"1\",\"isRequired\":\"0\",\"javaField\":\"name\",\"javaType\":\"String\",\"list\":true,\"params\":{},\"pk\":false,\"query\":true,\"queryType\":\"LIKE\",\"required\":false,\"sort\":2,\"superColumn\":false,\"tableId\":4,\"updateBy\":\"\",\"updateTime\":\"2024-08-24 20:53:59\",\"usableColumn\":false},{\"capJavaField\":\"Description\",\"columnComment\":\"描述\",\"columnId\":43,\"columnName\":\"description\",\"columnType\":\"varchar(1600)\",\"createBy\":\"admin\",\"createTime\":\"2024-08-23 17:14:29\",\"dictType\":\"\",\"edit\":true,\"htmlType\":\"textarea\",\"increment\":false,\"insert\":true,\"isEdit\":\"1\",\"isIncrement\":\"0\",\"isInsert\":\"1\",\"isList\":\"1\",\"isPk\":\"0\",\"isQuery\":\"1\",\"isRequired\":\"0\",\"javaField\":\"description\",\"javaType\":\"String\",\"list\":true,\"params\":{},\"pk\":false,\"query\":true,\"queryType\":\"EQ\",\"required\":false,\"sort\":3,\"superColumn\":false,\"tableId\":4,\"updateBy\":\"\",\"updateTime\":\"2024-08-24 20:53:59\",\"usableColumn\":false},{\"capJavaField\":\"Discount\",\"columnComment\":\"折扣\",\"columnId\":44,\"columnName\":\"discount\",\"columnType\":\"double(10,2)\",\"createBy\":\"admin\",\"createTime\":\"2024-08-23 17','{\"msg\":\"操作成功\",\"code\":200}',0,NULL,'2024-08-24 20:55:05',29);
insert  into `sys_oper_log`(`oper_id`,`title`,`business_type`,`method`,`request_method`,`operator_type`,`oper_name`,`dept_name`,`oper_url`,`oper_ip`,`oper_location`,`oper_param`,`json_result`,`status`,`error_msg`,`oper_time`,`cost_time`) values (213,'代码生成',2,'com.ruoyi.project.tool.gen.controller.GenController.editSave()','PUT',1,'admin','研发部门','/tool/gen','127.0.0.1','内网IP','{\"aTable\":\"gongzuorizhi\",\"aTableCloumn\":\"category_id\",\"bTable\":\"good_type\",\"bTableCloumn\":\"id\",\"businessName\":\"good\",\"className\":\"Good\",\"columns\":[{\"capJavaField\":\"Id\",\"columnComment\":\"主键\",\"columnId\":41,\"columnName\":\"id\",\"columnType\":\"bigint(20)\",\"createBy\":\"admin\",\"createTime\":\"2024-08-23 17:14:29\",\"dictType\":\"\",\"edit\":false,\"htmlType\":\"input\",\"increment\":true,\"insert\":true,\"isIncrement\":\"1\",\"isInsert\":\"1\",\"isPk\":\"1\",\"isRequired\":\"0\",\"javaField\":\"id\",\"javaType\":\"Long\",\"list\":false,\"params\":{},\"pk\":true,\"query\":false,\"queryType\":\"EQ\",\"required\":false,\"sort\":1,\"superColumn\":false,\"tableId\":4,\"updateBy\":\"\",\"updateTime\":\"2024-08-24 20:55:05\",\"usableColumn\":false},{\"capJavaField\":\"Name\",\"columnComment\":\"商品名称\",\"columnId\":42,\"columnName\":\"name\",\"columnType\":\"varchar(255)\",\"createBy\":\"admin\",\"createTime\":\"2024-08-23 17:14:29\",\"dictType\":\"\",\"edit\":true,\"htmlType\":\"input\",\"increment\":false,\"insert\":true,\"isEdit\":\"1\",\"isIncrement\":\"0\",\"isInsert\":\"1\",\"isList\":\"1\",\"isPk\":\"0\",\"isQuery\":\"1\",\"isRequired\":\"0\",\"javaField\":\"name\",\"javaType\":\"String\",\"list\":true,\"params\":{},\"pk\":false,\"query\":true,\"queryType\":\"LIKE\",\"required\":false,\"sort\":2,\"superColumn\":false,\"tableId\":4,\"updateBy\":\"\",\"updateTime\":\"2024-08-24 20:55:05\",\"usableColumn\":false},{\"capJavaField\":\"Description\",\"columnComment\":\"描述\",\"columnId\":43,\"columnName\":\"description\",\"columnType\":\"varchar(1600)\",\"createBy\":\"admin\",\"createTime\":\"2024-08-23 17:14:29\",\"dictType\":\"\",\"edit\":true,\"htmlType\":\"textarea\",\"increment\":false,\"insert\":true,\"isEdit\":\"1\",\"isIncrement\":\"0\",\"isInsert\":\"1\",\"isList\":\"1\",\"isPk\":\"0\",\"isQuery\":\"1\",\"isRequired\":\"0\",\"javaField\":\"description\",\"javaType\":\"String\",\"list\":true,\"params\":{},\"pk\":false,\"query\":true,\"queryType\":\"EQ\",\"required\":false,\"sort\":3,\"superColumn\":false,\"tableId\":4,\"updateBy\":\"\",\"updateTime\":\"2024-08-24 20:55:05\",\"usableColumn\":false},{\"capJavaField\":\"Discount\",\"columnComment\":\"折扣\",\"columnId\":44,\"columnName\":\"discount\",\"columnType\":\"double(10,2)\",\"createBy\":\"admin\",\"createTime\":\"2024-08-23 17','{\"msg\":\"操作成功\",\"code\":200}',0,NULL,'2024-08-24 20:57:08',22);
insert  into `sys_oper_log`(`oper_id`,`title`,`business_type`,`method`,`request_method`,`operator_type`,`oper_name`,`dept_name`,`oper_url`,`oper_ip`,`oper_location`,`oper_param`,`json_result`,`status`,`error_msg`,`oper_time`,`cost_time`) values (214,'代码生成',2,'com.ruoyi.project.tool.gen.controller.GenController.editSave()','PUT',1,'admin','研发部门','/tool/gen','127.0.0.1','内网IP','{\"aTable\":\"gongzuorizhi\",\"aTableCloumn\":\"category_id\",\"bTable\":\"good_type\",\"bTableCloumn\":\"id\",\"businessName\":\"good\",\"className\":\"Good\",\"columns\":[{\"capJavaField\":\"Id\",\"columnComment\":\"主键\",\"columnId\":41,\"columnName\":\"id\",\"columnType\":\"bigint(20)\",\"createBy\":\"admin\",\"createTime\":\"2024-08-23 17:14:29\",\"dictType\":\"\",\"edit\":false,\"htmlType\":\"input\",\"increment\":true,\"insert\":true,\"isIncrement\":\"1\",\"isInsert\":\"1\",\"isPk\":\"1\",\"isRequired\":\"0\",\"javaField\":\"id\",\"javaType\":\"Long\",\"list\":false,\"params\":{},\"pk\":true,\"query\":false,\"queryType\":\"EQ\",\"required\":false,\"sort\":1,\"superColumn\":false,\"tableId\":4,\"updateBy\":\"\",\"updateTime\":\"2024-08-24 20:57:08\",\"usableColumn\":false},{\"capJavaField\":\"Name\",\"columnComment\":\"商品名称\",\"columnId\":42,\"columnName\":\"name\",\"columnType\":\"varchar(255)\",\"createBy\":\"admin\",\"createTime\":\"2024-08-23 17:14:29\",\"dictType\":\"\",\"edit\":true,\"htmlType\":\"input\",\"increment\":false,\"insert\":true,\"isEdit\":\"1\",\"isIncrement\":\"0\",\"isInsert\":\"1\",\"isList\":\"1\",\"isPk\":\"0\",\"isQuery\":\"1\",\"isRequired\":\"0\",\"javaField\":\"name\",\"javaType\":\"String\",\"list\":true,\"params\":{},\"pk\":false,\"query\":true,\"queryType\":\"LIKE\",\"required\":false,\"sort\":2,\"superColumn\":false,\"tableId\":4,\"updateBy\":\"\",\"updateTime\":\"2024-08-24 20:57:08\",\"usableColumn\":false},{\"capJavaField\":\"Description\",\"columnComment\":\"描述\",\"columnId\":43,\"columnName\":\"description\",\"columnType\":\"varchar(1600)\",\"createBy\":\"admin\",\"createTime\":\"2024-08-23 17:14:29\",\"dictType\":\"\",\"edit\":true,\"htmlType\":\"textarea\",\"increment\":false,\"insert\":true,\"isEdit\":\"1\",\"isIncrement\":\"0\",\"isInsert\":\"1\",\"isList\":\"1\",\"isPk\":\"0\",\"isQuery\":\"1\",\"isRequired\":\"0\",\"javaField\":\"description\",\"javaType\":\"String\",\"list\":true,\"params\":{},\"pk\":false,\"query\":true,\"queryType\":\"EQ\",\"required\":false,\"sort\":3,\"superColumn\":false,\"tableId\":4,\"updateBy\":\"\",\"updateTime\":\"2024-08-24 20:57:08\",\"usableColumn\":false},{\"capJavaField\":\"Discount\",\"columnComment\":\"折扣\",\"columnId\":44,\"columnName\":\"discount\",\"columnType\":\"double(10,2)\",\"createBy\":\"admin\",\"createTime\":\"2024-08-23 17','{\"msg\":\"操作成功\",\"code\":200}',0,NULL,'2024-08-25 10:56:24',43);
insert  into `sys_oper_log`(`oper_id`,`title`,`business_type`,`method`,`request_method`,`operator_type`,`oper_name`,`dept_name`,`oper_url`,`oper_ip`,`oper_location`,`oper_param`,`json_result`,`status`,`error_msg`,`oper_time`,`cost_time`) values (215,'代码生成',2,'com.ruoyi.project.tool.gen.controller.GenController.editSave()','PUT',1,'admin','研发部门','/tool/gen','127.0.0.1','内网IP','{\"businessName\":\"good\",\"className\":\"Good\",\"columns\":[{\"capJavaField\":\"Id\",\"columnComment\":\"主键\",\"columnId\":41,\"columnName\":\"id\",\"columnType\":\"bigint(20)\",\"createBy\":\"admin\",\"createTime\":\"2024-08-23 17:14:29\",\"dictType\":\"\",\"edit\":false,\"htmlType\":\"input\",\"increment\":true,\"insert\":true,\"isIncrement\":\"1\",\"isInsert\":\"1\",\"isPk\":\"1\",\"isRequired\":\"0\",\"javaField\":\"id\",\"javaType\":\"Long\",\"list\":false,\"params\":{},\"pk\":true,\"query\":false,\"queryType\":\"EQ\",\"required\":false,\"sort\":1,\"superColumn\":false,\"tableId\":4,\"updateBy\":\"\",\"updateTime\":\"2024-08-25 10:56:24\",\"usableColumn\":false},{\"capJavaField\":\"Name\",\"columnComment\":\"商品名称\",\"columnId\":42,\"columnName\":\"name\",\"columnType\":\"varchar(255)\",\"createBy\":\"admin\",\"createTime\":\"2024-08-23 17:14:29\",\"dictType\":\"\",\"edit\":true,\"htmlType\":\"input\",\"increment\":false,\"insert\":true,\"isEdit\":\"1\",\"isIncrement\":\"0\",\"isInsert\":\"1\",\"isList\":\"1\",\"isPk\":\"0\",\"isQuery\":\"1\",\"isRequired\":\"0\",\"javaField\":\"name\",\"javaType\":\"String\",\"list\":true,\"params\":{},\"pk\":false,\"query\":true,\"queryType\":\"LIKE\",\"required\":false,\"sort\":2,\"superColumn\":false,\"tableId\":4,\"updateBy\":\"\",\"updateTime\":\"2024-08-25 10:56:24\",\"usableColumn\":false},{\"capJavaField\":\"Description\",\"columnComment\":\"描述\",\"columnId\":43,\"columnName\":\"description\",\"columnType\":\"varchar(1600)\",\"createBy\":\"admin\",\"createTime\":\"2024-08-23 17:14:29\",\"dictType\":\"\",\"edit\":true,\"htmlType\":\"textarea\",\"increment\":false,\"insert\":true,\"isEdit\":\"1\",\"isIncrement\":\"0\",\"isInsert\":\"1\",\"isList\":\"1\",\"isPk\":\"0\",\"isQuery\":\"1\",\"isRequired\":\"0\",\"javaField\":\"description\",\"javaType\":\"String\",\"list\":true,\"params\":{},\"pk\":false,\"query\":true,\"queryType\":\"EQ\",\"required\":false,\"sort\":3,\"superColumn\":false,\"tableId\":4,\"updateBy\":\"\",\"updateTime\":\"2024-08-25 10:56:24\",\"usableColumn\":false},{\"capJavaField\":\"Discount\",\"columnComment\":\"折扣\",\"columnId\":44,\"columnName\":\"discount\",\"columnType\":\"double(10,2)\",\"createBy\":\"admin\",\"createTime\":\"2024-08-23 17:14:29\",\"dictType\":\"\",\"edit\":true,\"htmlType\":\"input\",\"increment\":false,\"insert\":true,\"isEdit\":','{\"msg\":\"操作成功\",\"code\":200}',0,NULL,'2024-08-25 12:00:35',23);
insert  into `sys_oper_log`(`oper_id`,`title`,`business_type`,`method`,`request_method`,`operator_type`,`oper_name`,`dept_name`,`oper_url`,`oper_ip`,`oper_location`,`oper_param`,`json_result`,`status`,`error_msg`,`oper_time`,`cost_time`) values (216,'代码生成',2,'com.ruoyi.project.tool.gen.controller.GenController.editSave()','PUT',1,'admin','研发部门','/tool/gen','127.0.0.1','内网IP','{\"businessName\":\"good\",\"className\":\"Good\",\"columns\":[{\"capJavaField\":\"Id\",\"columnComment\":\"主键\",\"columnId\":41,\"columnName\":\"id\",\"columnType\":\"bigint(20)\",\"createBy\":\"admin\",\"createTime\":\"2024-08-23 17:14:29\",\"dictType\":\"\",\"edit\":false,\"htmlType\":\"input\",\"increment\":true,\"insert\":true,\"isIncrement\":\"1\",\"isInsert\":\"1\",\"isPk\":\"1\",\"isRequired\":\"0\",\"javaField\":\"id\",\"javaType\":\"Long\",\"list\":false,\"params\":{},\"pk\":true,\"query\":false,\"queryType\":\"EQ\",\"required\":false,\"sort\":1,\"superColumn\":false,\"tableId\":4,\"updateBy\":\"\",\"updateTime\":\"2024-08-25 12:00:35\",\"usableColumn\":false},{\"capJavaField\":\"Name\",\"columnComment\":\"商品名称\",\"columnId\":42,\"columnName\":\"name\",\"columnType\":\"varchar(255)\",\"createBy\":\"admin\",\"createTime\":\"2024-08-23 17:14:29\",\"dictType\":\"\",\"edit\":true,\"htmlType\":\"input\",\"increment\":false,\"insert\":true,\"isEdit\":\"1\",\"isIncrement\":\"0\",\"isInsert\":\"1\",\"isList\":\"1\",\"isPk\":\"0\",\"isQuery\":\"1\",\"isRequired\":\"0\",\"javaField\":\"name\",\"javaType\":\"String\",\"list\":true,\"params\":{},\"pk\":false,\"query\":true,\"queryType\":\"LIKE\",\"required\":false,\"sort\":2,\"superColumn\":false,\"tableId\":4,\"updateBy\":\"\",\"updateTime\":\"2024-08-25 12:00:35\",\"usableColumn\":false},{\"capJavaField\":\"Description\",\"columnComment\":\"描述\",\"columnId\":43,\"columnName\":\"description\",\"columnType\":\"varchar(1600)\",\"createBy\":\"admin\",\"createTime\":\"2024-08-23 17:14:29\",\"dictType\":\"\",\"edit\":true,\"htmlType\":\"textarea\",\"increment\":false,\"insert\":true,\"isEdit\":\"1\",\"isIncrement\":\"0\",\"isInsert\":\"1\",\"isList\":\"1\",\"isPk\":\"0\",\"isQuery\":\"1\",\"isRequired\":\"0\",\"javaField\":\"description\",\"javaType\":\"String\",\"list\":true,\"params\":{},\"pk\":false,\"query\":true,\"queryType\":\"EQ\",\"required\":false,\"sort\":3,\"superColumn\":false,\"tableId\":4,\"updateBy\":\"\",\"updateTime\":\"2024-08-25 12:00:35\",\"usableColumn\":false},{\"capJavaField\":\"Discount\",\"columnComment\":\"折扣\",\"columnId\":44,\"columnName\":\"discount\",\"columnType\":\"double(10,2)\",\"createBy\":\"admin\",\"createTime\":\"2024-08-23 17:14:29\",\"dictType\":\"\",\"edit\":true,\"htmlType\":\"input\",\"increment\":false,\"insert\":true,\"isEdit\":','{\"msg\":\"操作成功\",\"code\":200}',0,NULL,'2024-08-25 12:05:02',22);
insert  into `sys_oper_log`(`oper_id`,`title`,`business_type`,`method`,`request_method`,`operator_type`,`oper_name`,`dept_name`,`oper_url`,`oper_ip`,`oper_location`,`oper_param`,`json_result`,`status`,`error_msg`,`oper_time`,`cost_time`) values (217,'代码生成',2,'com.ruoyi.project.tool.gen.controller.GenController.editSave()','PUT',1,'admin','研发部门','/tool/gen','127.0.0.1','内网IP','{\"businessName\":\"good\",\"className\":\"Good\",\"columns\":[{\"capJavaField\":\"Id\",\"columnComment\":\"主键\",\"columnId\":41,\"columnName\":\"id\",\"columnType\":\"bigint(20)\",\"createBy\":\"admin\",\"createTime\":\"2024-08-23 17:14:29\",\"dictType\":\"\",\"edit\":false,\"htmlType\":\"input\",\"increment\":true,\"insert\":true,\"isIncrement\":\"1\",\"isInsert\":\"1\",\"isPk\":\"1\",\"isRequired\":\"0\",\"javaField\":\"id\",\"javaType\":\"Long\",\"list\":false,\"params\":{},\"pk\":true,\"query\":false,\"queryType\":\"EQ\",\"required\":false,\"sort\":1,\"superColumn\":false,\"tableId\":4,\"updateBy\":\"\",\"updateTime\":\"2024-08-25 12:05:02\",\"usableColumn\":false},{\"capJavaField\":\"Name\",\"columnComment\":\"商品名称\",\"columnId\":42,\"columnName\":\"name\",\"columnType\":\"varchar(255)\",\"createBy\":\"admin\",\"createTime\":\"2024-08-23 17:14:29\",\"dictType\":\"\",\"edit\":true,\"htmlType\":\"input\",\"increment\":false,\"insert\":true,\"isEdit\":\"1\",\"isIncrement\":\"0\",\"isInsert\":\"1\",\"isList\":\"1\",\"isPk\":\"0\",\"isQuery\":\"1\",\"isRequired\":\"0\",\"javaField\":\"name\",\"javaType\":\"String\",\"list\":true,\"params\":{},\"pk\":false,\"query\":true,\"queryType\":\"LIKE\",\"required\":false,\"sort\":2,\"superColumn\":false,\"tableId\":4,\"updateBy\":\"\",\"updateTime\":\"2024-08-25 12:05:02\",\"usableColumn\":false},{\"capJavaField\":\"Description\",\"columnComment\":\"描述\",\"columnId\":43,\"columnName\":\"description\",\"columnType\":\"varchar(1600)\",\"createBy\":\"admin\",\"createTime\":\"2024-08-23 17:14:29\",\"dictType\":\"\",\"edit\":true,\"htmlType\":\"textarea\",\"increment\":false,\"insert\":true,\"isEdit\":\"1\",\"isIncrement\":\"0\",\"isInsert\":\"1\",\"isList\":\"1\",\"isPk\":\"0\",\"isQuery\":\"1\",\"isRequired\":\"0\",\"javaField\":\"description\",\"javaType\":\"String\",\"list\":true,\"params\":{},\"pk\":false,\"query\":true,\"queryType\":\"EQ\",\"required\":false,\"sort\":3,\"superColumn\":false,\"tableId\":4,\"updateBy\":\"\",\"updateTime\":\"2024-08-25 12:05:02\",\"usableColumn\":false},{\"capJavaField\":\"Discount\",\"columnComment\":\"折扣\",\"columnId\":44,\"columnName\":\"discount\",\"columnType\":\"double(10,2)\",\"createBy\":\"admin\",\"createTime\":\"2024-08-23 17:14:29\",\"dictType\":\"\",\"edit\":true,\"htmlType\":\"input\",\"increment\":false,\"insert\":true,\"isEdit\":','{\"msg\":\"操作成功\",\"code\":200}',0,NULL,'2024-08-25 13:55:49',20);
insert  into `sys_oper_log`(`oper_id`,`title`,`business_type`,`method`,`request_method`,`operator_type`,`oper_name`,`dept_name`,`oper_url`,`oper_ip`,`oper_location`,`oper_param`,`json_result`,`status`,`error_msg`,`oper_time`,`cost_time`) values (218,'代码生成',2,'com.ruoyi.project.tool.gen.controller.GenController.editSave()','PUT',1,'admin','研发部门','/tool/gen','127.0.0.1','内网IP','{\"businessName\":\"good\",\"className\":\"Good\",\"columns\":[{\"capJavaField\":\"Id\",\"columnComment\":\"主键\",\"columnId\":41,\"columnName\":\"id\",\"columnType\":\"bigint(20)\",\"createBy\":\"admin\",\"createTime\":\"2024-08-23 17:14:29\",\"dictType\":\"\",\"edit\":false,\"htmlType\":\"input\",\"increment\":true,\"insert\":true,\"isIncrement\":\"1\",\"isInsert\":\"1\",\"isPk\":\"1\",\"isRequired\":\"0\",\"javaField\":\"id\",\"javaType\":\"Long\",\"list\":false,\"params\":{},\"pk\":true,\"query\":false,\"queryType\":\"EQ\",\"required\":false,\"sort\":1,\"superColumn\":false,\"tableId\":4,\"updateBy\":\"\",\"updateTime\":\"2024-08-25 13:55:49\",\"usableColumn\":false},{\"capJavaField\":\"Name\",\"columnComment\":\"商品名称\",\"columnId\":42,\"columnName\":\"name\",\"columnType\":\"varchar(255)\",\"createBy\":\"admin\",\"createTime\":\"2024-08-23 17:14:29\",\"dictType\":\"\",\"edit\":true,\"htmlType\":\"input\",\"increment\":false,\"insert\":true,\"isEdit\":\"1\",\"isIncrement\":\"0\",\"isInsert\":\"1\",\"isList\":\"1\",\"isPk\":\"0\",\"isQuery\":\"1\",\"isRequired\":\"0\",\"javaField\":\"name\",\"javaType\":\"String\",\"list\":true,\"params\":{},\"pk\":false,\"query\":true,\"queryType\":\"LIKE\",\"required\":false,\"sort\":2,\"superColumn\":false,\"tableId\":4,\"updateBy\":\"\",\"updateTime\":\"2024-08-25 13:55:49\",\"usableColumn\":false},{\"capJavaField\":\"Description\",\"columnComment\":\"描述\",\"columnId\":43,\"columnName\":\"description\",\"columnType\":\"varchar(1600)\",\"createBy\":\"admin\",\"createTime\":\"2024-08-23 17:14:29\",\"dictType\":\"\",\"edit\":true,\"htmlType\":\"textarea\",\"increment\":false,\"insert\":true,\"isEdit\":\"1\",\"isIncrement\":\"0\",\"isInsert\":\"1\",\"isList\":\"1\",\"isPk\":\"0\",\"isQuery\":\"1\",\"isRequired\":\"0\",\"javaField\":\"description\",\"javaType\":\"String\",\"list\":true,\"params\":{},\"pk\":false,\"query\":true,\"queryType\":\"EQ\",\"required\":false,\"sort\":3,\"superColumn\":false,\"tableId\":4,\"updateBy\":\"\",\"updateTime\":\"2024-08-25 13:55:49\",\"usableColumn\":false},{\"capJavaField\":\"Discount\",\"columnComment\":\"折扣\",\"columnId\":44,\"columnName\":\"discount\",\"columnType\":\"double(10,2)\",\"createBy\":\"admin\",\"createTime\":\"2024-08-23 17:14:29\",\"dictType\":\"\",\"edit\":true,\"htmlType\":\"input\",\"increment\":false,\"insert\":true,\"isEdit\":','{\"msg\":\"操作成功\",\"code\":200}',0,NULL,'2024-08-25 13:56:59',19);
insert  into `sys_oper_log`(`oper_id`,`title`,`business_type`,`method`,`request_method`,`operator_type`,`oper_name`,`dept_name`,`oper_url`,`oper_ip`,`oper_location`,`oper_param`,`json_result`,`status`,`error_msg`,`oper_time`,`cost_time`) values (219,'代码生成',2,'com.ruoyi.project.tool.gen.controller.GenController.editSave()','PUT',1,'admin','研发部门','/tool/gen','127.0.0.1','内网IP','{\"businessName\":\"good\",\"className\":\"Good\",\"columns\":[{\"capJavaField\":\"Id\",\"columnComment\":\"主键\",\"columnId\":41,\"columnName\":\"id\",\"columnType\":\"bigint(20)\",\"createBy\":\"admin\",\"createTime\":\"2024-08-23 17:14:29\",\"dictType\":\"\",\"edit\":false,\"htmlType\":\"input\",\"increment\":true,\"insert\":true,\"isIncrement\":\"1\",\"isInsert\":\"1\",\"isPk\":\"1\",\"isRequired\":\"0\",\"javaField\":\"id\",\"javaType\":\"Long\",\"list\":false,\"params\":{},\"pk\":true,\"query\":false,\"queryType\":\"EQ\",\"required\":false,\"sort\":1,\"superColumn\":false,\"tableId\":4,\"updateBy\":\"\",\"updateTime\":\"2024-08-25 13:56:59\",\"usableColumn\":false},{\"capJavaField\":\"Name\",\"columnComment\":\"商品名称\",\"columnId\":42,\"columnName\":\"name\",\"columnType\":\"varchar(255)\",\"createBy\":\"admin\",\"createTime\":\"2024-08-23 17:14:29\",\"dictType\":\"\",\"edit\":true,\"htmlType\":\"input\",\"increment\":false,\"insert\":true,\"isEdit\":\"1\",\"isIncrement\":\"0\",\"isInsert\":\"1\",\"isList\":\"1\",\"isPk\":\"0\",\"isQuery\":\"1\",\"isRequired\":\"0\",\"javaField\":\"name\",\"javaType\":\"String\",\"list\":true,\"params\":{},\"pk\":false,\"query\":true,\"queryType\":\"LIKE\",\"required\":false,\"sort\":2,\"superColumn\":false,\"tableId\":4,\"updateBy\":\"\",\"updateTime\":\"2024-08-25 13:56:59\",\"usableColumn\":false},{\"capJavaField\":\"Description\",\"columnComment\":\"描述\",\"columnId\":43,\"columnName\":\"description\",\"columnType\":\"varchar(1600)\",\"createBy\":\"admin\",\"createTime\":\"2024-08-23 17:14:29\",\"dictType\":\"\",\"edit\":true,\"htmlType\":\"textarea\",\"increment\":false,\"insert\":true,\"isEdit\":\"1\",\"isIncrement\":\"0\",\"isInsert\":\"1\",\"isList\":\"1\",\"isPk\":\"0\",\"isQuery\":\"1\",\"isRequired\":\"0\",\"javaField\":\"description\",\"javaType\":\"String\",\"list\":true,\"params\":{},\"pk\":false,\"query\":true,\"queryType\":\"EQ\",\"required\":false,\"sort\":3,\"superColumn\":false,\"tableId\":4,\"updateBy\":\"\",\"updateTime\":\"2024-08-25 13:56:59\",\"usableColumn\":false},{\"capJavaField\":\"Discount\",\"columnComment\":\"折扣\",\"columnId\":44,\"columnName\":\"discount\",\"columnType\":\"double(10,2)\",\"createBy\":\"admin\",\"createTime\":\"2024-08-23 17:14:29\",\"dictType\":\"\",\"edit\":true,\"htmlType\":\"input\",\"increment\":false,\"insert\":true,\"isEdit\":','{\"msg\":\"操作成功\",\"code\":200}',0,NULL,'2024-08-25 13:58:07',19);
insert  into `sys_oper_log`(`oper_id`,`title`,`business_type`,`method`,`request_method`,`operator_type`,`oper_name`,`dept_name`,`oper_url`,`oper_ip`,`oper_location`,`oper_param`,`json_result`,`status`,`error_msg`,`oper_time`,`cost_time`) values (220,'代码生成',2,'com.ruoyi.project.tool.gen.controller.GenController.editSave()','PUT',1,'admin','研发部门','/tool/gen','127.0.0.1','内网IP','{\"businessName\":\"good\",\"className\":\"Good\",\"columns\":[{\"capJavaField\":\"Id\",\"columnComment\":\"主键\",\"columnId\":41,\"columnName\":\"id\",\"columnType\":\"bigint(20)\",\"createBy\":\"admin\",\"createTime\":\"2024-08-23 17:14:29\",\"dictType\":\"\",\"edit\":false,\"htmlType\":\"input\",\"increment\":true,\"insert\":true,\"isIncrement\":\"1\",\"isInsert\":\"1\",\"isPk\":\"1\",\"isRequired\":\"0\",\"javaField\":\"id\",\"javaType\":\"Long\",\"list\":false,\"params\":{},\"pk\":true,\"query\":false,\"queryType\":\"EQ\",\"required\":false,\"sort\":1,\"superColumn\":false,\"tableId\":4,\"updateBy\":\"\",\"updateTime\":\"2024-08-25 13:58:07\",\"usableColumn\":false},{\"capJavaField\":\"Name\",\"columnComment\":\"商品名称\",\"columnId\":42,\"columnName\":\"name\",\"columnType\":\"varchar(255)\",\"createBy\":\"admin\",\"createTime\":\"2024-08-23 17:14:29\",\"dictType\":\"\",\"edit\":true,\"htmlType\":\"input\",\"increment\":false,\"insert\":true,\"isEdit\":\"1\",\"isIncrement\":\"0\",\"isInsert\":\"1\",\"isList\":\"1\",\"isPk\":\"0\",\"isQuery\":\"1\",\"isRequired\":\"0\",\"javaField\":\"name\",\"javaType\":\"String\",\"list\":true,\"params\":{},\"pk\":false,\"query\":true,\"queryType\":\"LIKE\",\"required\":false,\"sort\":2,\"superColumn\":false,\"tableId\":4,\"updateBy\":\"\",\"updateTime\":\"2024-08-25 13:58:07\",\"usableColumn\":false},{\"capJavaField\":\"Description\",\"columnComment\":\"描述\",\"columnId\":43,\"columnName\":\"description\",\"columnType\":\"varchar(1600)\",\"createBy\":\"admin\",\"createTime\":\"2024-08-23 17:14:29\",\"dictType\":\"\",\"edit\":true,\"htmlType\":\"textarea\",\"increment\":false,\"insert\":true,\"isEdit\":\"1\",\"isIncrement\":\"0\",\"isInsert\":\"1\",\"isList\":\"1\",\"isPk\":\"0\",\"isQuery\":\"1\",\"isRequired\":\"0\",\"javaField\":\"description\",\"javaType\":\"String\",\"list\":true,\"params\":{},\"pk\":false,\"query\":true,\"queryType\":\"EQ\",\"required\":false,\"sort\":3,\"superColumn\":false,\"tableId\":4,\"updateBy\":\"\",\"updateTime\":\"2024-08-25 13:58:07\",\"usableColumn\":false},{\"capJavaField\":\"Discount\",\"columnComment\":\"折扣\",\"columnId\":44,\"columnName\":\"discount\",\"columnType\":\"double(10,2)\",\"createBy\":\"admin\",\"createTime\":\"2024-08-23 17:14:29\",\"dictType\":\"\",\"edit\":true,\"htmlType\":\"input\",\"increment\":false,\"insert\":true,\"isEdit\":','{\"msg\":\"操作成功\",\"code\":200}',0,NULL,'2024-08-25 14:46:52',19);
insert  into `sys_oper_log`(`oper_id`,`title`,`business_type`,`method`,`request_method`,`operator_type`,`oper_name`,`dept_name`,`oper_url`,`oper_ip`,`oper_location`,`oper_param`,`json_result`,`status`,`error_msg`,`oper_time`,`cost_time`) values (221,'代码生成',2,'com.ruoyi.project.tool.gen.controller.GenController.editSave()','PUT',1,'admin','研发部门','/tool/gen','127.0.0.1','内网IP','{\"businessName\":\"good\",\"className\":\"Good\",\"columns\":[{\"capJavaField\":\"Id\",\"columnComment\":\"主键\",\"columnId\":41,\"columnName\":\"id\",\"columnType\":\"bigint(20)\",\"createBy\":\"admin\",\"createTime\":\"2024-08-23 17:14:29\",\"dictType\":\"\",\"edit\":false,\"htmlType\":\"input\",\"increment\":true,\"insert\":true,\"isIncrement\":\"1\",\"isInsert\":\"1\",\"isPk\":\"1\",\"isRequired\":\"0\",\"javaField\":\"id\",\"javaType\":\"Long\",\"list\":false,\"params\":{},\"pk\":true,\"query\":false,\"queryType\":\"EQ\",\"required\":false,\"sort\":1,\"superColumn\":false,\"tableId\":4,\"updateBy\":\"\",\"updateTime\":\"2024-08-25 14:46:52\",\"usableColumn\":false},{\"capJavaField\":\"Name\",\"columnComment\":\"商品名称\",\"columnId\":42,\"columnName\":\"name\",\"columnType\":\"varchar(255)\",\"createBy\":\"admin\",\"createTime\":\"2024-08-23 17:14:29\",\"dictType\":\"\",\"edit\":true,\"htmlType\":\"input\",\"increment\":false,\"insert\":true,\"isEdit\":\"1\",\"isIncrement\":\"0\",\"isInsert\":\"1\",\"isList\":\"1\",\"isPk\":\"0\",\"isQuery\":\"1\",\"isRequired\":\"0\",\"javaField\":\"name\",\"javaType\":\"String\",\"list\":true,\"params\":{},\"pk\":false,\"query\":true,\"queryType\":\"LIKE\",\"required\":false,\"sort\":2,\"superColumn\":false,\"tableId\":4,\"updateBy\":\"\",\"updateTime\":\"2024-08-25 14:46:52\",\"usableColumn\":false},{\"capJavaField\":\"Description\",\"columnComment\":\"描述\",\"columnId\":43,\"columnName\":\"description\",\"columnType\":\"varchar(1600)\",\"createBy\":\"admin\",\"createTime\":\"2024-08-23 17:14:29\",\"dictType\":\"\",\"edit\":true,\"htmlType\":\"textarea\",\"increment\":false,\"insert\":true,\"isEdit\":\"1\",\"isIncrement\":\"0\",\"isInsert\":\"1\",\"isList\":\"1\",\"isPk\":\"0\",\"isQuery\":\"1\",\"isRequired\":\"0\",\"javaField\":\"description\",\"javaType\":\"String\",\"list\":true,\"params\":{},\"pk\":false,\"query\":true,\"queryType\":\"EQ\",\"required\":false,\"sort\":3,\"superColumn\":false,\"tableId\":4,\"updateBy\":\"\",\"updateTime\":\"2024-08-25 14:46:52\",\"usableColumn\":false},{\"capJavaField\":\"Discount\",\"columnComment\":\"折扣\",\"columnId\":44,\"columnName\":\"discount\",\"columnType\":\"double(10,2)\",\"createBy\":\"admin\",\"createTime\":\"2024-08-23 17:14:29\",\"dictType\":\"\",\"edit\":true,\"htmlType\":\"input\",\"increment\":false,\"insert\":true,\"isEdit\":','{\"msg\":\"操作成功\",\"code\":200}',0,NULL,'2024-08-25 14:49:00',19);
insert  into `sys_oper_log`(`oper_id`,`title`,`business_type`,`method`,`request_method`,`operator_type`,`oper_name`,`dept_name`,`oper_url`,`oper_ip`,`oper_location`,`oper_param`,`json_result`,`status`,`error_msg`,`oper_time`,`cost_time`) values (222,'代码生成',2,'com.ruoyi.project.tool.gen.controller.GenController.editSave()','PUT',1,'admin','研发部门','/tool/gen','127.0.0.1','内网IP','{\"businessName\":\"good\",\"className\":\"Good\",\"columns\":[{\"capJavaField\":\"Id\",\"columnComment\":\"主键\",\"columnId\":41,\"columnName\":\"id\",\"columnType\":\"bigint(20)\",\"createBy\":\"admin\",\"createTime\":\"2024-08-23 17:14:29\",\"dictType\":\"\",\"edit\":false,\"htmlType\":\"input\",\"increment\":true,\"insert\":true,\"isIncrement\":\"1\",\"isInsert\":\"1\",\"isPk\":\"1\",\"isRequired\":\"0\",\"javaField\":\"id\",\"javaType\":\"Long\",\"list\":false,\"params\":{},\"pk\":true,\"query\":false,\"queryType\":\"EQ\",\"required\":false,\"sort\":1,\"superColumn\":false,\"tableId\":4,\"updateBy\":\"\",\"updateTime\":\"2024-08-25 14:49:00\",\"usableColumn\":false},{\"capJavaField\":\"Name\",\"columnComment\":\"商品名称\",\"columnId\":42,\"columnName\":\"name\",\"columnType\":\"varchar(255)\",\"createBy\":\"admin\",\"createTime\":\"2024-08-23 17:14:29\",\"dictType\":\"\",\"edit\":true,\"htmlType\":\"input\",\"increment\":false,\"insert\":true,\"isEdit\":\"1\",\"isIncrement\":\"0\",\"isInsert\":\"1\",\"isList\":\"1\",\"isPk\":\"0\",\"isQuery\":\"1\",\"isRequired\":\"0\",\"javaField\":\"name\",\"javaType\":\"String\",\"list\":true,\"params\":{},\"pk\":false,\"query\":true,\"queryType\":\"LIKE\",\"required\":false,\"sort\":2,\"superColumn\":false,\"tableId\":4,\"updateBy\":\"\",\"updateTime\":\"2024-08-25 14:49:00\",\"usableColumn\":false},{\"capJavaField\":\"Description\",\"columnComment\":\"描述\",\"columnId\":43,\"columnName\":\"description\",\"columnType\":\"varchar(1600)\",\"createBy\":\"admin\",\"createTime\":\"2024-08-23 17:14:29\",\"dictType\":\"\",\"edit\":true,\"htmlType\":\"textarea\",\"increment\":false,\"insert\":true,\"isEdit\":\"1\",\"isIncrement\":\"0\",\"isInsert\":\"1\",\"isList\":\"1\",\"isPk\":\"0\",\"isQuery\":\"1\",\"isRequired\":\"0\",\"javaField\":\"description\",\"javaType\":\"String\",\"list\":true,\"params\":{},\"pk\":false,\"query\":true,\"queryType\":\"EQ\",\"required\":false,\"sort\":3,\"superColumn\":false,\"tableId\":4,\"updateBy\":\"\",\"updateTime\":\"2024-08-25 14:49:00\",\"usableColumn\":false},{\"capJavaField\":\"Discount\",\"columnComment\":\"折扣\",\"columnId\":44,\"columnName\":\"discount\",\"columnType\":\"double(10,2)\",\"createBy\":\"admin\",\"createTime\":\"2024-08-23 17:14:29\",\"dictType\":\"\",\"edit\":true,\"htmlType\":\"input\",\"increment\":false,\"insert\":true,\"isEdit\":','{\"msg\":\"操作成功\",\"code\":200}',0,NULL,'2024-08-25 14:51:47',18);
insert  into `sys_oper_log`(`oper_id`,`title`,`business_type`,`method`,`request_method`,`operator_type`,`oper_name`,`dept_name`,`oper_url`,`oper_ip`,`oper_location`,`oper_param`,`json_result`,`status`,`error_msg`,`oper_time`,`cost_time`) values (223,'代码生成',2,'com.ruoyi.project.tool.gen.controller.GenController.editSave()','PUT',1,'admin','研发部门','/tool/gen','127.0.0.1','内网IP','{\"businessName\":\"good\",\"className\":\"Good\",\"columns\":[{\"capJavaField\":\"Id\",\"columnComment\":\"主键\",\"columnId\":41,\"columnName\":\"id\",\"columnType\":\"bigint(20)\",\"createBy\":\"admin\",\"createTime\":\"2024-08-23 17:14:29\",\"dictType\":\"\",\"edit\":false,\"htmlType\":\"input\",\"increment\":true,\"insert\":true,\"isIncrement\":\"1\",\"isInsert\":\"1\",\"isPk\":\"1\",\"isRequired\":\"0\",\"javaField\":\"id\",\"javaType\":\"Long\",\"list\":false,\"params\":{},\"pk\":true,\"query\":false,\"queryType\":\"EQ\",\"required\":false,\"sort\":1,\"superColumn\":false,\"tableId\":4,\"updateBy\":\"\",\"updateTime\":\"2024-08-25 14:51:47\",\"usableColumn\":false},{\"capJavaField\":\"Name\",\"columnComment\":\"商品名称\",\"columnId\":42,\"columnName\":\"name\",\"columnType\":\"varchar(255)\",\"createBy\":\"admin\",\"createTime\":\"2024-08-23 17:14:29\",\"dictType\":\"\",\"edit\":true,\"htmlType\":\"input\",\"increment\":false,\"insert\":true,\"isEdit\":\"1\",\"isIncrement\":\"0\",\"isInsert\":\"1\",\"isList\":\"1\",\"isPk\":\"0\",\"isQuery\":\"1\",\"isRequired\":\"0\",\"javaField\":\"name\",\"javaType\":\"String\",\"list\":true,\"params\":{},\"pk\":false,\"query\":true,\"queryType\":\"LIKE\",\"required\":false,\"sort\":2,\"superColumn\":false,\"tableId\":4,\"updateBy\":\"\",\"updateTime\":\"2024-08-25 14:51:47\",\"usableColumn\":false},{\"capJavaField\":\"Description\",\"columnComment\":\"描述\",\"columnId\":43,\"columnName\":\"description\",\"columnType\":\"varchar(1600)\",\"createBy\":\"admin\",\"createTime\":\"2024-08-23 17:14:29\",\"dictType\":\"\",\"edit\":true,\"htmlType\":\"textarea\",\"increment\":false,\"insert\":true,\"isEdit\":\"1\",\"isIncrement\":\"0\",\"isInsert\":\"1\",\"isList\":\"1\",\"isPk\":\"0\",\"isQuery\":\"1\",\"isRequired\":\"0\",\"javaField\":\"description\",\"javaType\":\"String\",\"list\":true,\"params\":{},\"pk\":false,\"query\":true,\"queryType\":\"EQ\",\"required\":false,\"sort\":3,\"superColumn\":false,\"tableId\":4,\"updateBy\":\"\",\"updateTime\":\"2024-08-25 14:51:47\",\"usableColumn\":false},{\"capJavaField\":\"Discount\",\"columnComment\":\"折扣\",\"columnId\":44,\"columnName\":\"discount\",\"columnType\":\"double(10,2)\",\"createBy\":\"admin\",\"createTime\":\"2024-08-23 17:14:29\",\"dictType\":\"\",\"edit\":true,\"htmlType\":\"input\",\"increment\":false,\"insert\":true,\"isEdit\":','{\"msg\":\"操作成功\",\"code\":200}',0,NULL,'2024-08-25 14:53:53',17);
insert  into `sys_oper_log`(`oper_id`,`title`,`business_type`,`method`,`request_method`,`operator_type`,`oper_name`,`dept_name`,`oper_url`,`oper_ip`,`oper_location`,`oper_param`,`json_result`,`status`,`error_msg`,`oper_time`,`cost_time`) values (224,'代码生成',2,'com.ruoyi.project.tool.gen.controller.GenController.editSave()','PUT',1,'admin','研发部门','/tool/gen','127.0.0.1','内网IP','{\"businessName\":\"good\",\"className\":\"Good\",\"columns\":[{\"capJavaField\":\"Id\",\"columnComment\":\"主键\",\"columnId\":41,\"columnName\":\"id\",\"columnType\":\"bigint(20)\",\"createBy\":\"admin\",\"createTime\":\"2024-08-23 17:14:29\",\"dictType\":\"\",\"edit\":false,\"htmlType\":\"input\",\"increment\":true,\"insert\":true,\"isIncrement\":\"1\",\"isInsert\":\"1\",\"isPk\":\"1\",\"isRequired\":\"0\",\"javaField\":\"id\",\"javaType\":\"Long\",\"list\":false,\"params\":{},\"pk\":true,\"query\":false,\"queryType\":\"EQ\",\"required\":false,\"sort\":1,\"superColumn\":false,\"tableId\":4,\"updateBy\":\"\",\"updateTime\":\"2024-08-25 14:53:53\",\"usableColumn\":false},{\"capJavaField\":\"Name\",\"columnComment\":\"商品名称\",\"columnId\":42,\"columnName\":\"name\",\"columnType\":\"varchar(255)\",\"createBy\":\"admin\",\"createTime\":\"2024-08-23 17:14:29\",\"dictType\":\"\",\"edit\":true,\"htmlType\":\"input\",\"increment\":false,\"insert\":true,\"isEdit\":\"1\",\"isIncrement\":\"0\",\"isInsert\":\"1\",\"isList\":\"1\",\"isPk\":\"0\",\"isQuery\":\"1\",\"isRequired\":\"0\",\"javaField\":\"name\",\"javaType\":\"String\",\"list\":true,\"params\":{},\"pk\":false,\"query\":true,\"queryType\":\"LIKE\",\"required\":false,\"sort\":2,\"superColumn\":false,\"tableId\":4,\"updateBy\":\"\",\"updateTime\":\"2024-08-25 14:53:53\",\"usableColumn\":false},{\"capJavaField\":\"Description\",\"columnComment\":\"描述\",\"columnId\":43,\"columnName\":\"description\",\"columnType\":\"varchar(1600)\",\"createBy\":\"admin\",\"createTime\":\"2024-08-23 17:14:29\",\"dictType\":\"\",\"edit\":true,\"htmlType\":\"textarea\",\"increment\":false,\"insert\":true,\"isEdit\":\"1\",\"isIncrement\":\"0\",\"isInsert\":\"1\",\"isList\":\"1\",\"isPk\":\"0\",\"isQuery\":\"1\",\"isRequired\":\"0\",\"javaField\":\"description\",\"javaType\":\"String\",\"list\":true,\"params\":{},\"pk\":false,\"query\":true,\"queryType\":\"EQ\",\"required\":false,\"sort\":3,\"superColumn\":false,\"tableId\":4,\"updateBy\":\"\",\"updateTime\":\"2024-08-25 14:53:53\",\"usableColumn\":false},{\"capJavaField\":\"Discount\",\"columnComment\":\"折扣\",\"columnId\":44,\"columnName\":\"discount\",\"columnType\":\"double(10,2)\",\"createBy\":\"admin\",\"createTime\":\"2024-08-23 17:14:29\",\"dictType\":\"\",\"edit\":true,\"htmlType\":\"input\",\"increment\":false,\"insert\":true,\"isEdit\":','{\"msg\":\"操作成功\",\"code\":200}',0,NULL,'2024-08-25 15:07:48',49);
insert  into `sys_oper_log`(`oper_id`,`title`,`business_type`,`method`,`request_method`,`operator_type`,`oper_name`,`dept_name`,`oper_url`,`oper_ip`,`oper_location`,`oper_param`,`json_result`,`status`,`error_msg`,`oper_time`,`cost_time`) values (225,'代码生成',2,'com.ruoyi.project.tool.gen.controller.GenController.editSave()','PUT',1,'admin','研发部门','/tool/gen','127.0.0.1','内网IP','{\"businessName\":\"good\",\"className\":\"Good\",\"columns\":[{\"capJavaField\":\"Id\",\"columnComment\":\"主键\",\"columnId\":41,\"columnName\":\"id\",\"columnType\":\"bigint(20)\",\"createBy\":\"admin\",\"createTime\":\"2024-08-23 17:14:29\",\"dictType\":\"\",\"edit\":false,\"htmlType\":\"input\",\"increment\":true,\"insert\":true,\"isIncrement\":\"1\",\"isInsert\":\"1\",\"isPk\":\"1\",\"isRequired\":\"0\",\"javaField\":\"id\",\"javaType\":\"Long\",\"list\":false,\"params\":{},\"pk\":true,\"query\":false,\"queryType\":\"EQ\",\"required\":false,\"sort\":1,\"superColumn\":false,\"tableId\":4,\"updateBy\":\"\",\"updateTime\":\"2024-08-25 15:07:48\",\"usableColumn\":false},{\"capJavaField\":\"Name\",\"columnComment\":\"商品名称\",\"columnId\":42,\"columnName\":\"name\",\"columnType\":\"varchar(255)\",\"createBy\":\"admin\",\"createTime\":\"2024-08-23 17:14:29\",\"dictType\":\"\",\"edit\":true,\"htmlType\":\"input\",\"increment\":false,\"insert\":true,\"isEdit\":\"1\",\"isIncrement\":\"0\",\"isInsert\":\"1\",\"isList\":\"1\",\"isPk\":\"0\",\"isQuery\":\"1\",\"isRequired\":\"0\",\"javaField\":\"name\",\"javaType\":\"String\",\"list\":true,\"params\":{},\"pk\":false,\"query\":true,\"queryType\":\"LIKE\",\"required\":false,\"sort\":2,\"superColumn\":false,\"tableId\":4,\"updateBy\":\"\",\"updateTime\":\"2024-08-25 15:07:48\",\"usableColumn\":false},{\"capJavaField\":\"Description\",\"columnComment\":\"描述\",\"columnId\":43,\"columnName\":\"description\",\"columnType\":\"varchar(1600)\",\"createBy\":\"admin\",\"createTime\":\"2024-08-23 17:14:29\",\"dictType\":\"\",\"edit\":true,\"htmlType\":\"textarea\",\"increment\":false,\"insert\":true,\"isEdit\":\"1\",\"isIncrement\":\"0\",\"isInsert\":\"1\",\"isList\":\"1\",\"isPk\":\"0\",\"isQuery\":\"1\",\"isRequired\":\"0\",\"javaField\":\"description\",\"javaType\":\"String\",\"list\":true,\"params\":{},\"pk\":false,\"query\":true,\"queryType\":\"EQ\",\"required\":false,\"sort\":3,\"superColumn\":false,\"tableId\":4,\"updateBy\":\"\",\"updateTime\":\"2024-08-25 15:07:48\",\"usableColumn\":false},{\"capJavaField\":\"Discount\",\"columnComment\":\"折扣\",\"columnId\":44,\"columnName\":\"discount\",\"columnType\":\"double(10,2)\",\"createBy\":\"admin\",\"createTime\":\"2024-08-23 17:14:29\",\"dictType\":\"\",\"edit\":true,\"htmlType\":\"input\",\"increment\":false,\"insert\":true,\"isEdit\":','{\"msg\":\"操作成功\",\"code\":200}',0,NULL,'2024-08-25 15:10:08',30);
insert  into `sys_oper_log`(`oper_id`,`title`,`business_type`,`method`,`request_method`,`operator_type`,`oper_name`,`dept_name`,`oper_url`,`oper_ip`,`oper_location`,`oper_param`,`json_result`,`status`,`error_msg`,`oper_time`,`cost_time`) values (226,'代码生成',2,'com.ruoyi.project.tool.gen.controller.GenController.editSave()','PUT',1,'admin','研发部门','/tool/gen','127.0.0.1','内网IP','{\"businessName\":\"good\",\"className\":\"Good\",\"columns\":[{\"capJavaField\":\"Id\",\"columnComment\":\"主键\",\"columnId\":41,\"columnName\":\"id\",\"columnType\":\"bigint(20)\",\"createBy\":\"admin\",\"createTime\":\"2024-08-23 17:14:29\",\"dictType\":\"\",\"edit\":false,\"htmlType\":\"input\",\"increment\":true,\"insert\":true,\"isIncrement\":\"1\",\"isInsert\":\"1\",\"isPk\":\"1\",\"isRequired\":\"0\",\"javaField\":\"id\",\"javaType\":\"Long\",\"list\":false,\"params\":{},\"pk\":true,\"query\":false,\"queryType\":\"EQ\",\"required\":false,\"sort\":1,\"superColumn\":false,\"tableId\":4,\"updateBy\":\"\",\"updateTime\":\"2024-08-25 15:10:08\",\"usableColumn\":false},{\"capJavaField\":\"Name\",\"columnComment\":\"商品名称\",\"columnId\":42,\"columnName\":\"name\",\"columnType\":\"varchar(255)\",\"createBy\":\"admin\",\"createTime\":\"2024-08-23 17:14:29\",\"dictType\":\"\",\"edit\":true,\"htmlType\":\"input\",\"increment\":false,\"insert\":true,\"isEdit\":\"1\",\"isIncrement\":\"0\",\"isInsert\":\"1\",\"isList\":\"1\",\"isPk\":\"0\",\"isQuery\":\"1\",\"isRequired\":\"0\",\"javaField\":\"name\",\"javaType\":\"String\",\"list\":true,\"params\":{},\"pk\":false,\"query\":true,\"queryType\":\"LIKE\",\"required\":false,\"sort\":2,\"superColumn\":false,\"tableId\":4,\"updateBy\":\"\",\"updateTime\":\"2024-08-25 15:10:08\",\"usableColumn\":false},{\"capJavaField\":\"Description\",\"columnComment\":\"描述\",\"columnId\":43,\"columnName\":\"description\",\"columnType\":\"varchar(1600)\",\"createBy\":\"admin\",\"createTime\":\"2024-08-23 17:14:29\",\"dictType\":\"\",\"edit\":true,\"htmlType\":\"textarea\",\"increment\":false,\"insert\":true,\"isEdit\":\"1\",\"isIncrement\":\"0\",\"isInsert\":\"1\",\"isList\":\"1\",\"isPk\":\"0\",\"isQuery\":\"1\",\"isRequired\":\"0\",\"javaField\":\"description\",\"javaType\":\"String\",\"list\":true,\"params\":{},\"pk\":false,\"query\":true,\"queryType\":\"EQ\",\"required\":false,\"sort\":3,\"superColumn\":false,\"tableId\":4,\"updateBy\":\"\",\"updateTime\":\"2024-08-25 15:10:08\",\"usableColumn\":false},{\"capJavaField\":\"Discount\",\"columnComment\":\"折扣\",\"columnId\":44,\"columnName\":\"discount\",\"columnType\":\"double(10,2)\",\"createBy\":\"admin\",\"createTime\":\"2024-08-23 17:14:29\",\"dictType\":\"\",\"edit\":true,\"htmlType\":\"input\",\"increment\":false,\"insert\":true,\"isEdit\":','{\"msg\":\"操作成功\",\"code\":200}',0,NULL,'2024-08-25 15:11:33',27);
insert  into `sys_oper_log`(`oper_id`,`title`,`business_type`,`method`,`request_method`,`operator_type`,`oper_name`,`dept_name`,`oper_url`,`oper_ip`,`oper_location`,`oper_param`,`json_result`,`status`,`error_msg`,`oper_time`,`cost_time`) values (227,'代码生成',2,'com.ruoyi.project.tool.gen.controller.GenController.editSave()','PUT',1,'admin','研发部门','/tool/gen','127.0.0.1','内网IP','{\"businessName\":\"good\",\"className\":\"Good\",\"columns\":[{\"capJavaField\":\"Id\",\"columnComment\":\"主键\",\"columnId\":41,\"columnName\":\"id\",\"columnType\":\"bigint(20)\",\"createBy\":\"admin\",\"createTime\":\"2024-08-23 17:14:29\",\"dictType\":\"\",\"edit\":false,\"htmlType\":\"input\",\"increment\":true,\"insert\":true,\"isIncrement\":\"1\",\"isInsert\":\"1\",\"isPk\":\"1\",\"isRequired\":\"0\",\"javaField\":\"id\",\"javaType\":\"Long\",\"list\":false,\"params\":{},\"pk\":true,\"query\":false,\"queryType\":\"EQ\",\"required\":false,\"sort\":1,\"superColumn\":false,\"tableId\":4,\"updateBy\":\"\",\"updateTime\":\"2024-08-25 15:11:33\",\"usableColumn\":false},{\"capJavaField\":\"Name\",\"columnComment\":\"商品名称\",\"columnId\":42,\"columnName\":\"name\",\"columnType\":\"varchar(255)\",\"createBy\":\"admin\",\"createTime\":\"2024-08-23 17:14:29\",\"dictType\":\"\",\"edit\":true,\"htmlType\":\"input\",\"increment\":false,\"insert\":true,\"isEdit\":\"1\",\"isIncrement\":\"0\",\"isInsert\":\"1\",\"isList\":\"1\",\"isPk\":\"0\",\"isQuery\":\"1\",\"isRequired\":\"0\",\"javaField\":\"name\",\"javaType\":\"String\",\"list\":true,\"params\":{},\"pk\":false,\"query\":true,\"queryType\":\"LIKE\",\"required\":false,\"sort\":2,\"superColumn\":false,\"tableId\":4,\"updateBy\":\"\",\"updateTime\":\"2024-08-25 15:11:33\",\"usableColumn\":false},{\"capJavaField\":\"Description\",\"columnComment\":\"描述\",\"columnId\":43,\"columnName\":\"description\",\"columnType\":\"varchar(1600)\",\"createBy\":\"admin\",\"createTime\":\"2024-08-23 17:14:29\",\"dictType\":\"\",\"edit\":true,\"htmlType\":\"textarea\",\"increment\":false,\"insert\":true,\"isEdit\":\"1\",\"isIncrement\":\"0\",\"isInsert\":\"1\",\"isList\":\"1\",\"isPk\":\"0\",\"isQuery\":\"1\",\"isRequired\":\"0\",\"javaField\":\"description\",\"javaType\":\"String\",\"list\":true,\"params\":{},\"pk\":false,\"query\":true,\"queryType\":\"EQ\",\"required\":false,\"sort\":3,\"superColumn\":false,\"tableId\":4,\"updateBy\":\"\",\"updateTime\":\"2024-08-25 15:11:33\",\"usableColumn\":false},{\"capJavaField\":\"Discount\",\"columnComment\":\"折扣\",\"columnId\":44,\"columnName\":\"discount\",\"columnType\":\"double(10,2)\",\"createBy\":\"admin\",\"createTime\":\"2024-08-23 17:14:29\",\"dictType\":\"\",\"edit\":true,\"htmlType\":\"input\",\"increment\":false,\"insert\":true,\"isEdit\":','{\"msg\":\"操作成功\",\"code\":200}',0,NULL,'2024-08-25 15:12:49',19);
insert  into `sys_oper_log`(`oper_id`,`title`,`business_type`,`method`,`request_method`,`operator_type`,`oper_name`,`dept_name`,`oper_url`,`oper_ip`,`oper_location`,`oper_param`,`json_result`,`status`,`error_msg`,`oper_time`,`cost_time`) values (228,'代码生成',2,'com.ruoyi.project.tool.gen.controller.GenController.editSave()','PUT',1,'admin','研发部门','/tool/gen','127.0.0.1','内网IP','{\"businessName\":\"good\",\"className\":\"Good\",\"columns\":[{\"capJavaField\":\"Id\",\"columnComment\":\"主键\",\"columnId\":41,\"columnName\":\"id\",\"columnType\":\"bigint(20)\",\"createBy\":\"admin\",\"createTime\":\"2024-08-23 17:14:29\",\"dictType\":\"\",\"edit\":false,\"htmlType\":\"input\",\"increment\":true,\"insert\":true,\"isIncrement\":\"1\",\"isInsert\":\"1\",\"isPk\":\"1\",\"isRequired\":\"0\",\"javaField\":\"id\",\"javaType\":\"Long\",\"list\":false,\"params\":{},\"pk\":true,\"query\":false,\"queryType\":\"EQ\",\"required\":false,\"sort\":1,\"superColumn\":false,\"tableId\":4,\"updateBy\":\"\",\"updateTime\":\"2024-08-25 15:12:49\",\"usableColumn\":false},{\"capJavaField\":\"Name\",\"columnComment\":\"商品名称\",\"columnId\":42,\"columnName\":\"name\",\"columnType\":\"varchar(255)\",\"createBy\":\"admin\",\"createTime\":\"2024-08-23 17:14:29\",\"dictType\":\"\",\"edit\":true,\"htmlType\":\"input\",\"increment\":false,\"insert\":true,\"isEdit\":\"1\",\"isIncrement\":\"0\",\"isInsert\":\"1\",\"isList\":\"1\",\"isPk\":\"0\",\"isQuery\":\"1\",\"isRequired\":\"0\",\"javaField\":\"name\",\"javaType\":\"String\",\"list\":true,\"params\":{},\"pk\":false,\"query\":true,\"queryType\":\"LIKE\",\"required\":false,\"sort\":2,\"superColumn\":false,\"tableId\":4,\"updateBy\":\"\",\"updateTime\":\"2024-08-25 15:12:49\",\"usableColumn\":false},{\"capJavaField\":\"Description\",\"columnComment\":\"描述\",\"columnId\":43,\"columnName\":\"description\",\"columnType\":\"varchar(1600)\",\"createBy\":\"admin\",\"createTime\":\"2024-08-23 17:14:29\",\"dictType\":\"\",\"edit\":true,\"htmlType\":\"textarea\",\"increment\":false,\"insert\":true,\"isEdit\":\"1\",\"isIncrement\":\"0\",\"isInsert\":\"1\",\"isList\":\"1\",\"isPk\":\"0\",\"isQuery\":\"1\",\"isRequired\":\"0\",\"javaField\":\"description\",\"javaType\":\"String\",\"list\":true,\"params\":{},\"pk\":false,\"query\":true,\"queryType\":\"EQ\",\"required\":false,\"sort\":3,\"superColumn\":false,\"tableId\":4,\"updateBy\":\"\",\"updateTime\":\"2024-08-25 15:12:49\",\"usableColumn\":false},{\"capJavaField\":\"Discount\",\"columnComment\":\"折扣\",\"columnId\":44,\"columnName\":\"discount\",\"columnType\":\"double(10,2)\",\"createBy\":\"admin\",\"createTime\":\"2024-08-23 17:14:29\",\"dictType\":\"\",\"edit\":true,\"htmlType\":\"input\",\"increment\":false,\"insert\":true,\"isEdit\":','{\"msg\":\"操作成功\",\"code\":200}',0,NULL,'2024-08-25 15:14:52',21);
insert  into `sys_oper_log`(`oper_id`,`title`,`business_type`,`method`,`request_method`,`operator_type`,`oper_name`,`dept_name`,`oper_url`,`oper_ip`,`oper_location`,`oper_param`,`json_result`,`status`,`error_msg`,`oper_time`,`cost_time`) values (229,'代码生成',2,'com.ruoyi.project.tool.gen.controller.GenController.editSave()','PUT',1,'admin','研发部门','/tool/gen','127.0.0.1','内网IP','{\"businessName\":\"good\",\"className\":\"Good\",\"columns\":[{\"capJavaField\":\"Id\",\"columnComment\":\"主键\",\"columnId\":41,\"columnName\":\"id\",\"columnType\":\"bigint(20)\",\"createBy\":\"admin\",\"createTime\":\"2024-08-23 17:14:29\",\"dictType\":\"\",\"edit\":false,\"htmlType\":\"input\",\"increment\":true,\"insert\":true,\"isIncrement\":\"1\",\"isInsert\":\"1\",\"isPk\":\"1\",\"isRequired\":\"0\",\"javaField\":\"id\",\"javaType\":\"Long\",\"list\":false,\"params\":{},\"pk\":true,\"query\":false,\"queryType\":\"EQ\",\"required\":false,\"sort\":1,\"superColumn\":false,\"tableId\":4,\"updateBy\":\"\",\"updateTime\":\"2024-08-25 15:14:52\",\"usableColumn\":false},{\"capJavaField\":\"Name\",\"columnComment\":\"商品名称\",\"columnId\":42,\"columnName\":\"name\",\"columnType\":\"varchar(255)\",\"createBy\":\"admin\",\"createTime\":\"2024-08-23 17:14:29\",\"dictType\":\"\",\"edit\":true,\"htmlType\":\"input\",\"increment\":false,\"insert\":true,\"isEdit\":\"1\",\"isIncrement\":\"0\",\"isInsert\":\"1\",\"isList\":\"1\",\"isPk\":\"0\",\"isQuery\":\"1\",\"isRequired\":\"0\",\"javaField\":\"name\",\"javaType\":\"String\",\"list\":true,\"params\":{},\"pk\":false,\"query\":true,\"queryType\":\"LIKE\",\"required\":false,\"sort\":2,\"superColumn\":false,\"tableId\":4,\"updateBy\":\"\",\"updateTime\":\"2024-08-25 15:14:52\",\"usableColumn\":false},{\"capJavaField\":\"Description\",\"columnComment\":\"描述\",\"columnId\":43,\"columnName\":\"description\",\"columnType\":\"varchar(1600)\",\"createBy\":\"admin\",\"createTime\":\"2024-08-23 17:14:29\",\"dictType\":\"\",\"edit\":true,\"htmlType\":\"textarea\",\"increment\":false,\"insert\":true,\"isEdit\":\"1\",\"isIncrement\":\"0\",\"isInsert\":\"1\",\"isList\":\"1\",\"isPk\":\"0\",\"isQuery\":\"1\",\"isRequired\":\"0\",\"javaField\":\"description\",\"javaType\":\"String\",\"list\":true,\"params\":{},\"pk\":false,\"query\":true,\"queryType\":\"EQ\",\"required\":false,\"sort\":3,\"superColumn\":false,\"tableId\":4,\"updateBy\":\"\",\"updateTime\":\"2024-08-25 15:14:52\",\"usableColumn\":false},{\"capJavaField\":\"Discount\",\"columnComment\":\"折扣\",\"columnId\":44,\"columnName\":\"discount\",\"columnType\":\"double(10,2)\",\"createBy\":\"admin\",\"createTime\":\"2024-08-23 17:14:29\",\"dictType\":\"\",\"edit\":true,\"htmlType\":\"input\",\"increment\":false,\"insert\":true,\"isEdit\":','{\"msg\":\"操作成功\",\"code\":200}',0,NULL,'2024-08-25 15:15:16',21);
insert  into `sys_oper_log`(`oper_id`,`title`,`business_type`,`method`,`request_method`,`operator_type`,`oper_name`,`dept_name`,`oper_url`,`oper_ip`,`oper_location`,`oper_param`,`json_result`,`status`,`error_msg`,`oper_time`,`cost_time`) values (230,'代码生成',2,'com.ruoyi.project.tool.gen.controller.GenController.editSave()','PUT',1,'admin','研发部门','/tool/gen','127.0.0.1','内网IP','{\"businessName\":\"good\",\"className\":\"Good\",\"columns\":[{\"capJavaField\":\"Id\",\"columnComment\":\"主键\",\"columnId\":41,\"columnName\":\"id\",\"columnType\":\"bigint(20)\",\"createBy\":\"admin\",\"createTime\":\"2024-08-23 17:14:29\",\"dictType\":\"\",\"edit\":false,\"htmlType\":\"input\",\"increment\":true,\"insert\":true,\"isIncrement\":\"1\",\"isInsert\":\"1\",\"isPk\":\"1\",\"isRequired\":\"0\",\"javaField\":\"id\",\"javaType\":\"Long\",\"list\":false,\"params\":{},\"pk\":true,\"query\":false,\"queryType\":\"EQ\",\"required\":false,\"sort\":1,\"superColumn\":false,\"tableId\":4,\"updateBy\":\"\",\"updateTime\":\"2024-08-25 15:15:16\",\"usableColumn\":false},{\"capJavaField\":\"Name\",\"columnComment\":\"商品名称\",\"columnId\":42,\"columnName\":\"name\",\"columnType\":\"varchar(255)\",\"createBy\":\"admin\",\"createTime\":\"2024-08-23 17:14:29\",\"dictType\":\"\",\"edit\":true,\"htmlType\":\"input\",\"increment\":false,\"insert\":true,\"isEdit\":\"1\",\"isIncrement\":\"0\",\"isInsert\":\"1\",\"isList\":\"1\",\"isPk\":\"0\",\"isQuery\":\"1\",\"isRequired\":\"0\",\"javaField\":\"name\",\"javaType\":\"String\",\"list\":true,\"params\":{},\"pk\":false,\"query\":true,\"queryType\":\"LIKE\",\"required\":false,\"sort\":2,\"superColumn\":false,\"tableId\":4,\"updateBy\":\"\",\"updateTime\":\"2024-08-25 15:15:16\",\"usableColumn\":false},{\"capJavaField\":\"Description\",\"columnComment\":\"描述\",\"columnId\":43,\"columnName\":\"description\",\"columnType\":\"varchar(1600)\",\"createBy\":\"admin\",\"createTime\":\"2024-08-23 17:14:29\",\"dictType\":\"\",\"edit\":true,\"htmlType\":\"textarea\",\"increment\":false,\"insert\":true,\"isEdit\":\"1\",\"isIncrement\":\"0\",\"isInsert\":\"1\",\"isList\":\"1\",\"isPk\":\"0\",\"isQuery\":\"1\",\"isRequired\":\"0\",\"javaField\":\"description\",\"javaType\":\"String\",\"list\":true,\"params\":{},\"pk\":false,\"query\":true,\"queryType\":\"EQ\",\"required\":false,\"sort\":3,\"superColumn\":false,\"tableId\":4,\"updateBy\":\"\",\"updateTime\":\"2024-08-25 15:15:16\",\"usableColumn\":false},{\"capJavaField\":\"Discount\",\"columnComment\":\"折扣\",\"columnId\":44,\"columnName\":\"discount\",\"columnType\":\"double(10,2)\",\"createBy\":\"admin\",\"createTime\":\"2024-08-23 17:14:29\",\"dictType\":\"\",\"edit\":true,\"htmlType\":\"input\",\"increment\":false,\"insert\":true,\"isEdit\":','{\"msg\":\"操作成功\",\"code\":200}',0,NULL,'2024-08-25 15:15:40',21);
insert  into `sys_oper_log`(`oper_id`,`title`,`business_type`,`method`,`request_method`,`operator_type`,`oper_name`,`dept_name`,`oper_url`,`oper_ip`,`oper_location`,`oper_param`,`json_result`,`status`,`error_msg`,`oper_time`,`cost_time`) values (231,'代码生成',2,'com.ruoyi.project.tool.gen.controller.GenController.editSave()','PUT',1,'admin','研发部门','/tool/gen','127.0.0.1','内网IP','{\"businessName\":\"good\",\"className\":\"Good\",\"columns\":[{\"capJavaField\":\"Id\",\"columnComment\":\"主键\",\"columnId\":41,\"columnName\":\"id\",\"columnType\":\"bigint(20)\",\"createBy\":\"admin\",\"createTime\":\"2024-08-23 17:14:29\",\"dictType\":\"\",\"edit\":false,\"htmlType\":\"input\",\"increment\":true,\"insert\":true,\"isIncrement\":\"1\",\"isInsert\":\"1\",\"isPk\":\"1\",\"isRequired\":\"0\",\"javaField\":\"id\",\"javaType\":\"Long\",\"list\":false,\"params\":{},\"pk\":true,\"query\":false,\"queryType\":\"EQ\",\"required\":false,\"sort\":1,\"superColumn\":false,\"tableId\":4,\"updateBy\":\"\",\"updateTime\":\"2024-08-25 15:15:40\",\"usableColumn\":false},{\"capJavaField\":\"Name\",\"columnComment\":\"商品名称\",\"columnId\":42,\"columnName\":\"name\",\"columnType\":\"varchar(255)\",\"createBy\":\"admin\",\"createTime\":\"2024-08-23 17:14:29\",\"dictType\":\"\",\"edit\":true,\"htmlType\":\"input\",\"increment\":false,\"insert\":true,\"isEdit\":\"1\",\"isIncrement\":\"0\",\"isInsert\":\"1\",\"isList\":\"1\",\"isPk\":\"0\",\"isQuery\":\"1\",\"isRequired\":\"0\",\"javaField\":\"name\",\"javaType\":\"String\",\"list\":true,\"params\":{},\"pk\":false,\"query\":true,\"queryType\":\"LIKE\",\"required\":false,\"sort\":2,\"superColumn\":false,\"tableId\":4,\"updateBy\":\"\",\"updateTime\":\"2024-08-25 15:15:40\",\"usableColumn\":false},{\"capJavaField\":\"Description\",\"columnComment\":\"描述\",\"columnId\":43,\"columnName\":\"description\",\"columnType\":\"varchar(1600)\",\"createBy\":\"admin\",\"createTime\":\"2024-08-23 17:14:29\",\"dictType\":\"\",\"edit\":true,\"htmlType\":\"textarea\",\"increment\":false,\"insert\":true,\"isEdit\":\"1\",\"isIncrement\":\"0\",\"isInsert\":\"1\",\"isList\":\"1\",\"isPk\":\"0\",\"isQuery\":\"1\",\"isRequired\":\"0\",\"javaField\":\"description\",\"javaType\":\"String\",\"list\":true,\"params\":{},\"pk\":false,\"query\":true,\"queryType\":\"EQ\",\"required\":false,\"sort\":3,\"superColumn\":false,\"tableId\":4,\"updateBy\":\"\",\"updateTime\":\"2024-08-25 15:15:40\",\"usableColumn\":false},{\"capJavaField\":\"Discount\",\"columnComment\":\"折扣\",\"columnId\":44,\"columnName\":\"discount\",\"columnType\":\"double(10,2)\",\"createBy\":\"admin\",\"createTime\":\"2024-08-23 17:14:29\",\"dictType\":\"\",\"edit\":true,\"htmlType\":\"input\",\"increment\":false,\"insert\":true,\"isEdit\":','{\"msg\":\"操作成功\",\"code\":200}',0,NULL,'2024-08-25 15:16:27',24);
insert  into `sys_oper_log`(`oper_id`,`title`,`business_type`,`method`,`request_method`,`operator_type`,`oper_name`,`dept_name`,`oper_url`,`oper_ip`,`oper_location`,`oper_param`,`json_result`,`status`,`error_msg`,`oper_time`,`cost_time`) values (232,'代码生成',2,'com.ruoyi.project.tool.gen.controller.GenController.editSave()','PUT',1,'admin','研发部门','/tool/gen','127.0.0.1','内网IP','{\"businessName\":\"good\",\"className\":\"Good\",\"columns\":[{\"capJavaField\":\"Id\",\"columnComment\":\"主键\",\"columnId\":41,\"columnName\":\"id\",\"columnType\":\"bigint(20)\",\"createBy\":\"admin\",\"createTime\":\"2024-08-23 17:14:29\",\"dictType\":\"\",\"edit\":false,\"htmlType\":\"input\",\"increment\":true,\"insert\":true,\"isIncrement\":\"1\",\"isInsert\":\"1\",\"isPk\":\"1\",\"isRequired\":\"0\",\"javaField\":\"id\",\"javaType\":\"Long\",\"list\":false,\"params\":{},\"pk\":true,\"query\":false,\"queryType\":\"EQ\",\"required\":false,\"sort\":1,\"superColumn\":false,\"tableId\":4,\"updateBy\":\"\",\"updateTime\":\"2024-08-25 15:16:27\",\"usableColumn\":false},{\"capJavaField\":\"Name\",\"columnComment\":\"商品名称\",\"columnId\":42,\"columnName\":\"name\",\"columnType\":\"varchar(255)\",\"createBy\":\"admin\",\"createTime\":\"2024-08-23 17:14:29\",\"dictType\":\"\",\"edit\":true,\"htmlType\":\"input\",\"increment\":false,\"insert\":true,\"isEdit\":\"1\",\"isIncrement\":\"0\",\"isInsert\":\"1\",\"isList\":\"1\",\"isPk\":\"0\",\"isQuery\":\"1\",\"isRequired\":\"0\",\"javaField\":\"name\",\"javaType\":\"String\",\"list\":true,\"params\":{},\"pk\":false,\"query\":true,\"queryType\":\"LIKE\",\"required\":false,\"sort\":2,\"superColumn\":false,\"tableId\":4,\"updateBy\":\"\",\"updateTime\":\"2024-08-25 15:16:27\",\"usableColumn\":false},{\"capJavaField\":\"Description\",\"columnComment\":\"描述\",\"columnId\":43,\"columnName\":\"description\",\"columnType\":\"varchar(1600)\",\"createBy\":\"admin\",\"createTime\":\"2024-08-23 17:14:29\",\"dictType\":\"\",\"edit\":true,\"htmlType\":\"textarea\",\"increment\":false,\"insert\":true,\"isEdit\":\"1\",\"isIncrement\":\"0\",\"isInsert\":\"1\",\"isList\":\"1\",\"isPk\":\"0\",\"isQuery\":\"1\",\"isRequired\":\"0\",\"javaField\":\"description\",\"javaType\":\"String\",\"list\":true,\"params\":{},\"pk\":false,\"query\":true,\"queryType\":\"EQ\",\"required\":false,\"sort\":3,\"superColumn\":false,\"tableId\":4,\"updateBy\":\"\",\"updateTime\":\"2024-08-25 15:16:27\",\"usableColumn\":false},{\"capJavaField\":\"Discount\",\"columnComment\":\"折扣\",\"columnId\":44,\"columnName\":\"discount\",\"columnType\":\"double(10,2)\",\"createBy\":\"admin\",\"createTime\":\"2024-08-23 17:14:29\",\"dictType\":\"\",\"edit\":true,\"htmlType\":\"input\",\"increment\":false,\"insert\":true,\"isEdit\":','{\"msg\":\"操作成功\",\"code\":200}',0,NULL,'2024-08-25 18:18:08',43);
insert  into `sys_oper_log`(`oper_id`,`title`,`business_type`,`method`,`request_method`,`operator_type`,`oper_name`,`dept_name`,`oper_url`,`oper_ip`,`oper_location`,`oper_param`,`json_result`,`status`,`error_msg`,`oper_time`,`cost_time`) values (233,'代码生成',2,'com.ruoyi.project.tool.gen.controller.GenController.editSave()','PUT',1,'admin','研发部门','/tool/gen','127.0.0.1','内网IP','{\"businessName\":\"good\",\"className\":\"Good\",\"columns\":[{\"capJavaField\":\"Id\",\"columnComment\":\"主键\",\"columnId\":41,\"columnName\":\"id\",\"columnType\":\"bigint(20)\",\"createBy\":\"admin\",\"createTime\":\"2024-08-23 17:14:29\",\"dictType\":\"\",\"edit\":false,\"htmlType\":\"input\",\"increment\":true,\"insert\":true,\"isIncrement\":\"1\",\"isInsert\":\"1\",\"isPk\":\"1\",\"isRequired\":\"0\",\"javaField\":\"id\",\"javaType\":\"Long\",\"list\":false,\"params\":{},\"pk\":true,\"query\":false,\"queryType\":\"EQ\",\"required\":false,\"sort\":1,\"superColumn\":false,\"tableId\":4,\"updateBy\":\"\",\"updateTime\":\"2024-08-25 18:18:08\",\"usableColumn\":false},{\"capJavaField\":\"Name\",\"columnComment\":\"商品名称\",\"columnId\":42,\"columnName\":\"name\",\"columnType\":\"varchar(255)\",\"createBy\":\"admin\",\"createTime\":\"2024-08-23 17:14:29\",\"dictType\":\"\",\"edit\":true,\"htmlType\":\"input\",\"increment\":false,\"insert\":true,\"isEdit\":\"1\",\"isIncrement\":\"0\",\"isInsert\":\"1\",\"isList\":\"1\",\"isPk\":\"0\",\"isQuery\":\"1\",\"isRequired\":\"0\",\"javaField\":\"name\",\"javaType\":\"String\",\"list\":true,\"params\":{},\"pk\":false,\"query\":true,\"queryType\":\"LIKE\",\"required\":false,\"sort\":2,\"superColumn\":false,\"tableId\":4,\"updateBy\":\"\",\"updateTime\":\"2024-08-25 18:18:08\",\"usableColumn\":false},{\"capJavaField\":\"Description\",\"columnComment\":\"描述\",\"columnId\":43,\"columnName\":\"description\",\"columnType\":\"varchar(1600)\",\"createBy\":\"admin\",\"createTime\":\"2024-08-23 17:14:29\",\"dictType\":\"\",\"edit\":true,\"htmlType\":\"textarea\",\"increment\":false,\"insert\":true,\"isEdit\":\"1\",\"isIncrement\":\"0\",\"isInsert\":\"1\",\"isList\":\"1\",\"isPk\":\"0\",\"isQuery\":\"1\",\"isRequired\":\"0\",\"javaField\":\"description\",\"javaType\":\"String\",\"list\":true,\"params\":{},\"pk\":false,\"query\":true,\"queryType\":\"EQ\",\"required\":false,\"sort\":3,\"superColumn\":false,\"tableId\":4,\"updateBy\":\"\",\"updateTime\":\"2024-08-25 18:18:08\",\"usableColumn\":false},{\"capJavaField\":\"Discount\",\"columnComment\":\"折扣\",\"columnId\":44,\"columnName\":\"discount\",\"columnType\":\"double(10,2)\",\"createBy\":\"admin\",\"createTime\":\"2024-08-23 17:14:29\",\"dictType\":\"\",\"edit\":true,\"htmlType\":\"input\",\"increment\":false,\"insert\":true,\"isEdit\":','{\"msg\":\"操作成功\",\"code\":200}',0,NULL,'2024-08-25 18:19:32',29);
insert  into `sys_oper_log`(`oper_id`,`title`,`business_type`,`method`,`request_method`,`operator_type`,`oper_name`,`dept_name`,`oper_url`,`oper_ip`,`oper_location`,`oper_param`,`json_result`,`status`,`error_msg`,`oper_time`,`cost_time`) values (234,'代码生成',2,'com.ruoyi.project.tool.gen.controller.GenController.editSave()','PUT',1,'admin','研发部门','/tool/gen','127.0.0.1','内网IP','{\"businessName\":\"good\",\"className\":\"Good\",\"columns\":[{\"capJavaField\":\"Id\",\"columnComment\":\"主键\",\"columnId\":41,\"columnName\":\"id\",\"columnType\":\"bigint(20)\",\"createBy\":\"admin\",\"createTime\":\"2024-08-23 17:14:29\",\"dictType\":\"\",\"edit\":false,\"htmlType\":\"input\",\"increment\":true,\"insert\":true,\"isIncrement\":\"1\",\"isInsert\":\"1\",\"isPk\":\"1\",\"isRequired\":\"0\",\"javaField\":\"id\",\"javaType\":\"Long\",\"list\":false,\"params\":{},\"pk\":true,\"query\":false,\"queryType\":\"EQ\",\"required\":false,\"sort\":1,\"superColumn\":false,\"tableId\":4,\"updateBy\":\"\",\"updateTime\":\"2024-08-25 18:19:32\",\"usableColumn\":false},{\"capJavaField\":\"Name\",\"columnComment\":\"商品名称\",\"columnId\":42,\"columnName\":\"name\",\"columnType\":\"varchar(255)\",\"createBy\":\"admin\",\"createTime\":\"2024-08-23 17:14:29\",\"dictType\":\"\",\"edit\":true,\"htmlType\":\"input\",\"increment\":false,\"insert\":true,\"isEdit\":\"1\",\"isIncrement\":\"0\",\"isInsert\":\"1\",\"isList\":\"1\",\"isPk\":\"0\",\"isQuery\":\"1\",\"isRequired\":\"0\",\"javaField\":\"name\",\"javaType\":\"String\",\"list\":true,\"params\":{},\"pk\":false,\"query\":true,\"queryType\":\"LIKE\",\"required\":false,\"sort\":2,\"superColumn\":false,\"tableId\":4,\"updateBy\":\"\",\"updateTime\":\"2024-08-25 18:19:32\",\"usableColumn\":false},{\"capJavaField\":\"Description\",\"columnComment\":\"描述\",\"columnId\":43,\"columnName\":\"description\",\"columnType\":\"varchar(1600)\",\"createBy\":\"admin\",\"createTime\":\"2024-08-23 17:14:29\",\"dictType\":\"\",\"edit\":true,\"htmlType\":\"textarea\",\"increment\":false,\"insert\":true,\"isEdit\":\"1\",\"isIncrement\":\"0\",\"isInsert\":\"1\",\"isList\":\"1\",\"isPk\":\"0\",\"isQuery\":\"1\",\"isRequired\":\"0\",\"javaField\":\"description\",\"javaType\":\"String\",\"list\":true,\"params\":{},\"pk\":false,\"query\":true,\"queryType\":\"EQ\",\"required\":false,\"sort\":3,\"superColumn\":false,\"tableId\":4,\"updateBy\":\"\",\"updateTime\":\"2024-08-25 18:19:32\",\"usableColumn\":false},{\"capJavaField\":\"Discount\",\"columnComment\":\"折扣\",\"columnId\":44,\"columnName\":\"discount\",\"columnType\":\"double(10,2)\",\"createBy\":\"admin\",\"createTime\":\"2024-08-23 17:14:29\",\"dictType\":\"\",\"edit\":true,\"htmlType\":\"input\",\"increment\":false,\"insert\":true,\"isEdit\":','{\"msg\":\"操作成功\",\"code\":200}',0,NULL,'2024-08-25 18:23:47',21);
insert  into `sys_oper_log`(`oper_id`,`title`,`business_type`,`method`,`request_method`,`operator_type`,`oper_name`,`dept_name`,`oper_url`,`oper_ip`,`oper_location`,`oper_param`,`json_result`,`status`,`error_msg`,`oper_time`,`cost_time`) values (235,'代码生成',2,'com.ruoyi.project.tool.gen.controller.GenController.editSave()','PUT',1,'admin','研发部门','/tool/gen','127.0.0.1','内网IP','{\"businessName\":\"good\",\"className\":\"Good\",\"columns\":[{\"capJavaField\":\"Id\",\"columnComment\":\"主键\",\"columnId\":41,\"columnName\":\"id\",\"columnType\":\"bigint(20)\",\"createBy\":\"admin\",\"createTime\":\"2024-08-23 17:14:29\",\"dictType\":\"\",\"edit\":false,\"htmlType\":\"input\",\"increment\":true,\"insert\":true,\"isIncrement\":\"1\",\"isInsert\":\"1\",\"isPk\":\"1\",\"isRequired\":\"0\",\"javaField\":\"id\",\"javaType\":\"Long\",\"list\":false,\"params\":{},\"pk\":true,\"query\":false,\"queryType\":\"EQ\",\"required\":false,\"sort\":1,\"superColumn\":false,\"tableId\":4,\"updateBy\":\"\",\"updateTime\":\"2024-08-25 18:23:47\",\"usableColumn\":false},{\"capJavaField\":\"Name\",\"columnComment\":\"商品名称\",\"columnId\":42,\"columnName\":\"name\",\"columnType\":\"varchar(255)\",\"createBy\":\"admin\",\"createTime\":\"2024-08-23 17:14:29\",\"dictType\":\"\",\"edit\":true,\"htmlType\":\"input\",\"increment\":false,\"insert\":true,\"isEdit\":\"1\",\"isIncrement\":\"0\",\"isInsert\":\"1\",\"isList\":\"1\",\"isPk\":\"0\",\"isQuery\":\"1\",\"isRequired\":\"0\",\"javaField\":\"name\",\"javaType\":\"String\",\"list\":true,\"params\":{},\"pk\":false,\"query\":true,\"queryType\":\"LIKE\",\"required\":false,\"sort\":2,\"superColumn\":false,\"tableId\":4,\"updateBy\":\"\",\"updateTime\":\"2024-08-25 18:23:47\",\"usableColumn\":false},{\"capJavaField\":\"Description\",\"columnComment\":\"描述\",\"columnId\":43,\"columnName\":\"description\",\"columnType\":\"varchar(1600)\",\"createBy\":\"admin\",\"createTime\":\"2024-08-23 17:14:29\",\"dictType\":\"\",\"edit\":true,\"htmlType\":\"textarea\",\"increment\":false,\"insert\":true,\"isEdit\":\"1\",\"isIncrement\":\"0\",\"isInsert\":\"1\",\"isList\":\"1\",\"isPk\":\"0\",\"isQuery\":\"1\",\"isRequired\":\"0\",\"javaField\":\"description\",\"javaType\":\"String\",\"list\":true,\"params\":{},\"pk\":false,\"query\":true,\"queryType\":\"EQ\",\"required\":false,\"sort\":3,\"superColumn\":false,\"tableId\":4,\"updateBy\":\"\",\"updateTime\":\"2024-08-25 18:23:47\",\"usableColumn\":false},{\"capJavaField\":\"Discount\",\"columnComment\":\"折扣\",\"columnId\":44,\"columnName\":\"discount\",\"columnType\":\"double(10,2)\",\"createBy\":\"admin\",\"createTime\":\"2024-08-23 17:14:29\",\"dictType\":\"\",\"edit\":true,\"htmlType\":\"input\",\"increment\":false,\"insert\":true,\"isEdit\":','{\"msg\":\"操作成功\",\"code\":200}',0,NULL,'2024-08-25 18:24:22',22);
insert  into `sys_oper_log`(`oper_id`,`title`,`business_type`,`method`,`request_method`,`operator_type`,`oper_name`,`dept_name`,`oper_url`,`oper_ip`,`oper_location`,`oper_param`,`json_result`,`status`,`error_msg`,`oper_time`,`cost_time`) values (236,'代码生成',2,'com.ruoyi.project.tool.gen.controller.GenController.editSave()','PUT',1,'admin','研发部门','/tool/gen','127.0.0.1','内网IP','{\"businessName\":\"good\",\"className\":\"Good\",\"columns\":[{\"capJavaField\":\"Id\",\"columnComment\":\"主键\",\"columnId\":41,\"columnName\":\"id\",\"columnType\":\"bigint(20)\",\"createBy\":\"admin\",\"createTime\":\"2024-08-23 17:14:29\",\"dictType\":\"\",\"edit\":false,\"htmlType\":\"input\",\"increment\":true,\"insert\":true,\"isIncrement\":\"1\",\"isInsert\":\"1\",\"isPk\":\"1\",\"isRequired\":\"0\",\"javaField\":\"id\",\"javaType\":\"Long\",\"list\":false,\"params\":{},\"pk\":true,\"query\":false,\"queryType\":\"EQ\",\"required\":false,\"sort\":1,\"superColumn\":false,\"tableId\":4,\"updateBy\":\"\",\"updateTime\":\"2024-08-25 18:24:22\",\"usableColumn\":false},{\"capJavaField\":\"Name\",\"columnComment\":\"商品名称\",\"columnId\":42,\"columnName\":\"name\",\"columnType\":\"varchar(255)\",\"createBy\":\"admin\",\"createTime\":\"2024-08-23 17:14:29\",\"dictType\":\"\",\"edit\":true,\"htmlType\":\"input\",\"increment\":false,\"insert\":true,\"isEdit\":\"1\",\"isIncrement\":\"0\",\"isInsert\":\"1\",\"isList\":\"1\",\"isPk\":\"0\",\"isQuery\":\"1\",\"isRequired\":\"0\",\"javaField\":\"name\",\"javaType\":\"String\",\"list\":true,\"params\":{},\"pk\":false,\"query\":true,\"queryType\":\"LIKE\",\"required\":false,\"sort\":2,\"superColumn\":false,\"tableId\":4,\"updateBy\":\"\",\"updateTime\":\"2024-08-25 18:24:22\",\"usableColumn\":false},{\"capJavaField\":\"Description\",\"columnComment\":\"描述\",\"columnId\":43,\"columnName\":\"description\",\"columnType\":\"varchar(1600)\",\"createBy\":\"admin\",\"createTime\":\"2024-08-23 17:14:29\",\"dictType\":\"\",\"edit\":true,\"htmlType\":\"textarea\",\"increment\":false,\"insert\":true,\"isEdit\":\"1\",\"isIncrement\":\"0\",\"isInsert\":\"1\",\"isList\":\"1\",\"isPk\":\"0\",\"isQuery\":\"1\",\"isRequired\":\"0\",\"javaField\":\"description\",\"javaType\":\"String\",\"list\":true,\"params\":{},\"pk\":false,\"query\":true,\"queryType\":\"EQ\",\"required\":false,\"sort\":3,\"superColumn\":false,\"tableId\":4,\"updateBy\":\"\",\"updateTime\":\"2024-08-25 18:24:22\",\"usableColumn\":false},{\"capJavaField\":\"Discount\",\"columnComment\":\"折扣\",\"columnId\":44,\"columnName\":\"discount\",\"columnType\":\"double(10,2)\",\"createBy\":\"admin\",\"createTime\":\"2024-08-23 17:14:29\",\"dictType\":\"\",\"edit\":true,\"htmlType\":\"input\",\"increment\":false,\"insert\":true,\"isEdit\":','{\"msg\":\"操作成功\",\"code\":200}',0,NULL,'2024-08-25 18:29:22',19);
insert  into `sys_oper_log`(`oper_id`,`title`,`business_type`,`method`,`request_method`,`operator_type`,`oper_name`,`dept_name`,`oper_url`,`oper_ip`,`oper_location`,`oper_param`,`json_result`,`status`,`error_msg`,`oper_time`,`cost_time`) values (237,'代码生成',2,'com.ruoyi.project.tool.gen.controller.GenController.editSave()','PUT',1,'admin','研发部门','/tool/gen','127.0.0.1','内网IP','{\"businessName\":\"good\",\"className\":\"Good\",\"columns\":[{\"capJavaField\":\"Id\",\"columnComment\":\"主键\",\"columnId\":41,\"columnName\":\"id\",\"columnType\":\"bigint(20)\",\"createBy\":\"admin\",\"createTime\":\"2024-08-23 17:14:29\",\"dictType\":\"\",\"edit\":false,\"htmlType\":\"input\",\"increment\":true,\"insert\":true,\"isIncrement\":\"1\",\"isInsert\":\"1\",\"isPk\":\"1\",\"isRequired\":\"0\",\"javaField\":\"id\",\"javaType\":\"Long\",\"list\":false,\"params\":{},\"pk\":true,\"query\":false,\"queryType\":\"EQ\",\"required\":false,\"sort\":1,\"superColumn\":false,\"tableId\":4,\"updateBy\":\"\",\"updateTime\":\"2024-08-25 18:29:22\",\"usableColumn\":false},{\"capJavaField\":\"Name\",\"columnComment\":\"商品名称\",\"columnId\":42,\"columnName\":\"name\",\"columnType\":\"varchar(255)\",\"createBy\":\"admin\",\"createTime\":\"2024-08-23 17:14:29\",\"dictType\":\"\",\"edit\":true,\"htmlType\":\"input\",\"increment\":false,\"insert\":true,\"isEdit\":\"1\",\"isIncrement\":\"0\",\"isInsert\":\"1\",\"isList\":\"1\",\"isPk\":\"0\",\"isQuery\":\"1\",\"isRequired\":\"0\",\"javaField\":\"name\",\"javaType\":\"String\",\"list\":true,\"params\":{},\"pk\":false,\"query\":true,\"queryType\":\"LIKE\",\"required\":false,\"sort\":2,\"superColumn\":false,\"tableId\":4,\"updateBy\":\"\",\"updateTime\":\"2024-08-25 18:29:22\",\"usableColumn\":false},{\"capJavaField\":\"Description\",\"columnComment\":\"描述\",\"columnId\":43,\"columnName\":\"description\",\"columnType\":\"varchar(1600)\",\"createBy\":\"admin\",\"createTime\":\"2024-08-23 17:14:29\",\"dictType\":\"\",\"edit\":true,\"htmlType\":\"textarea\",\"increment\":false,\"insert\":true,\"isEdit\":\"1\",\"isIncrement\":\"0\",\"isInsert\":\"1\",\"isList\":\"1\",\"isPk\":\"0\",\"isQuery\":\"1\",\"isRequired\":\"0\",\"javaField\":\"description\",\"javaType\":\"String\",\"list\":true,\"params\":{},\"pk\":false,\"query\":true,\"queryType\":\"EQ\",\"required\":false,\"sort\":3,\"superColumn\":false,\"tableId\":4,\"updateBy\":\"\",\"updateTime\":\"2024-08-25 18:29:22\",\"usableColumn\":false},{\"capJavaField\":\"Discount\",\"columnComment\":\"折扣\",\"columnId\":44,\"columnName\":\"discount\",\"columnType\":\"double(10,2)\",\"createBy\":\"admin\",\"createTime\":\"2024-08-23 17:14:29\",\"dictType\":\"\",\"edit\":true,\"htmlType\":\"input\",\"increment\":false,\"insert\":true,\"isEdit\":',NULL,1,'\r\n### Error updating database.  Cause: com.mysql.cj.jdbc.exceptions.MysqlDataTruncation: Data truncation: Data too long for column \'options\' at row 1\r\n### The error may exist in file [D:\\Desktop\\RuoYi-Vue-fast-master - 副本\\RuoYi-Vue-fast-master\\target\\classes\\mybatis\\tool\\GenTableMapper.xml]\r\n### The error may involve com.ruoyi.project.tool.gen.mapper.GenTableMapper.updateGenTable-Inline\r\n### The error occurred while setting parameters\r\n### SQL: update gen_table          SET table_name = ?,             table_comment = ?,             sub_table_name = ?,             sub_table_fk_name = ?,             class_name = ?,             function_author = ?,             gen_type = ?,             gen_path = ?,             tpl_category = ?,             tpl_web_type = ?,             package_name = ?,             module_name = ?,             business_name = ?,             function_name = ?,             options = ?,                                       update_time = sysdate()          where table_id = ?\r\n### Cause: com.mysql.cj.jdbc.exceptions.MysqlDataTruncation: Data truncation: Data too long for column \'options\' at row 1\n; Data truncation: Data too long for column \'options\' at row 1; nested exception is com.mysql.cj.jdbc.exceptions.MysqlDataTruncation: Data truncation: Data too long for column \'options\' at row 1','2024-08-25 18:29:54',44);
insert  into `sys_oper_log`(`oper_id`,`title`,`business_type`,`method`,`request_method`,`operator_type`,`oper_name`,`dept_name`,`oper_url`,`oper_ip`,`oper_location`,`oper_param`,`json_result`,`status`,`error_msg`,`oper_time`,`cost_time`) values (238,'代码生成',2,'com.ruoyi.project.tool.gen.controller.GenController.editSave()','PUT',1,'admin','研发部门','/tool/gen','127.0.0.1','内网IP','{\"businessName\":\"good\",\"className\":\"Good\",\"columns\":[{\"capJavaField\":\"Id\",\"columnComment\":\"主键\",\"columnId\":41,\"columnName\":\"id\",\"columnType\":\"bigint(20)\",\"createBy\":\"admin\",\"createTime\":\"2024-08-23 17:14:29\",\"dictType\":\"\",\"edit\":false,\"htmlType\":\"input\",\"increment\":true,\"insert\":true,\"isIncrement\":\"1\",\"isInsert\":\"1\",\"isPk\":\"1\",\"isRequired\":\"0\",\"javaField\":\"id\",\"javaType\":\"Long\",\"list\":false,\"params\":{},\"pk\":true,\"query\":false,\"queryType\":\"EQ\",\"required\":false,\"sort\":1,\"superColumn\":false,\"tableId\":4,\"updateBy\":\"\",\"updateTime\":\"2024-08-25 18:29:22\",\"usableColumn\":false},{\"capJavaField\":\"Name\",\"columnComment\":\"商品名称\",\"columnId\":42,\"columnName\":\"name\",\"columnType\":\"varchar(255)\",\"createBy\":\"admin\",\"createTime\":\"2024-08-23 17:14:29\",\"dictType\":\"\",\"edit\":true,\"htmlType\":\"input\",\"increment\":false,\"insert\":true,\"isEdit\":\"1\",\"isIncrement\":\"0\",\"isInsert\":\"1\",\"isList\":\"1\",\"isPk\":\"0\",\"isQuery\":\"1\",\"isRequired\":\"0\",\"javaField\":\"name\",\"javaType\":\"String\",\"list\":true,\"params\":{},\"pk\":false,\"query\":true,\"queryType\":\"LIKE\",\"required\":false,\"sort\":2,\"superColumn\":false,\"tableId\":4,\"updateBy\":\"\",\"updateTime\":\"2024-08-25 18:29:22\",\"usableColumn\":false},{\"capJavaField\":\"Description\",\"columnComment\":\"描述\",\"columnId\":43,\"columnName\":\"description\",\"columnType\":\"varchar(1600)\",\"createBy\":\"admin\",\"createTime\":\"2024-08-23 17:14:29\",\"dictType\":\"\",\"edit\":true,\"htmlType\":\"textarea\",\"increment\":false,\"insert\":true,\"isEdit\":\"1\",\"isIncrement\":\"0\",\"isInsert\":\"1\",\"isList\":\"1\",\"isPk\":\"0\",\"isQuery\":\"1\",\"isRequired\":\"0\",\"javaField\":\"description\",\"javaType\":\"String\",\"list\":true,\"params\":{},\"pk\":false,\"query\":true,\"queryType\":\"EQ\",\"required\":false,\"sort\":3,\"superColumn\":false,\"tableId\":4,\"updateBy\":\"\",\"updateTime\":\"2024-08-25 18:29:22\",\"usableColumn\":false},{\"capJavaField\":\"Discount\",\"columnComment\":\"折扣\",\"columnId\":44,\"columnName\":\"discount\",\"columnType\":\"double(10,2)\",\"createBy\":\"admin\",\"createTime\":\"2024-08-23 17:14:29\",\"dictType\":\"\",\"edit\":true,\"htmlType\":\"input\",\"increment\":false,\"insert\":true,\"isEdit\":',NULL,1,'\r\n### Error updating database.  Cause: com.mysql.cj.jdbc.exceptions.MysqlDataTruncation: Data truncation: Data too long for column \'options\' at row 1\r\n### The error may exist in file [D:\\Desktop\\RuoYi-Vue-fast-master - 副本\\RuoYi-Vue-fast-master\\target\\classes\\mybatis\\tool\\GenTableMapper.xml]\r\n### The error may involve com.ruoyi.project.tool.gen.mapper.GenTableMapper.updateGenTable-Inline\r\n### The error occurred while setting parameters\r\n### SQL: update gen_table          SET table_name = ?,             table_comment = ?,             sub_table_name = ?,             sub_table_fk_name = ?,             class_name = ?,             function_author = ?,             gen_type = ?,             gen_path = ?,             tpl_category = ?,             tpl_web_type = ?,             package_name = ?,             module_name = ?,             business_name = ?,             function_name = ?,             options = ?,                                       update_time = sysdate()          where table_id = ?\r\n### Cause: com.mysql.cj.jdbc.exceptions.MysqlDataTruncation: Data truncation: Data too long for column \'options\' at row 1\n; Data truncation: Data too long for column \'options\' at row 1; nested exception is com.mysql.cj.jdbc.exceptions.MysqlDataTruncation: Data truncation: Data too long for column \'options\' at row 1','2024-08-25 18:30:02',6);
insert  into `sys_oper_log`(`oper_id`,`title`,`business_type`,`method`,`request_method`,`operator_type`,`oper_name`,`dept_name`,`oper_url`,`oper_ip`,`oper_location`,`oper_param`,`json_result`,`status`,`error_msg`,`oper_time`,`cost_time`) values (239,'代码生成',2,'com.ruoyi.project.tool.gen.controller.GenController.editSave()','PUT',1,'admin','研发部门','/tool/gen','127.0.0.1','内网IP','{\"businessName\":\"good\",\"className\":\"Good\",\"columns\":[{\"capJavaField\":\"Id\",\"columnComment\":\"主键\",\"columnId\":41,\"columnName\":\"id\",\"columnType\":\"bigint(20)\",\"createBy\":\"admin\",\"createTime\":\"2024-08-23 17:14:29\",\"dictType\":\"\",\"edit\":false,\"htmlType\":\"input\",\"increment\":true,\"insert\":true,\"isIncrement\":\"1\",\"isInsert\":\"1\",\"isPk\":\"1\",\"isRequired\":\"0\",\"javaField\":\"id\",\"javaType\":\"Long\",\"list\":false,\"params\":{},\"pk\":true,\"query\":false,\"queryType\":\"EQ\",\"required\":false,\"sort\":1,\"superColumn\":false,\"tableId\":4,\"updateBy\":\"\",\"updateTime\":\"2024-08-25 18:29:22\",\"usableColumn\":false},{\"capJavaField\":\"Name\",\"columnComment\":\"商品名称\",\"columnId\":42,\"columnName\":\"name\",\"columnType\":\"varchar(255)\",\"createBy\":\"admin\",\"createTime\":\"2024-08-23 17:14:29\",\"dictType\":\"\",\"edit\":true,\"htmlType\":\"input\",\"increment\":false,\"insert\":true,\"isEdit\":\"1\",\"isIncrement\":\"0\",\"isInsert\":\"1\",\"isList\":\"1\",\"isPk\":\"0\",\"isQuery\":\"1\",\"isRequired\":\"0\",\"javaField\":\"name\",\"javaType\":\"String\",\"list\":true,\"params\":{},\"pk\":false,\"query\":true,\"queryType\":\"LIKE\",\"required\":false,\"sort\":2,\"superColumn\":false,\"tableId\":4,\"updateBy\":\"\",\"updateTime\":\"2024-08-25 18:29:22\",\"usableColumn\":false},{\"capJavaField\":\"Description\",\"columnComment\":\"描述\",\"columnId\":43,\"columnName\":\"description\",\"columnType\":\"varchar(1600)\",\"createBy\":\"admin\",\"createTime\":\"2024-08-23 17:14:29\",\"dictType\":\"\",\"edit\":true,\"htmlType\":\"textarea\",\"increment\":false,\"insert\":true,\"isEdit\":\"1\",\"isIncrement\":\"0\",\"isInsert\":\"1\",\"isList\":\"1\",\"isPk\":\"0\",\"isQuery\":\"1\",\"isRequired\":\"0\",\"javaField\":\"description\",\"javaType\":\"String\",\"list\":true,\"params\":{},\"pk\":false,\"query\":true,\"queryType\":\"EQ\",\"required\":false,\"sort\":3,\"superColumn\":false,\"tableId\":4,\"updateBy\":\"\",\"updateTime\":\"2024-08-25 18:29:22\",\"usableColumn\":false},{\"capJavaField\":\"Discount\",\"columnComment\":\"折扣\",\"columnId\":44,\"columnName\":\"discount\",\"columnType\":\"double(10,2)\",\"createBy\":\"admin\",\"createTime\":\"2024-08-23 17:14:29\",\"dictType\":\"\",\"edit\":true,\"htmlType\":\"input\",\"increment\":false,\"insert\":true,\"isEdit\":','{\"msg\":\"操作成功\",\"code\":200}',0,NULL,'2024-08-25 18:31:15',18);
insert  into `sys_oper_log`(`oper_id`,`title`,`business_type`,`method`,`request_method`,`operator_type`,`oper_name`,`dept_name`,`oper_url`,`oper_ip`,`oper_location`,`oper_param`,`json_result`,`status`,`error_msg`,`oper_time`,`cost_time`) values (240,'代码生成',2,'com.ruoyi.project.tool.gen.controller.GenController.editSave()','PUT',1,'admin','研发部门','/tool/gen','127.0.0.1','内网IP','{\"businessName\":\"good\",\"className\":\"Good\",\"columns\":[{\"capJavaField\":\"Id\",\"columnComment\":\"主键\",\"columnId\":41,\"columnName\":\"id\",\"columnType\":\"bigint(20)\",\"createBy\":\"admin\",\"createTime\":\"2024-08-23 17:14:29\",\"dictType\":\"\",\"edit\":false,\"htmlType\":\"input\",\"increment\":true,\"insert\":true,\"isIncrement\":\"1\",\"isInsert\":\"1\",\"isPk\":\"1\",\"isRequired\":\"0\",\"javaField\":\"id\",\"javaType\":\"Long\",\"list\":false,\"params\":{},\"pk\":true,\"query\":false,\"queryType\":\"EQ\",\"required\":false,\"sort\":1,\"superColumn\":false,\"tableId\":4,\"updateBy\":\"\",\"updateTime\":\"2024-08-25 18:31:15\",\"usableColumn\":false},{\"capJavaField\":\"Name\",\"columnComment\":\"商品名称\",\"columnId\":42,\"columnName\":\"name\",\"columnType\":\"varchar(255)\",\"createBy\":\"admin\",\"createTime\":\"2024-08-23 17:14:29\",\"dictType\":\"\",\"edit\":true,\"htmlType\":\"input\",\"increment\":false,\"insert\":true,\"isEdit\":\"1\",\"isIncrement\":\"0\",\"isInsert\":\"1\",\"isList\":\"1\",\"isPk\":\"0\",\"isQuery\":\"1\",\"isRequired\":\"0\",\"javaField\":\"name\",\"javaType\":\"String\",\"list\":true,\"params\":{},\"pk\":false,\"query\":true,\"queryType\":\"LIKE\",\"required\":false,\"sort\":2,\"superColumn\":false,\"tableId\":4,\"updateBy\":\"\",\"updateTime\":\"2024-08-25 18:31:15\",\"usableColumn\":false},{\"capJavaField\":\"Description\",\"columnComment\":\"描述\",\"columnId\":43,\"columnName\":\"description\",\"columnType\":\"varchar(1600)\",\"createBy\":\"admin\",\"createTime\":\"2024-08-23 17:14:29\",\"dictType\":\"\",\"edit\":true,\"htmlType\":\"textarea\",\"increment\":false,\"insert\":true,\"isEdit\":\"1\",\"isIncrement\":\"0\",\"isInsert\":\"1\",\"isList\":\"1\",\"isPk\":\"0\",\"isQuery\":\"1\",\"isRequired\":\"0\",\"javaField\":\"description\",\"javaType\":\"String\",\"list\":true,\"params\":{},\"pk\":false,\"query\":true,\"queryType\":\"EQ\",\"required\":false,\"sort\":3,\"superColumn\":false,\"tableId\":4,\"updateBy\":\"\",\"updateTime\":\"2024-08-25 18:31:15\",\"usableColumn\":false},{\"capJavaField\":\"Discount\",\"columnComment\":\"折扣\",\"columnId\":44,\"columnName\":\"discount\",\"columnType\":\"double(10,2)\",\"createBy\":\"admin\",\"createTime\":\"2024-08-23 17:14:29\",\"dictType\":\"\",\"edit\":true,\"htmlType\":\"input\",\"increment\":false,\"insert\":true,\"isEdit\":','{\"msg\":\"操作成功\",\"code\":200}',0,NULL,'2024-08-25 19:09:34',47);
insert  into `sys_oper_log`(`oper_id`,`title`,`business_type`,`method`,`request_method`,`operator_type`,`oper_name`,`dept_name`,`oper_url`,`oper_ip`,`oper_location`,`oper_param`,`json_result`,`status`,`error_msg`,`oper_time`,`cost_time`) values (241,'代码生成',2,'com.ruoyi.project.tool.gen.controller.GenController.editSave()','PUT',1,'admin','研发部门','/tool/gen','127.0.0.1','内网IP','{\"businessName\":\"good\",\"className\":\"Good\",\"columns\":[{\"capJavaField\":\"Id\",\"columnComment\":\"主键\",\"columnId\":41,\"columnName\":\"id\",\"columnType\":\"bigint(20)\",\"createBy\":\"admin\",\"createTime\":\"2024-08-23 17:14:29\",\"dictType\":\"\",\"edit\":false,\"htmlType\":\"input\",\"increment\":true,\"insert\":true,\"isIncrement\":\"1\",\"isInsert\":\"1\",\"isPk\":\"1\",\"isRequired\":\"0\",\"javaField\":\"id\",\"javaType\":\"Long\",\"list\":false,\"params\":{},\"pk\":true,\"query\":false,\"queryType\":\"EQ\",\"required\":false,\"sort\":1,\"superColumn\":false,\"tableId\":4,\"updateBy\":\"\",\"updateTime\":\"2024-08-25 19:09:34\",\"usableColumn\":false},{\"capJavaField\":\"Name\",\"columnComment\":\"商品名称\",\"columnId\":42,\"columnName\":\"name\",\"columnType\":\"varchar(255)\",\"createBy\":\"admin\",\"createTime\":\"2024-08-23 17:14:29\",\"dictType\":\"\",\"edit\":true,\"htmlType\":\"input\",\"increment\":false,\"insert\":true,\"isEdit\":\"1\",\"isIncrement\":\"0\",\"isInsert\":\"1\",\"isList\":\"1\",\"isPk\":\"0\",\"isQuery\":\"1\",\"isRequired\":\"0\",\"javaField\":\"name\",\"javaType\":\"String\",\"list\":true,\"params\":{},\"pk\":false,\"query\":true,\"queryType\":\"LIKE\",\"required\":false,\"sort\":2,\"superColumn\":false,\"tableId\":4,\"updateBy\":\"\",\"updateTime\":\"2024-08-25 19:09:34\",\"usableColumn\":false},{\"capJavaField\":\"Description\",\"columnComment\":\"描述\",\"columnId\":43,\"columnName\":\"description\",\"columnType\":\"varchar(1600)\",\"createBy\":\"admin\",\"createTime\":\"2024-08-23 17:14:29\",\"dictType\":\"\",\"edit\":true,\"htmlType\":\"textarea\",\"increment\":false,\"insert\":true,\"isEdit\":\"1\",\"isIncrement\":\"0\",\"isInsert\":\"1\",\"isList\":\"1\",\"isPk\":\"0\",\"isQuery\":\"1\",\"isRequired\":\"0\",\"javaField\":\"description\",\"javaType\":\"String\",\"list\":true,\"params\":{},\"pk\":false,\"query\":true,\"queryType\":\"EQ\",\"required\":false,\"sort\":3,\"superColumn\":false,\"tableId\":4,\"updateBy\":\"\",\"updateTime\":\"2024-08-25 19:09:34\",\"usableColumn\":false},{\"capJavaField\":\"Discount\",\"columnComment\":\"折扣\",\"columnId\":44,\"columnName\":\"discount\",\"columnType\":\"double(10,2)\",\"createBy\":\"admin\",\"createTime\":\"2024-08-23 17:14:29\",\"dictType\":\"\",\"edit\":true,\"htmlType\":\"input\",\"increment\":false,\"insert\":true,\"isEdit\":','{\"msg\":\"操作成功\",\"code\":200}',0,NULL,'2024-08-25 19:09:56',36);
insert  into `sys_oper_log`(`oper_id`,`title`,`business_type`,`method`,`request_method`,`operator_type`,`oper_name`,`dept_name`,`oper_url`,`oper_ip`,`oper_location`,`oper_param`,`json_result`,`status`,`error_msg`,`oper_time`,`cost_time`) values (242,'代码生成',2,'com.ruoyi.project.tool.gen.controller.GenController.editSave()','PUT',1,'admin','研发部门','/tool/gen','127.0.0.1','内网IP','{\"businessName\":\"good\",\"className\":\"Good\",\"columns\":[{\"capJavaField\":\"Id\",\"columnComment\":\"主键\",\"columnId\":41,\"columnName\":\"id\",\"columnType\":\"bigint(20)\",\"createBy\":\"admin\",\"createTime\":\"2024-08-23 17:14:29\",\"dictType\":\"\",\"edit\":false,\"htmlType\":\"input\",\"increment\":true,\"insert\":true,\"isIncrement\":\"1\",\"isInsert\":\"1\",\"isPk\":\"1\",\"isRequired\":\"0\",\"javaField\":\"id\",\"javaType\":\"Long\",\"list\":false,\"params\":{},\"pk\":true,\"query\":false,\"queryType\":\"EQ\",\"required\":false,\"sort\":1,\"superColumn\":false,\"tableId\":4,\"updateBy\":\"\",\"updateTime\":\"2024-08-25 19:09:56\",\"usableColumn\":false},{\"capJavaField\":\"Name\",\"columnComment\":\"商品名称\",\"columnId\":42,\"columnName\":\"name\",\"columnType\":\"varchar(255)\",\"createBy\":\"admin\",\"createTime\":\"2024-08-23 17:14:29\",\"dictType\":\"\",\"edit\":true,\"htmlType\":\"input\",\"increment\":false,\"insert\":true,\"isEdit\":\"1\",\"isIncrement\":\"0\",\"isInsert\":\"1\",\"isList\":\"1\",\"isPk\":\"0\",\"isQuery\":\"1\",\"isRequired\":\"0\",\"javaField\":\"name\",\"javaType\":\"String\",\"list\":true,\"params\":{},\"pk\":false,\"query\":true,\"queryType\":\"LIKE\",\"required\":false,\"sort\":2,\"superColumn\":false,\"tableId\":4,\"updateBy\":\"\",\"updateTime\":\"2024-08-25 19:09:56\",\"usableColumn\":false},{\"capJavaField\":\"Description\",\"columnComment\":\"描述\",\"columnId\":43,\"columnName\":\"description\",\"columnType\":\"varchar(1600)\",\"createBy\":\"admin\",\"createTime\":\"2024-08-23 17:14:29\",\"dictType\":\"\",\"edit\":true,\"htmlType\":\"textarea\",\"increment\":false,\"insert\":true,\"isEdit\":\"1\",\"isIncrement\":\"0\",\"isInsert\":\"1\",\"isList\":\"1\",\"isPk\":\"0\",\"isQuery\":\"1\",\"isRequired\":\"0\",\"javaField\":\"description\",\"javaType\":\"String\",\"list\":true,\"params\":{},\"pk\":false,\"query\":true,\"queryType\":\"EQ\",\"required\":false,\"sort\":3,\"superColumn\":false,\"tableId\":4,\"updateBy\":\"\",\"updateTime\":\"2024-08-25 19:09:56\",\"usableColumn\":false},{\"capJavaField\":\"Discount\",\"columnComment\":\"折扣\",\"columnId\":44,\"columnName\":\"discount\",\"columnType\":\"double(10,2)\",\"createBy\":\"admin\",\"createTime\":\"2024-08-23 17:14:29\",\"dictType\":\"\",\"edit\":true,\"htmlType\":\"input\",\"increment\":false,\"insert\":true,\"isEdit\":','{\"msg\":\"操作成功\",\"code\":200}',0,NULL,'2024-08-25 21:16:24',48);
insert  into `sys_oper_log`(`oper_id`,`title`,`business_type`,`method`,`request_method`,`operator_type`,`oper_name`,`dept_name`,`oper_url`,`oper_ip`,`oper_location`,`oper_param`,`json_result`,`status`,`error_msg`,`oper_time`,`cost_time`) values (243,'代码生成',2,'com.ruoyi.project.tool.gen.controller.GenController.editSave()','PUT',1,'admin','研发部门','/tool/gen','127.0.0.1','内网IP','{\"businessName\":\"good\",\"className\":\"Good\",\"columns\":[{\"capJavaField\":\"Id\",\"columnComment\":\"主键\",\"columnId\":41,\"columnName\":\"id\",\"columnType\":\"bigint(20)\",\"createBy\":\"admin\",\"createTime\":\"2024-08-23 17:14:29\",\"dictType\":\"\",\"edit\":false,\"htmlType\":\"input\",\"increment\":true,\"insert\":true,\"isIncrement\":\"1\",\"isInsert\":\"1\",\"isPk\":\"1\",\"isRequired\":\"0\",\"javaField\":\"id\",\"javaType\":\"Long\",\"list\":false,\"params\":{},\"pk\":true,\"query\":false,\"queryType\":\"EQ\",\"required\":false,\"sort\":1,\"superColumn\":false,\"tableId\":4,\"updateBy\":\"\",\"updateTime\":\"2024-08-25 21:16:24\",\"usableColumn\":false},{\"capJavaField\":\"Name\",\"columnComment\":\"商品名称\",\"columnId\":42,\"columnName\":\"name\",\"columnType\":\"varchar(255)\",\"createBy\":\"admin\",\"createTime\":\"2024-08-23 17:14:29\",\"dictType\":\"\",\"edit\":true,\"htmlType\":\"input\",\"increment\":false,\"insert\":true,\"isEdit\":\"1\",\"isIncrement\":\"0\",\"isInsert\":\"1\",\"isList\":\"1\",\"isPk\":\"0\",\"isQuery\":\"1\",\"isRequired\":\"0\",\"javaField\":\"name\",\"javaType\":\"String\",\"list\":true,\"params\":{},\"pk\":false,\"query\":true,\"queryType\":\"LIKE\",\"required\":false,\"sort\":2,\"superColumn\":false,\"tableId\":4,\"updateBy\":\"\",\"updateTime\":\"2024-08-25 21:16:24\",\"usableColumn\":false},{\"capJavaField\":\"Description\",\"columnComment\":\"描述\",\"columnId\":43,\"columnName\":\"description\",\"columnType\":\"varchar(1600)\",\"createBy\":\"admin\",\"createTime\":\"2024-08-23 17:14:29\",\"dictType\":\"\",\"edit\":true,\"htmlType\":\"textarea\",\"increment\":false,\"insert\":true,\"isEdit\":\"1\",\"isIncrement\":\"0\",\"isInsert\":\"1\",\"isList\":\"1\",\"isPk\":\"0\",\"isQuery\":\"1\",\"isRequired\":\"0\",\"javaField\":\"description\",\"javaType\":\"String\",\"list\":true,\"params\":{},\"pk\":false,\"query\":true,\"queryType\":\"EQ\",\"required\":false,\"sort\":3,\"superColumn\":false,\"tableId\":4,\"updateBy\":\"\",\"updateTime\":\"2024-08-25 21:16:24\",\"usableColumn\":false},{\"capJavaField\":\"Discount\",\"columnComment\":\"折扣\",\"columnId\":44,\"columnName\":\"discount\",\"columnType\":\"double(10,2)\",\"createBy\":\"admin\",\"createTime\":\"2024-08-23 17:14:29\",\"dictType\":\"\",\"edit\":true,\"htmlType\":\"input\",\"increment\":false,\"insert\":true,\"isEdit\":','{\"msg\":\"操作成功\",\"code\":200}',0,NULL,'2024-08-25 21:17:37',28);
insert  into `sys_oper_log`(`oper_id`,`title`,`business_type`,`method`,`request_method`,`operator_type`,`oper_name`,`dept_name`,`oper_url`,`oper_ip`,`oper_location`,`oper_param`,`json_result`,`status`,`error_msg`,`oper_time`,`cost_time`) values (244,'代码生成',2,'com.ruoyi.project.tool.gen.controller.GenController.editSave()','PUT',1,'admin','研发部门','/tool/gen','127.0.0.1','内网IP','{\"businessName\":\"good\",\"className\":\"Good\",\"columns\":[{\"capJavaField\":\"Id\",\"columnComment\":\"主键\",\"columnId\":41,\"columnName\":\"id\",\"columnType\":\"bigint(20)\",\"createBy\":\"admin\",\"createTime\":\"2024-08-23 17:14:29\",\"dictType\":\"\",\"edit\":false,\"htmlType\":\"input\",\"increment\":true,\"insert\":true,\"isIncrement\":\"1\",\"isInsert\":\"1\",\"isPk\":\"1\",\"isRequired\":\"0\",\"javaField\":\"id\",\"javaType\":\"Long\",\"list\":false,\"params\":{},\"pk\":true,\"query\":false,\"queryType\":\"EQ\",\"required\":false,\"sort\":1,\"superColumn\":false,\"tableId\":4,\"updateBy\":\"\",\"updateTime\":\"2024-08-25 21:17:37\",\"usableColumn\":false},{\"capJavaField\":\"Name\",\"columnComment\":\"商品名称\",\"columnId\":42,\"columnName\":\"name\",\"columnType\":\"varchar(255)\",\"createBy\":\"admin\",\"createTime\":\"2024-08-23 17:14:29\",\"dictType\":\"\",\"edit\":true,\"htmlType\":\"input\",\"increment\":false,\"insert\":true,\"isEdit\":\"1\",\"isIncrement\":\"0\",\"isInsert\":\"1\",\"isList\":\"1\",\"isPk\":\"0\",\"isQuery\":\"1\",\"isRequired\":\"0\",\"javaField\":\"name\",\"javaType\":\"String\",\"list\":true,\"params\":{},\"pk\":false,\"query\":true,\"queryType\":\"LIKE\",\"required\":false,\"sort\":2,\"superColumn\":false,\"tableId\":4,\"updateBy\":\"\",\"updateTime\":\"2024-08-25 21:17:37\",\"usableColumn\":false},{\"capJavaField\":\"Description\",\"columnComment\":\"描述\",\"columnId\":43,\"columnName\":\"description\",\"columnType\":\"varchar(1600)\",\"createBy\":\"admin\",\"createTime\":\"2024-08-23 17:14:29\",\"dictType\":\"\",\"edit\":true,\"htmlType\":\"textarea\",\"increment\":false,\"insert\":true,\"isEdit\":\"1\",\"isIncrement\":\"0\",\"isInsert\":\"1\",\"isList\":\"1\",\"isPk\":\"0\",\"isQuery\":\"1\",\"isRequired\":\"0\",\"javaField\":\"description\",\"javaType\":\"String\",\"list\":true,\"params\":{},\"pk\":false,\"query\":true,\"queryType\":\"EQ\",\"required\":false,\"sort\":3,\"superColumn\":false,\"tableId\":4,\"updateBy\":\"\",\"updateTime\":\"2024-08-25 21:17:37\",\"usableColumn\":false},{\"capJavaField\":\"Discount\",\"columnComment\":\"折扣\",\"columnId\":44,\"columnName\":\"discount\",\"columnType\":\"double(10,2)\",\"createBy\":\"admin\",\"createTime\":\"2024-08-23 17:14:29\",\"dictType\":\"\",\"edit\":true,\"htmlType\":\"input\",\"increment\":false,\"insert\":true,\"isEdit\":','{\"msg\":\"操作成功\",\"code\":200}',0,NULL,'2024-08-25 21:22:07',36);
insert  into `sys_oper_log`(`oper_id`,`title`,`business_type`,`method`,`request_method`,`operator_type`,`oper_name`,`dept_name`,`oper_url`,`oper_ip`,`oper_location`,`oper_param`,`json_result`,`status`,`error_msg`,`oper_time`,`cost_time`) values (245,'代码生成',8,'com.ruoyi.project.tool.gen.controller.GenController.batchGenCode()','GET',1,'admin','研发部门','/tool/gen/batchGenCode','127.0.0.1','内网IP','{\"tables\":\"good\"}',NULL,0,NULL,'2024-08-26 16:53:27',38);

/*Table structure for table `sys_post` */

DROP TABLE IF EXISTS `sys_post`;

CREATE TABLE `sys_post` (
  `post_id` bigint(20) NOT NULL AUTO_INCREMENT COMMENT '岗位ID',
  `post_code` varchar(64) NOT NULL COMMENT '岗位编码',
  `post_name` varchar(50) NOT NULL COMMENT '岗位名称',
  `post_sort` int(4) NOT NULL COMMENT '显示顺序',
  `status` char(1) NOT NULL COMMENT '状态（0正常 1停用）',
  `create_by` varchar(64) DEFAULT '' COMMENT '创建者',
  `create_time` datetime DEFAULT NULL COMMENT '创建时间',
  `update_by` varchar(64) DEFAULT '' COMMENT '更新者',
  `update_time` datetime DEFAULT NULL COMMENT '更新时间',
  `remark` varchar(500) DEFAULT NULL COMMENT '备注',
  PRIMARY KEY (`post_id`)
) ENGINE=InnoDB AUTO_INCREMENT=5 DEFAULT CHARSET=utf8 COMMENT='岗位信息表';

/*Data for the table `sys_post` */

insert  into `sys_post`(`post_id`,`post_code`,`post_name`,`post_sort`,`status`,`create_by`,`create_time`,`update_by`,`update_time`,`remark`) values (1,'ceo','董事长',1,'0','admin','2024-06-16 15:22:25','',NULL,'');
insert  into `sys_post`(`post_id`,`post_code`,`post_name`,`post_sort`,`status`,`create_by`,`create_time`,`update_by`,`update_time`,`remark`) values (2,'se','项目经理',2,'0','admin','2024-06-16 15:22:25','',NULL,'');
insert  into `sys_post`(`post_id`,`post_code`,`post_name`,`post_sort`,`status`,`create_by`,`create_time`,`update_by`,`update_time`,`remark`) values (3,'hr','人力资源',3,'0','admin','2024-06-16 15:22:25','',NULL,'');
insert  into `sys_post`(`post_id`,`post_code`,`post_name`,`post_sort`,`status`,`create_by`,`create_time`,`update_by`,`update_time`,`remark`) values (4,'user','普通员工',4,'0','admin','2024-06-16 15:22:25','',NULL,'');

/*Table structure for table `sys_role` */

DROP TABLE IF EXISTS `sys_role`;

CREATE TABLE `sys_role` (
  `role_id` bigint(20) NOT NULL AUTO_INCREMENT COMMENT '角色ID',
  `role_name` varchar(30) NOT NULL COMMENT '角色名称',
  `role_key` varchar(100) NOT NULL COMMENT '角色权限字符串',
  `role_sort` int(4) NOT NULL COMMENT '显示顺序',
  `data_scope` char(1) DEFAULT '1' COMMENT '数据范围（1：全部数据权限 2：自定数据权限 3：本部门数据权限 4：本部门及以下数据权限）',
  `menu_check_strictly` tinyint(1) DEFAULT '1' COMMENT '菜单树选择项是否关联显示',
  `dept_check_strictly` tinyint(1) DEFAULT '1' COMMENT '部门树选择项是否关联显示',
  `status` char(1) NOT NULL COMMENT '角色状态（0正常 1停用）',
  `del_flag` char(1) DEFAULT '0' COMMENT '删除标志（0代表存在 2代表删除）',
  `create_by` varchar(64) DEFAULT '' COMMENT '创建者',
  `create_time` datetime DEFAULT NULL COMMENT '创建时间',
  `update_by` varchar(64) DEFAULT '' COMMENT '更新者',
  `update_time` datetime DEFAULT NULL COMMENT '更新时间',
  `remark` varchar(500) DEFAULT NULL COMMENT '备注',
  PRIMARY KEY (`role_id`)
) ENGINE=InnoDB AUTO_INCREMENT=3 DEFAULT CHARSET=utf8 COMMENT='角色信息表';

/*Data for the table `sys_role` */

insert  into `sys_role`(`role_id`,`role_name`,`role_key`,`role_sort`,`data_scope`,`menu_check_strictly`,`dept_check_strictly`,`status`,`del_flag`,`create_by`,`create_time`,`update_by`,`update_time`,`remark`) values (1,'超级管理员','admin',1,'1',1,1,'0','0','admin','2024-06-16 15:22:25','',NULL,'超级管理员');
insert  into `sys_role`(`role_id`,`role_name`,`role_key`,`role_sort`,`data_scope`,`menu_check_strictly`,`dept_check_strictly`,`status`,`del_flag`,`create_by`,`create_time`,`update_by`,`update_time`,`remark`) values (2,'普通角色','common',2,'2',1,1,'0','0','admin','2024-06-16 15:22:25','admin','2024-08-12 14:48:39','普通角色');

/*Table structure for table `sys_role_dept` */

DROP TABLE IF EXISTS `sys_role_dept`;

CREATE TABLE `sys_role_dept` (
  `role_id` bigint(20) NOT NULL COMMENT '角色ID',
  `dept_id` bigint(20) NOT NULL COMMENT '部门ID',
  PRIMARY KEY (`role_id`,`dept_id`)
) ENGINE=InnoDB DEFAULT CHARSET=utf8 COMMENT='角色和部门关联表';

/*Data for the table `sys_role_dept` */

insert  into `sys_role_dept`(`role_id`,`dept_id`) values (2,100);
insert  into `sys_role_dept`(`role_id`,`dept_id`) values (2,101);
insert  into `sys_role_dept`(`role_id`,`dept_id`) values (2,105);

/*Table structure for table `sys_role_menu` */

DROP TABLE IF EXISTS `sys_role_menu`;

CREATE TABLE `sys_role_menu` (
  `role_id` bigint(20) NOT NULL COMMENT '角色ID',
  `menu_id` bigint(20) NOT NULL COMMENT '菜单ID',
  PRIMARY KEY (`role_id`,`menu_id`)
) ENGINE=InnoDB DEFAULT CHARSET=utf8 COMMENT='角色和菜单关联表';

/*Data for the table `sys_role_menu` */

/*Table structure for table `sys_user` */

DROP TABLE IF EXISTS `sys_user`;

CREATE TABLE `sys_user` (
  `user_id` bigint(20) NOT NULL AUTO_INCREMENT COMMENT '用户ID',
  `dept_id` bigint(20) DEFAULT NULL COMMENT '部门ID',
  `user_name` varchar(30) NOT NULL COMMENT '用户账号',
  `nick_name` varchar(30) NOT NULL COMMENT '用户昵称',
  `user_type` varchar(2) DEFAULT '00' COMMENT '用户类型（00系统用户）',
  `email` varchar(50) DEFAULT '' COMMENT '用户邮箱',
  `phonenumber` varchar(11) DEFAULT '' COMMENT '手机号码',
  `sex` char(1) DEFAULT '0' COMMENT '用户性别（0男 1女 2未知）',
  `avatar` varchar(100) DEFAULT '' COMMENT '头像地址',
  `password` varchar(100) DEFAULT '' COMMENT '密码',
  `status` char(1) DEFAULT '0' COMMENT '帐号状态（0正常 1停用）',
  `del_flag` char(1) DEFAULT '0' COMMENT '删除标志（0代表存在 2代表删除）',
  `login_ip` varchar(128) DEFAULT '' COMMENT '最后登录IP',
  `login_date` datetime DEFAULT NULL COMMENT '最后登录时间',
  `create_by` varchar(64) DEFAULT '' COMMENT '创建者',
  `create_time` datetime DEFAULT NULL COMMENT '创建时间',
  `update_by` varchar(64) DEFAULT '' COMMENT '更新者',
  `update_time` datetime DEFAULT NULL COMMENT '更新时间',
  `remark` varchar(500) DEFAULT NULL COMMENT '备注',
  PRIMARY KEY (`user_id`)
) ENGINE=InnoDB AUTO_INCREMENT=3 DEFAULT CHARSET=utf8 COMMENT='用户信息表';

/*Data for the table `sys_user` */

insert  into `sys_user`(`user_id`,`dept_id`,`user_name`,`nick_name`,`user_type`,`email`,`phonenumber`,`sex`,`avatar`,`password`,`status`,`del_flag`,`login_ip`,`login_date`,`create_by`,`create_time`,`update_by`,`update_time`,`remark`) values (1,103,'admin','若依','00','ry@163.com','15888888888','1','/profile/avatar/2024/08/23/logo_20240823163528A001.png','$2a$10$7JB720yubVSZvUI0rEqK/.VqGOZTH.ulu33dHOiBE8ByOhJIrdAu2','0','0','127.0.0.1','2024-08-26 17:26:02','admin','2024-06-16 15:22:25','','2024-08-26 17:26:02','管理员');
insert  into `sys_user`(`user_id`,`dept_id`,`user_name`,`nick_name`,`user_type`,`email`,`phonenumber`,`sex`,`avatar`,`password`,`status`,`del_flag`,`login_ip`,`login_date`,`create_by`,`create_time`,`update_by`,`update_time`,`remark`) values (2,105,'ry','若依','00','ry@qq.com','15666666666','1','','$2a$10$7JB720yubVSZvUI0rEqK/.VqGOZTH.ulu33dHOiBE8ByOhJIrdAu2','0','0','127.0.0.1','2024-06-16 15:22:25','admin','2024-06-16 15:22:25','',NULL,'测试员');

/*Table structure for table `sys_user_post` */

DROP TABLE IF EXISTS `sys_user_post`;

CREATE TABLE `sys_user_post` (
  `user_id` bigint(20) NOT NULL COMMENT '用户ID',
  `post_id` bigint(20) NOT NULL COMMENT '岗位ID',
  PRIMARY KEY (`user_id`,`post_id`)
) ENGINE=InnoDB DEFAULT CHARSET=utf8 COMMENT='用户与岗位关联表';

/*Data for the table `sys_user_post` */

insert  into `sys_user_post`(`user_id`,`post_id`) values (1,1);
insert  into `sys_user_post`(`user_id`,`post_id`) values (2,2);

/*Table structure for table `sys_user_role` */

DROP TABLE IF EXISTS `sys_user_role`;

CREATE TABLE `sys_user_role` (
  `user_id` bigint(20) NOT NULL COMMENT '用户ID',
  `role_id` bigint(20) NOT NULL COMMENT '角色ID',
  PRIMARY KEY (`user_id`,`role_id`)
) ENGINE=InnoDB DEFAULT CHARSET=utf8 COMMENT='用户和角色关联表';

/*Data for the table `sys_user_role` */

insert  into `sys_user_role`(`user_id`,`role_id`) values (1,1);
insert  into `sys_user_role`(`user_id`,`role_id`) values (2,2);

/*!40101 SET SQL_MODE=@OLD_SQL_MODE */;
/*!40014 SET FOREIGN_KEY_CHECKS=@OLD_FOREIGN_KEY_CHECKS */;
/*!40014 SET UNIQUE_CHECKS=@OLD_UNIQUE_CHECKS */;
/*!40111 SET SQL_NOTES=@OLD_SQL_NOTES */;
